order_id,customer_id,order_date,status,payment_method
1,898,2025-04-30,delivered,UPI
2,529,2024-10-09,delivered,UPI
3,867,2024-02-17,delivered,COD
4,1133,2023-12-12,delivered,UPI
5,1133,2024-01-18,delivered,UPI
6,444,2023-04-07,delivered,COD
7,173,2024-01-20,delivered,UPI
8,1081,2025-01-14,delivered,Card
9,159,2025-09-16,delivered,UPI
10,985,2023-08-11,delivered,UPI
11,921,2023-12-14,delivered,UPI
12,173,2024-07-28,delivered,COD
13,325,2024-10-04,delivered,UPI
14,1186,2025-08-24,delivered,Card
15,857,2023-09-27,delivered,COD
16,1186,2025-01-03,delivered,UPI
17,4,2023-06-12,cancelled,UPI
18,343,2025-04-08,delivered,COD
19,729,2025-03-24,delivered,NetBanking
20,1191,2025-01-26,delivered,UPI
21,634,2024-10-15,delivered,COD
22,916,2025-03-21,delivered,UPI
23,1094,2024-07-06,delivered,UPI
24,1040,2023-07-20,delivered,UPI
25,181,2024-11-05,delivered,NetBanking
26,977,2024-07-05,delivered,COD
27,957,2024-06-12,delivered,UPI
28,451,2024-12-05,delivered,Card
29,645,2024-07-27,delivered,COD
30,209,2024-08-04,delivered,COD
31,658,2025-10-11,cancelled,Card
32,226,2025-11-07,delivered,UPI
33,580,2024-06-04,delivered,NetBanking
34,153,2024-08-10,cancelled,UPI
35,109,2023-08-24,delivered,COD
36,529,2025-12-25,returned,UPI
37,1191,2025-02-14,delivered,UPI
38,334,2024-10-30,delivered,Card
39,474,2024-03-10,delivered,Card
40,2,2025-03-27,delivered,UPI
41,67,2023-12-19,cancelled,UPI
42,114,2024-04-05,delivered,Card
43,23,2025-06-25,delivered,UPI
44,1143,2024-08-05,cancelled,UPI
45,818,2024-05-07,delivered,UPI
46,422,2023-08-21,delivered,UPI
47,321,2024-07-20,delivered,Card
48,81,2025-11-16,delivered,UPI
49,219,2024-07-05,delivered,UPI
50,791,2023-10-09,delivered,COD
51,1191,2025-08-04,delivered,Card
52,194,2023-08-02,shipped,COD
53,1000,2025-02-12,shipped,UPI
54,718,2024-11-06,delivered,Card
55,1164,2024-08-21,delivered,Card
56,451,2024-09-23,delivered,UPI
57,599,2024-11-17,cancelled,Card
58,1094,2023-11-02,delivered,UPI
59,1045,2024-12-27,shipped,Card
60,1192,2024-01-30,delivered,COD
61,1186,2025-05-06,delivered,Card
62,1191,2025-07-22,delivered,COD
63,145,2024-08-17,delivered,Card
64,937,2024-12-23,delivered,NetBanking
65,566,2024-07-18,delivered,UPI
66,558,2024-09-14,delivered,UPI
67,91,2024-11-08,delivered,UPI
68,81,2025-10-01,returned,UPI
69,157,2024-09-24,shipped,UPI
70,868,2025-11-04,returned,UPI
71,866,2025-04-23,delivered,COD
72,67,2024-06-05,shipped,Card
73,678,2024-01-18,delivered,Card
74,1134,2023-10-20,delivered,UPI
75,409,2024-09-25,returned,Card
76,1191,2025-08-10,delivered,COD
77,624,2023-12-16,delivered,UPI
78,237,2024-10-17,delivered,UPI
79,34,2025-08-14,delivered,UPI
80,173,2024-09-28,delivered,NetBanking
81,675,2025-09-06,delivered,UPI
82,112,2024-06-12,delivered,Card
83,59,2025-07-05,delivered,UPI
84,1191,2024-12-18,delivered,Card
85,704,2024-05-05,delivered,COD
86,963,2023-11-19,cancelled,Card
87,144,2023-10-29,delivered,UPI
88,535,2024-02-13,delivered,UPI
89,48,2024-12-06,delivered,Card
90,779,2025-07-13,returned,UPI
91,53,2023-05-02,delivered,UPI
92,584,2024-03-29,delivered,COD
93,721,2024-07-24,delivered,UPI
94,173,2025-03-31,delivered,NetBanking
95,1191,2024-09-20,delivered,Card
96,1109,2025-07-19,delivered,UPI
97,538,2024-09-17,cancelled,UPI
98,32,2025-06-26,delivered,UPI
99,1010,2025-04-09,delivered,COD
100,1191,2025-04-05,delivered,Card
101,298,2024-12-27,delivered,Card
102,321,2025-01-06,delivered,UPI
103,184,2025-09-13,delivered,Card
104,392,2025-03-05,delivered,NetBanking
105,830,2024-10-25,delivered,COD
106,738,2025-08-09,delivered,Card
107,1039,2024-09-07,delivered,Card
108,717,2025-05-20,delivered,NetBanking
109,367,2025-09-06,delivered,NetBanking
110,64,2024-04-21,delivered,UPI
111,1191,2024-08-30,delivered,UPI
112,679,2025-11-23,delivered,UPI
113,577,2024-01-07,delivered,Card
114,600,2024-04-15,cancelled,NetBanking
115,844,2025-01-27,delivered,Card
116,1197,2025-01-18,delivered,UPI
117,28,2023-12-20,shipped,COD
118,104,2025-01-04,delivered,COD
119,660,2025-03-12,delivered,Card
120,675,2024-12-30,delivered,NetBanking
121,596,2024-01-15,delivered,Card
122,605,2025-07-20,delivered,NetBanking
123,462,2024-02-09,delivered,UPI
124,425,2023-12-27,delivered,Card
125,560,2023-07-29,delivered,COD
126,456,2024-11-19,cancelled,COD
127,1191,2024-09-03,delivered,NetBanking
128,1191,2025-09-25,shipped,Card
129,304,2025-10-06,delivered,Card
130,166,2023-06-21,delivered,Card
131,267,2024-05-21,delivered,UPI
132,1098,2024-03-26,delivered,COD
133,451,2024-03-16,cancelled,UPI
134,1191,2024-10-23,delivered,UPI
135,680,2024-01-27,delivered,Card
136,532,2025-02-27,shipped,Card
137,1097,2024-10-13,delivered,Card
138,631,2024-08-07,delivered,UPI
139,95,2025-10-19,delivered,UPI
140,287,2025-09-30,delivered,UPI
141,61,2024-11-19,delivered,COD
142,792,2024-12-17,delivered,Card
143,736,2024-09-10,delivered,UPI
144,650,2024-04-21,delivered,NetBanking
145,1191,2025-07-24,delivered,Card
146,680,2023-10-06,delivered,Card
147,1186,2024-09-01,delivered,UPI
148,1191,2025-01-02,delivered,UPI
149,827,2025-05-27,delivered,Card
150,280,2023-10-12,delivered,Card
151,309,2025-03-26,delivered,UPI
152,1191,2025-09-29,delivered,UPI
153,1039,2024-03-13,delivered,COD
154,1056,2024-09-18,delivered,COD
155,474,2024-04-20,delivered,UPI
156,443,2025-06-21,delivered,Card
157,1191,2025-02-12,delivered,UPI
158,451,2023-08-19,delivered,UPI
159,113,2024-08-21,delivered,Card
160,74,2024-06-18,delivered,UPI
161,559,2024-05-25,delivered,Card
162,1186,2024-11-21,delivered,UPI
163,102,2025-06-30,delivered,COD
164,926,2024-05-29,delivered,UPI
165,651,2025-02-27,cancelled,UPI
166,1191,2025-11-05,delivered,UPI
167,444,2023-03-20,shipped,NetBanking
168,177,2024-01-03,delivered,UPI
169,794,2024-03-10,delivered,NetBanking
170,1029,2024-08-27,delivered,COD
171,367,2025-06-22,delivered,Card
172,693,2025-08-19,delivered,NetBanking
173,87,2025-01-29,delivered,Card
174,763,2023-07-28,delivered,COD
175,288,2025-01-23,delivered,NetBanking
176,304,2025-04-15,delivered,UPI
177,1191,2024-11-01,delivered,UPI
178,990,2023-11-27,delivered,UPI
179,433,2024-07-23,delivered,UPI
180,31,2024-04-17,delivered,UPI
181,776,2025-04-05,delivered,Card
182,541,2025-07-27,delivered,Card
183,897,2024-07-27,delivered,NetBanking
184,509,2024-12-03,cancelled,Card
185,389,2024-04-13,delivered,Card
186,474,2025-03-30,delivered,UPI
187,1094,2024-10-13,delivered,Card
188,27,2024-06-06,returned,UPI
189,390,2024-12-03,cancelled,Card
190,1186,2024-11-29,delivered,UPI
191,1166,2025-08-19,delivered,UPI
192,235,2024-11-16,delivered,UPI
193,634,2025-03-03,delivered,UPI
194,514,2025-12-04,delivered,COD
195,472,2024-12-27,delivered,UPI
196,797,2025-02-22,cancelled,UPI
197,38,2023-12-02,delivered,COD
198,324,2025-01-25,delivered,UPI
199,187,2023-06-11,returned,Card
200,272,2025-09-12,delivered,UPI
201,173,2024-08-20,delivered,UPI
202,1016,2024-12-28,delivered,UPI
203,541,2025-07-29,cancelled,NetBanking
204,173,2025-05-22,delivered,COD
205,794,2024-09-05,cancelled,UPI
206,1191,2025-03-31,delivered,UPI
207,1191,2025-11-10,delivered,UPI
208,514,2025-05-26,delivered,UPI
209,1131,2024-02-01,delivered,COD
210,451,2024-04-20,delivered,Card
211,31,2024-08-19,delivered,UPI
212,323,2024-04-26,delivered,Card
213,304,2025-03-05,delivered,UPI
214,426,2025-01-15,shipped,UPI
215,713,2025-11-01,delivered,COD
216,1191,2025-10-03,delivered,UPI
217,601,2025-11-30,delivered,UPI
218,681,2023-12-15,cancelled,UPI
219,377,2023-07-11,delivered,UPI
220,832,2024-04-19,delivered,UPI
221,725,2025-07-17,delivered,COD
222,772,2023-10-27,delivered,UPI
223,860,2024-09-19,returned,COD
224,12,2025-10-29,delivered,UPI
225,93,2024-01-03,delivered,UPI
226,721,2024-06-24,delivered,UPI
227,1191,2025-04-01,delivered,COD
228,122,2025-03-27,delivered,COD
229,237,2025-12-25,delivered,UPI
230,711,2025-04-25,delivered,UPI
231,724,2025-01-20,delivered,Card
232,2,2025-02-27,delivered,COD
233,530,2024-08-03,delivered,NetBanking
234,1191,2025-03-11,delivered,UPI
235,1040,2023-09-04,delivered,Card
236,972,2023-07-31,delivered,UPI
237,183,2024-08-19,delivered,UPI
238,465,2023-05-10,delivered,NetBanking
239,597,2025-02-03,delivered,Card
240,391,2025-07-29,delivered,Card
241,636,2025-10-05,delivered,UPI
242,157,2023-11-28,delivered,UPI
243,1134,2025-06-02,delivered,Card
244,1192,2025-04-04,delivered,UPI
245,408,2023-05-18,delivered,NetBanking
246,68,2024-09-08,delivered,Card
247,1163,2025-03-25,delivered,COD
248,882,2025-02-24,delivered,UPI
249,1097,2024-03-17,delivered,UPI
250,581,2023-09-01,shipped,UPI
251,784,2024-06-12,delivered,UPI
252,453,2025-08-15,delivered,UPI
253,262,2023-09-28,delivered,UPI
254,1167,2024-09-24,cancelled,Card
255,460,2024-10-15,delivered,UPI
256,1018,2025-07-11,delivered,COD
257,723,2023-05-23,delivered,Card
258,261,2024-05-05,cancelled,Card
259,31,2025-06-15,cancelled,NetBanking
260,87,2024-05-26,delivered,NetBanking
261,684,2025-03-11,delivered,COD
262,577,2023-10-30,delivered,COD
263,1191,2025-02-20,delivered,Card
264,334,2024-04-05,delivered,NetBanking
265,489,2023-08-16,delivered,UPI
266,894,2024-05-28,delivered,COD
267,178,2023-03-23,delivered,UPI
268,306,2025-10-02,cancelled,NetBanking
269,241,2024-06-19,delivered,Card
270,1176,2025-05-29,shipped,Card
271,323,2024-03-20,delivered,Card
272,727,2025-01-20,delivered,Card
273,309,2023-11-03,delivered,COD
274,1017,2024-04-17,delivered,COD
275,411,2024-08-17,delivered,Card
276,1003,2024-01-20,delivered,Card
277,817,2024-02-22,delivered,UPI
278,343,2024-08-14,delivered,UPI
279,875,2024-08-24,delivered,Card
280,1087,2025-10-28,delivered,Card
281,188,2025-05-31,delivered,NetBanking
282,134,2025-07-12,cancelled,UPI
283,4,2024-03-13,shipped,UPI
284,777,2023-08-16,delivered,Card
285,857,2024-10-04,delivered,Card
286,1191,2024-08-22,delivered,COD
287,992,2024-05-30,delivered,Card
288,129,2024-08-06,delivered,UPI
289,1034,2024-12-13,delivered,UPI
290,1191,2025-11-27,delivered,UPI
291,1149,2023-11-07,delivered,NetBanking
292,983,2024-11-23,delivered,UPI
293,1047,2025-03-20,delivered,NetBanking
294,264,2025-11-11,delivered,NetBanking
295,412,2024-04-13,delivered,UPI
296,699,2024-08-09,delivered,COD
297,974,2025-07-14,delivered,Card
298,1191,2025-03-01,delivered,UPI
299,323,2023-08-28,delivered,NetBanking
300,1020,2025-07-04,delivered,UPI
301,1132,2025-04-05,delivered,Card
302,112,2024-09-04,shipped,COD
303,288,2024-11-02,delivered,UPI
304,855,2025-07-06,delivered,NetBanking
305,836,2024-02-20,cancelled,Card
306,1059,2024-06-06,delivered,UPI
307,348,2024-09-11,delivered,COD
308,1191,2025-06-20,delivered,COD
309,94,2025-06-21,delivered,UPI
310,1178,2023-09-12,shipped,UPI
311,537,2024-06-14,delivered,UPI
312,772,2025-03-01,delivered,NetBanking
313,614,2024-08-27,delivered,UPI
314,1191,2025-01-21,delivered,UPI
315,152,2025-01-05,delivered,Card
316,173,2025-06-13,delivered,NetBanking
317,1097,2024-10-28,delivered,COD
318,726,2025-05-12,delivered,COD
319,343,2025-05-22,delivered,UPI
320,797,2024-08-26,delivered,Card
321,173,2024-04-16,delivered,UPI
322,98,2024-04-08,cancelled,COD
323,877,2024-09-11,delivered,UPI
324,1040,2024-01-25,delivered,UPI
325,831,2024-04-23,delivered,UPI
326,1165,2024-06-07,delivered,COD
327,1124,2023-12-16,delivered,COD
328,413,2025-01-29,delivered,UPI
329,631,2025-06-13,delivered,COD
330,1166,2025-04-28,delivered,Card
331,514,2025-10-08,delivered,UPI
332,977,2023-12-29,delivered,UPI
333,150,2025-04-02,delivered,COD
334,410,2024-05-06,returned,UPI
335,1009,2024-01-28,delivered,Card
336,159,2024-09-26,delivered,UPI
337,1167,2025-05-22,delivered,UPI
338,197,2024-03-09,delivered,UPI
339,739,2024-12-22,delivered,Card
340,1083,2023-11-05,delivered,NetBanking
341,490,2025-07-31,delivered,COD
342,500,2023-12-02,delivered,UPI
343,533,2024-10-10,delivered,UPI
344,173,2025-06-18,delivered,UPI
345,884,2025-06-11,delivered,Card
346,91,2024-04-04,delivered,Card
347,841,2025-12-02,delivered,Card
348,936,2024-12-20,delivered,Card
349,1191,2024-12-17,delivered,COD
350,323,2024-11-01,delivered,Card
351,425,2024-11-28,delivered,UPI
352,309,2024-11-27,delivered,UPI
353,151,2023-08-01,delivered,COD
354,173,2024-12-18,delivered,UPI
355,1016,2025-04-13,delivered,COD
356,330,2023-11-01,delivered,COD
357,483,2024-08-05,delivered,COD
358,974,2025-10-10,cancelled,UPI
359,466,2025-01-08,delivered,UPI
360,961,2024-04-30,delivered,Card
361,1186,2024-07-27,delivered,UPI
362,921,2024-10-30,delivered,COD
363,527,2024-12-02,delivered,UPI
364,343,2024-07-02,delivered,UPI
365,1140,2024-05-04,delivered,Card
366,651,2025-03-19,delivered,UPI
367,348,2023-11-11,delivered,UPI
368,784,2024-03-20,delivered,Card
369,1191,2025-10-22,delivered,Card
370,1137,2024-03-31,delivered,UPI
371,523,2024-01-28,delivered,Card
372,65,2024-05-24,delivered,Card
373,932,2024-02-08,delivered,COD
374,1191,2024-09-12,delivered,UPI
375,1171,2025-02-11,delivered,NetBanking
376,1191,2025-04-30,delivered,UPI
377,925,2025-04-28,delivered,UPI
378,752,2024-04-26,delivered,Card
379,267,2024-12-27,delivered,UPI
380,1191,2025-10-10,shipped,UPI
381,540,2023-07-15,shipped,Card
382,451,2024-04-26,cancelled,UPI
383,1191,2024-10-03,delivered,Card
384,669,2025-01-04,delivered,COD
385,1191,2025-10-25,delivered,Card
386,1191,2025-02-27,delivered,COD
387,1191,2025-04-04,delivered,COD
388,618,2023-10-03,delivered,COD
389,514,2024-05-10,returned,UPI
390,809,2024-12-01,delivered,Card
391,65,2024-08-14,delivered,UPI
392,541,2025-04-07,delivered,NetBanking
393,851,2024-06-16,cancelled,UPI
394,116,2024-10-19,delivered,UPI
395,91,2023-05-28,delivered,COD
396,1191,2025-07-22,delivered,UPI
397,280,2024-06-29,delivered,NetBanking
398,1191,2025-10-23,delivered,Card
399,637,2025-04-07,delivered,Card
400,1191,2025-01-11,delivered,Card
401,847,2024-11-23,delivered,Card
402,1039,2023-11-17,delivered,UPI
403,331,2025-01-14,delivered,COD
404,134,2024-11-20,delivered,UPI
405,59,2025-05-23,delivered,COD
406,1162,2024-12-12,delivered,UPI
407,199,2025-05-02,delivered,COD
408,269,2023-12-25,delivered,UPI
409,1128,2023-08-09,delivered,Card
410,629,2025-11-01,delivered,NetBanking
411,791,2024-11-18,delivered,COD
412,74,2023-05-29,delivered,UPI
413,392,2025-01-05,delivered,UPI
414,474,2025-02-16,delivered,Card
415,928,2023-02-03,delivered,COD
416,173,2024-01-28,delivered,COD
417,82,2024-05-21,delivered,Card
418,239,2025-02-07,delivered,Card
419,1191,2025-03-20,delivered,UPI
420,920,2024-04-15,delivered,UPI
421,454,2025-03-28,delivered,UPI
422,98,2024-08-05,delivered,COD
423,1057,2023-12-08,delivered,NetBanking
424,540,2024-06-13,returned,UPI
425,724,2024-12-19,delivered,NetBanking
426,74,2024-12-09,delivered,COD
427,173,2025-05-15,delivered,UPI
428,343,2024-06-24,delivered,COD
429,120,2024-06-27,delivered,Card
430,638,2024-02-20,delivered,COD
431,159,2024-12-12,returned,COD
432,173,2024-03-01,delivered,UPI
433,86,2025-04-12,shipped,UPI
434,1191,2024-10-06,delivered,UPI
435,631,2025-07-13,delivered,UPI
436,1191,2024-07-10,delivered,Card
437,1100,2025-10-10,delivered,UPI
438,422,2024-08-18,delivered,Card
439,419,2023-12-15,delivered,COD
440,1191,2025-11-16,cancelled,Card
441,762,2024-11-08,delivered,COD
442,1191,2024-12-22,shipped,Card
443,584,2024-06-27,cancelled,UPI
444,514,2025-03-24,delivered,Card
445,1191,2025-08-15,cancelled,Card
446,219,2024-06-11,delivered,UPI
447,173,2024-06-30,delivered,COD
448,949,2025-03-12,delivered,COD
449,1133,2025-02-07,delivered,COD
450,1148,2025-01-17,delivered,COD
451,291,2025-03-04,delivered,Card
452,784,2024-09-08,delivered,UPI
453,262,2023-09-24,delivered,Card
454,68,2023-12-14,returned,UPI
455,331,2025-01-05,delivered,Card
456,1132,2025-04-19,delivered,COD
457,1093,2025-02-27,delivered,COD
458,1191,2024-09-29,delivered,Card
459,634,2025-04-15,delivered,Card
460,140,2024-01-04,delivered,Card
461,956,2024-04-18,delivered,COD
462,402,2024-02-02,delivered,Card
463,262,2023-10-26,shipped,COD
464,1083,2023-07-26,delivered,Card
465,133,2025-04-19,delivered,COD
466,777,2024-04-11,delivered,UPI
467,631,2024-08-19,shipped,Card
468,581,2024-10-06,shipped,COD
469,173,2024-10-15,delivered,Card
470,847,2024-01-12,delivered,UPI
471,540,2023-03-15,delivered,UPI
472,1099,2024-07-05,delivered,Card
473,1040,2023-10-28,delivered,Card
474,1192,2024-07-24,returned,UPI
475,1191,2025-01-01,delivered,UPI
476,451,2024-12-14,delivered,UPI
477,1186,2024-11-20,delivered,UPI
478,173,2024-04-28,delivered,COD
479,1040,2023-07-23,cancelled,UPI
480,4,2023-06-29,delivered,NetBanking
481,719,2025-01-03,shipped,Card
482,470,2025-09-08,shipped,UPI
483,113,2023-08-29,delivered,COD
484,307,2024-01-06,delivered,UPI
485,670,2024-11-03,delivered,UPI
486,887,2024-03-03,delivered,COD
487,98,2025-04-18,returned,UPI
488,451,2024-04-06,delivered,Card
489,944,2024-08-31,delivered,UPI
490,482,2025-04-08,delivered,Card
491,150,2023-07-31,delivered,Card
492,1173,2024-06-09,delivered,Card
493,284,2025-08-17,delivered,NetBanking
494,974,2025-11-06,delivered,COD
495,1191,2025-12-09,delivered,NetBanking
496,227,2025-02-09,delivered,COD
497,1191,2025-08-03,delivered,UPI
498,4,2024-08-02,delivered,UPI
499,432,2024-07-12,delivered,COD
500,271,2025-12-21,delivered,COD
501,1132,2024-04-18,delivered,UPI
502,192,2023-09-14,delivered,NetBanking
503,947,2024-11-10,delivered,Card
504,704,2024-08-22,delivered,UPI
505,315,2025-06-10,delivered,UPI
506,1067,2025-03-07,delivered,NetBanking
507,1085,2024-12-01,delivered,UPI
508,1186,2025-10-08,delivered,UPI
509,144,2023-08-21,delivered,NetBanking
510,18,2024-06-01,delivered,UPI
511,1014,2024-05-05,delivered,NetBanking
512,250,2023-09-16,cancelled,UPI
513,1191,2024-08-23,cancelled,UPI
514,692,2025-10-30,delivered,UPI
515,854,2023-12-27,delivered,UPI
516,931,2024-03-09,delivered,UPI
517,173,2024-07-05,delivered,UPI
518,622,2025-08-24,cancelled,COD
519,1083,2023-10-13,delivered,UPI
520,420,2024-10-11,delivered,UPI
521,106,2023-08-25,delivered,UPI
522,72,2025-03-16,delivered,Card
523,367,2025-09-16,delivered,UPI
524,895,2023-10-27,delivered,UPI
525,459,2025-01-10,delivered,UPI
526,157,2024-06-28,delivered,COD
527,173,2025-09-27,delivered,Card
528,738,2024-03-05,delivered,NetBanking
529,116,2025-03-24,delivered,COD
530,4,2023-09-30,delivered,COD
531,1173,2024-06-26,delivered,COD
532,1074,2024-01-18,delivered,UPI
533,433,2025-01-30,delivered,UPI
534,1191,2025-12-03,delivered,UPI
535,289,2025-01-12,shipped,UPI
536,921,2024-03-08,returned,UPI
537,1191,2025-09-14,delivered,Card
538,225,2025-05-06,shipped,UPI
539,1114,2024-10-09,shipped,Card
540,474,2024-02-19,delivered,COD
541,627,2025-04-05,delivered,NetBanking
542,672,2025-10-01,delivered,Card
543,18,2023-10-05,delivered,Card
544,867,2024-03-06,delivered,Card
545,679,2024-08-24,delivered,Card
546,627,2025-11-07,delivered,UPI
547,1191,2024-10-29,delivered,COD
548,1124,2024-09-02,delivered,NetBanking
549,1191,2025-05-03,delivered,UPI
550,195,2024-07-24,delivered,UPI
551,1145,2025-03-12,delivered,Card
552,795,2025-12-11,delivered,UPI
553,430,2024-01-30,delivered,UPI
554,723,2023-08-22,delivered,Card
555,942,2024-07-09,delivered,NetBanking
556,302,2025-01-12,delivered,UPI
557,186,2025-11-26,delivered,Card
558,142,2025-06-04,delivered,COD
559,185,2025-02-14,delivered,COD
560,778,2025-08-07,delivered,NetBanking
561,90,2025-02-27,delivered,Card
562,1040,2024-08-25,delivered,UPI
563,1047,2024-11-19,delivered,UPI
564,1175,2024-08-14,delivered,UPI
565,514,2025-01-08,shipped,UPI
566,630,2025-03-29,delivered,UPI
567,64,2025-08-26,delivered,COD
568,964,2023-08-10,delivered,UPI
569,127,2025-09-28,delivered,UPI
570,1004,2025-03-30,delivered,COD
571,603,2024-12-19,delivered,NetBanking
572,1191,2025-07-21,returned,Card
573,201,2025-02-08,delivered,Card
574,362,2025-08-01,delivered,Card
575,972,2023-04-25,cancelled,Card
576,1186,2024-11-03,delivered,COD
577,847,2025-05-01,delivered,UPI
578,1122,2025-01-12,shipped,COD
579,39,2025-05-26,delivered,COD
580,1191,2025-09-11,cancelled,UPI
581,28,2024-09-06,delivered,UPI
582,859,2023-07-25,delivered,UPI
583,500,2024-02-22,delivered,COD
584,1166,2025-10-12,delivered,UPI
585,944,2025-02-19,delivered,UPI
586,173,2024-10-03,delivered,COD
587,514,2025-03-04,delivered,NetBanking
588,451,2023-10-17,delivered,UPI
589,1135,2024-04-18,delivered,Card
590,1133,2025-05-13,delivered,COD
591,451,2024-02-19,delivered,UPI
592,1191,2024-09-18,delivered,UPI
593,1014,2023-11-09,cancelled,Card
594,489,2024-08-28,delivered,UPI
595,1182,2025-05-05,delivered,UPI
596,1191,2025-09-09,delivered,UPI
597,201,2023-09-30,delivered,COD
598,847,2024-09-05,delivered,COD
599,569,2025-02-20,delivered,UPI
600,40,2023-10-04,delivered,Card
601,1092,2025-02-26,delivered,UPI
602,549,2024-08-14,shipped,Card
603,1191,2024-12-21,delivered,UPI
604,313,2024-09-16,delivered,UPI
605,392,2025-11-02,delivered,Card
606,541,2025-02-28,delivered,Card
607,1037,2024-04-24,shipped,Card
608,1158,2025-01-09,delivered,UPI
609,206,2024-11-16,cancelled,UPI
610,304,2024-10-28,delivered,UPI
611,541,2024-12-13,delivered,NetBanking
612,844,2025-03-12,delivered,NetBanking
613,219,2025-03-27,returned,Card
614,17,2024-05-13,returned,Card
615,1191,2025-12-18,delivered,UPI
616,1191,2025-02-15,delivered,NetBanking
617,343,2025-02-27,delivered,COD
618,181,2025-08-19,delivered,COD
619,1051,2024-04-20,delivered,Card
620,84,2025-07-02,delivered,COD
621,780,2023-09-01,delivered,UPI
622,173,2024-05-20,delivered,COD
623,568,2024-01-23,delivered,NetBanking
624,784,2024-03-24,cancelled,UPI
625,634,2025-06-07,delivered,UPI
626,4,2023-08-11,delivered,UPI
627,796,2023-04-22,delivered,UPI
628,631,2024-07-09,delivered,COD
629,443,2024-11-17,delivered,UPI
630,466,2025-04-26,delivered,COD
631,823,2024-08-03,delivered,UPI
632,797,2025-04-06,delivered,NetBanking
633,855,2025-06-09,delivered,Card
634,741,2025-08-09,delivered,Card
635,650,2023-08-22,delivered,UPI
636,834,2025-07-24,delivered,UPI
637,233,2024-12-23,delivered,Card
638,1191,2025-12-11,delivered,UPI
639,1164,2024-11-25,delivered,UPI
640,1191,2025-09-10,shipped,UPI
641,1137,2024-03-14,delivered,Card
642,827,2024-09-17,delivered,Card
643,777,2024-04-12,delivered,Card
644,445,2024-09-13,shipped,COD
645,968,2025-02-25,delivered,Card
646,777,2023-06-08,delivered,UPI
647,315,2024-04-06,delivered,UPI
648,304,2024-09-07,delivered,COD
649,433,2023-12-13,cancelled,UPI
650,415,2023-12-08,delivered,Card
651,627,2024-06-02,delivered,UPI
652,736,2024-12-25,delivered,UPI
653,1084,2023-08-30,delivered,UPI
654,335,2023-05-15,delivered,UPI
655,374,2024-02-12,delivered,UPI
656,322,2024-12-05,delivered,NetBanking
657,343,2024-11-26,delivered,UPI
658,655,2024-12-05,shipped,UPI
659,879,2023-12-17,delivered,UPI
660,95,2025-11-14,delivered,Card
661,850,2024-08-24,delivered,UPI
662,1137,2024-04-17,delivered,COD
663,1136,2025-09-08,cancelled,NetBanking
664,451,2024-02-03,delivered,COD
665,719,2024-07-16,delivered,UPI
666,180,2024-08-23,delivered,Card
667,242,2025-09-30,delivered,Card
668,1026,2025-04-20,delivered,NetBanking
669,387,2024-09-24,delivered,COD
670,1058,2025-02-03,cancelled,COD
671,857,2023-11-09,delivered,UPI
672,1137,2023-08-01,delivered,Card
673,1191,2025-07-29,delivered,UPI
674,1095,2023-12-20,returned,COD
675,234,2024-09-13,delivered,UPI
676,474,2024-12-11,delivered,Card
677,1191,2025-09-20,delivered,Card
678,1192,2023-12-27,delivered,UPI
679,199,2025-11-21,delivered,Card
680,618,2024-06-20,delivered,Card
681,1191,2025-10-20,delivered,COD
682,451,2023-10-07,delivered,UPI
683,1127,2025-09-11,delivered,NetBanking
684,218,2025-08-03,delivered,Card
685,241,2025-03-13,delivered,NetBanking
686,559,2025-12-05,shipped,Card
687,313,2025-05-07,returned,NetBanking
688,1167,2025-05-05,delivered,UPI
689,685,2023-11-11,delivered,UPI
690,465,2024-02-03,delivered,Card
691,442,2023-12-15,delivered,COD
692,1143,2025-07-27,delivered,UPI
693,523,2024-05-31,delivered,Card
694,1050,2024-10-31,delivered,UPI
695,411,2024-03-28,delivered,UPI
696,685,2024-04-24,delivered,UPI
697,343,2024-02-06,delivered,COD
698,907,2025-01-02,delivered,Card
699,245,2025-11-24,delivered,Card
700,624,2025-04-01,delivered,NetBanking
701,12,2024-10-15,delivered,COD
702,423,2025-10-16,delivered,Card
703,921,2024-08-11,delivered,UPI
704,220,2024-04-14,delivered,COD
705,1191,2024-07-13,delivered,Card
706,245,2025-09-24,delivered,UPI
707,500,2024-06-12,delivered,NetBanking
708,1191,2025-12-10,delivered,Card
709,1191,2025-07-03,delivered,COD
710,1070,2024-05-28,returned,Card
711,841,2024-05-25,delivered,UPI
712,98,2025-04-14,delivered,COD
713,679,2024-11-24,delivered,NetBanking
714,495,2024-06-01,cancelled,UPI
715,1191,2025-03-12,delivered,NetBanking
716,300,2023-05-16,delivered,COD
717,317,2024-06-22,delivered,Card
718,1150,2024-01-05,delivered,UPI
719,970,2024-12-13,delivered,NetBanking
720,676,2024-02-11,delivered,UPI
721,96,2023-11-22,delivered,Card
722,1186,2025-11-06,delivered,UPI
723,504,2024-06-27,delivered,UPI
724,780,2024-08-14,delivered,COD
725,1191,2024-09-11,delivered,UPI
726,631,2024-03-16,delivered,UPI
727,265,2025-02-21,delivered,UPI
728,1192,2024-01-24,delivered,COD
729,343,2025-03-18,delivered,UPI
730,1172,2025-09-15,delivered,UPI
731,740,2024-10-12,delivered,UPI
732,745,2024-09-16,shipped,UPI
733,385,2025-01-23,shipped,COD
734,1191,2025-10-04,delivered,COD
735,1068,2023-08-10,delivered,Card
736,1191,2025-06-30,delivered,Card
737,1191,2025-06-07,delivered,UPI
738,667,2024-06-22,delivered,Card
739,451,2024-05-26,delivered,UPI
740,519,2025-07-11,delivered,Card
741,1192,2024-10-14,shipped,UPI
742,63,2025-08-31,delivered,UPI
743,173,2024-07-18,delivered,UPI
744,433,2023-09-25,shipped,COD
745,1191,2025-11-10,delivered,NetBanking
746,487,2024-12-29,delivered,UPI
747,777,2023-08-19,delivered,Card
748,127,2024-08-15,delivered,UPI
749,294,2025-09-01,delivered,UPI
750,921,2024-05-11,delivered,UPI
751,505,2025-05-20,delivered,UPI
752,57,2025-08-19,delivered,UPI
753,467,2024-04-01,delivered,UPI
754,927,2025-04-10,delivered,UPI
755,874,2024-10-17,delivered,UPI
756,1186,2024-12-01,delivered,NetBanking
757,469,2024-10-10,delivered,COD
758,658,2025-07-13,delivered,UPI
759,385,2023-12-12,delivered,UPI
760,667,2024-09-11,delivered,UPI
761,1191,2025-09-04,delivered,UPI
762,566,2024-08-13,delivered,Card
763,1191,2025-07-03,delivered,UPI
764,1038,2024-09-08,delivered,COD
765,242,2025-02-20,delivered,COD
766,113,2023-10-06,delivered,NetBanking
767,866,2025-08-10,delivered,UPI
768,164,2025-06-29,delivered,UPI
769,549,2025-02-23,delivered,UPI
770,1016,2025-12-28,delivered,Card
771,1192,2024-07-26,delivered,UPI
772,573,2025-12-25,delivered,Card
773,1191,2025-07-16,shipped,NetBanking
774,1040,2023-09-09,delivered,NetBanking
775,249,2024-10-14,delivered,UPI
776,946,2024-01-30,delivered,Card
777,673,2024-05-25,delivered,COD
778,571,2025-03-14,cancelled,UPI
779,8,2024-02-27,returned,UPI
780,903,2023-08-19,delivered,UPI
781,919,2025-01-05,delivered,UPI
782,249,2024-07-18,delivered,Card
783,424,2025-09-13,delivered,Card
784,624,2024-07-15,delivered,UPI
785,1003,2024-01-07,delivered,UPI
786,451,2023-07-01,delivered,UPI
787,157,2023-12-10,delivered,COD
788,1191,2025-05-08,delivered,Card
789,157,2024-11-01,delivered,UPI
790,766,2024-03-22,delivered,Card
791,972,2024-10-19,delivered,Card
792,212,2024-12-18,delivered,COD
793,1177,2024-08-17,delivered,Card
794,121,2025-10-14,delivered,COD
795,583,2024-06-04,delivered,NetBanking
796,1101,2025-09-03,delivered,UPI
797,59,2024-04-09,delivered,Card
798,557,2024-09-08,cancelled,COD
799,600,2023-09-07,delivered,COD
800,126,2024-06-20,delivered,Card
801,692,2025-10-03,cancelled,COD
802,938,2025-07-06,delivered,UPI
803,127,2025-12-29,delivered,Card
804,911,2024-05-21,delivered,NetBanking
805,577,2023-10-31,delivered,UPI
806,450,2024-09-20,delivered,Card
807,429,2025-07-24,delivered,COD
808,357,2023-08-12,delivered,UPI
809,448,2024-10-20,delivered,UPI
810,28,2023-09-23,delivered,COD
811,290,2025-10-03,returned,UPI
812,377,2024-11-12,delivered,COD
813,888,2024-06-11,delivered,COD
814,323,2023-10-05,delivered,COD
815,304,2024-06-07,delivered,UPI
816,933,2025-06-01,delivered,COD
817,4,2024-01-18,delivered,NetBanking
818,109,2023-05-03,delivered,UPI
819,588,2024-05-01,delivered,NetBanking
820,474,2024-06-09,delivered,Card
821,196,2024-04-30,delivered,UPI
822,304,2024-03-31,delivered,UPI
823,996,2025-05-07,delivered,Card
824,1191,2025-02-17,delivered,Card
825,261,2024-06-09,returned,UPI
826,451,2024-11-03,cancelled,Card
827,492,2025-04-10,delivered,COD
828,864,2024-01-03,delivered,UPI
829,946,2024-03-17,delivered,Card
830,157,2023-06-25,delivered,Card
831,1143,2025-05-21,delivered,UPI
832,87,2025-04-17,delivered,Card
833,1191,2024-12-05,delivered,COD
834,631,2024-10-23,returned,Card
835,818,2023-04-17,delivered,COD
836,527,2024-04-24,cancelled,UPI
837,163,2024-01-22,delivered,UPI
838,964,2024-09-14,delivered,Card
839,1078,2025-06-07,returned,COD
840,1191,2025-05-13,delivered,UPI
841,848,2023-11-09,delivered,UPI
842,400,2025-02-18,delivered,UPI
843,846,2024-02-09,delivered,UPI
844,678,2023-12-13,delivered,COD
845,1020,2025-03-12,delivered,UPI
846,792,2023-07-10,delivered,NetBanking
847,311,2025-02-02,delivered,COD
848,73,2025-01-06,delivered,Card
849,937,2025-07-16,delivered,Card
850,849,2025-05-07,cancelled,UPI
851,277,2023-10-10,shipped,Card
852,442,2024-12-06,delivered,Card
853,113,2025-03-25,delivered,COD
854,785,2025-02-14,delivered,UPI
855,383,2025-01-01,delivered,UPI
856,108,2024-07-22,returned,UPI
857,994,2025-05-09,delivered,COD
858,635,2025-06-16,delivered,UPI
859,173,2024-06-05,delivered,UPI
860,598,2024-12-05,delivered,UPI
861,424,2025-01-17,shipped,UPI
862,532,2025-09-01,delivered,Card
863,19,2025-04-16,delivered,UPI
864,212,2025-10-06,delivered,UPI
865,938,2025-02-03,delivered,NetBanking
866,709,2023-12-12,delivered,NetBanking
867,1186,2025-08-23,delivered,UPI
868,197,2024-05-25,delivered,Card
869,777,2024-02-16,delivered,Card
870,1093,2025-09-27,delivered,COD
871,451,2024-01-02,delivered,Card
872,884,2025-12-07,delivered,UPI
873,831,2024-04-06,delivered,COD
874,1191,2025-10-09,delivered,COD
875,309,2024-05-29,delivered,COD
876,942,2023-12-29,delivered,UPI
877,966,2024-10-28,delivered,Card
878,98,2024-06-24,delivered,COD
879,589,2025-09-07,delivered,COD
880,863,2025-08-28,delivered,COD
881,886,2025-02-16,delivered,Card
882,167,2024-10-08,delivered,UPI
883,1016,2025-11-14,delivered,UPI
884,178,2023-08-30,delivered,Card
885,752,2024-07-09,delivered,UPI
886,83,2025-04-26,delivered,COD
887,380,2024-01-28,delivered,COD
888,169,2025-03-16,delivered,UPI
889,897,2024-12-10,delivered,UPI
890,95,2025-05-28,delivered,Card
891,54,2025-09-17,delivered,NetBanking
892,109,2024-04-21,delivered,COD
893,136,2023-06-03,delivered,UPI
894,173,2024-03-27,shipped,UPI
895,1191,2025-12-19,delivered,Card
896,124,2024-08-20,delivered,UPI
897,173,2025-07-04,delivered,UPI
898,45,2024-06-27,delivered,UPI
899,1191,2024-12-03,delivered,COD
900,17,2024-07-14,delivered,UPI
901,62,2024-05-28,shipped,UPI
902,313,2024-10-31,delivered,UPI
903,451,2023-08-01,delivered,Card
904,810,2024-05-19,delivered,UPI
905,747,2024-05-08,delivered,Card
906,1020,2025-03-10,delivered,Card
907,1160,2023-11-19,delivered,Card
908,1040,2024-03-21,delivered,COD
909,351,2023-12-28,delivered,UPI
910,697,2024-02-01,delivered,Card
911,103,2025-01-13,delivered,Card
912,173,2025-05-16,delivered,Card
913,896,2025-09-02,delivered,NetBanking
914,985,2024-06-08,delivered,UPI
915,194,2023-03-13,cancelled,UPI
916,699,2024-12-12,shipped,UPI
917,1192,2025-07-24,delivered,NetBanking
918,173,2024-05-29,delivered,NetBanking
919,512,2024-12-17,delivered,COD
920,1075,2024-12-07,shipped,NetBanking
921,18,2024-08-02,returned,COD
922,41,2024-10-24,cancelled,Card
923,329,2025-07-25,delivered,COD
924,719,2025-05-30,delivered,COD
925,279,2023-09-22,delivered,COD
926,926,2025-02-03,delivered,Card
927,1193,2025-09-15,delivered,NetBanking
928,205,2024-12-19,delivered,COD
929,850,2024-10-25,delivered,Card
930,854,2024-11-02,delivered,COD
931,12,2025-02-24,delivered,UPI
932,180,2025-05-13,shipped,Card
933,1090,2023-10-05,delivered,UPI
934,675,2024-04-22,cancelled,UPI
935,18,2024-05-31,delivered,Card
936,451,2024-11-03,delivered,Card
937,189,2024-06-17,delivered,UPI
938,724,2024-09-29,delivered,UPI
939,1082,2025-06-23,delivered,UPI
940,98,2025-02-05,returned,NetBanking
941,17,2025-04-17,delivered,COD
942,911,2024-08-21,cancelled,Card
943,419,2025-01-15,delivered,UPI
944,1122,2024-12-20,delivered,UPI
945,864,2024-02-26,delivered,Card
946,293,2025-06-14,delivered,COD
947,451,2024-07-27,delivered,UPI
948,133,2025-05-09,delivered,UPI
949,482,2025-05-07,delivered,Card
950,402,2025-03-11,cancelled,Card
951,943,2025-06-20,delivered,UPI
952,1016,2025-08-21,delivered,UPI
953,1080,2023-12-29,returned,UPI
954,173,2024-10-22,shipped,UPI
955,1191,2025-08-11,returned,Card
956,158,2025-09-25,delivered,Card
957,1191,2025-05-05,delivered,Card
958,451,2024-05-21,delivered,COD
959,1191,2025-03-24,delivered,NetBanking
960,985,2023-11-15,delivered,COD
961,199,2025-12-23,delivered,Card
962,183,2025-08-20,delivered,UPI
963,523,2025-03-29,delivered,UPI
964,1191,2025-09-02,delivered,COD
965,1191,2024-10-11,returned,UPI
966,768,2023-10-17,delivered,Card
967,270,2024-09-03,delivered,Card
968,246,2024-10-20,delivered,UPI
969,227,2024-02-14,delivered,UPI
970,218,2025-07-22,delivered,Card
971,536,2025-02-17,delivered,Card
972,815,2024-04-27,delivered,UPI
973,1180,2025-04-25,delivered,Card
974,173,2024-09-07,delivered,NetBanking
975,1083,2023-07-21,cancelled,UPI
976,1186,2024-12-03,delivered,Card
977,1191,2025-04-15,delivered,UPI
978,683,2025-12-14,shipped,Card
979,1103,2025-09-06,delivered,Card
980,834,2024-11-27,delivered,COD
981,1191,2025-02-01,cancelled,UPI
982,196,2024-04-15,delivered,COD
983,1191,2025-07-04,delivered,UPI
984,31,2024-03-24,delivered,COD
985,747,2024-03-15,shipped,UPI
986,1137,2023-08-19,delivered,Card
987,245,2025-10-19,delivered,Card
988,489,2024-03-22,delivered,UPI
989,1191,2024-11-12,delivered,Card
990,709,2024-01-28,delivered,Card
991,333,2024-04-12,returned,UPI
992,847,2024-11-22,delivered,Card
993,626,2025-05-07,delivered,COD
994,344,2025-03-29,delivered,UPI
995,1191,2024-07-31,delivered,COD
996,993,2024-03-10,delivered,Card
997,777,2024-09-17,delivered,UPI
998,1137,2024-01-22,delivered,UPI
999,1189,2025-02-26,delivered,COD
1000,1145,2025-04-04,delivered,Card
1001,741,2025-07-30,delivered,Card
1002,1047,2025-09-13,delivered,Card
1003,1006,2024-04-02,delivered,Card
1004,277,2024-08-30,delivered,Card
1005,1083,2023-12-25,delivered,UPI
1006,419,2025-02-09,delivered,UPI
1007,1198,2023-11-13,delivered,UPI
1008,4,2023-08-25,delivered,Card
1009,243,2024-12-19,delivered,UPI
1010,1143,2025-11-16,delivered,COD
1011,944,2025-11-20,delivered,Card
1012,1117,2025-03-26,delivered,NetBanking
1013,1191,2024-12-17,delivered,UPI
1014,847,2024-08-19,delivered,UPI
1015,772,2023-11-30,delivered,Card
1016,89,2023-06-25,delivered,UPI
1017,730,2024-04-21,delivered,COD
1018,502,2024-09-25,delivered,UPI
1019,1086,2023-05-22,delivered,Card
1020,984,2025-07-25,cancelled,Card
1021,809,2024-06-02,delivered,UPI
1022,667,2024-06-18,delivered,UPI
1023,464,2025-09-09,delivered,UPI
1024,261,2023-08-01,delivered,COD
1025,392,2024-09-10,delivered,Card
1026,349,2025-11-05,delivered,COD
1027,1143,2024-06-16,delivered,UPI
1028,576,2024-08-22,delivered,UPI
1029,33,2024-11-30,delivered,UPI
1030,410,2024-04-25,delivered,UPI
1031,847,2025-04-16,delivered,UPI
1032,1106,2025-03-29,delivered,Card
1033,1076,2024-11-02,delivered,COD
1034,983,2025-01-31,delivered,Card
1035,331,2025-02-21,cancelled,UPI
1036,1191,2024-09-10,delivered,NetBanking
1037,530,2024-08-14,delivered,COD
1038,947,2024-04-30,delivered,UPI
1039,60,2025-04-09,delivered,UPI
1040,4,2024-07-25,delivered,Card
1041,514,2024-04-04,delivered,UPI
1042,639,2024-05-08,shipped,UPI
1043,224,2024-11-28,delivered,COD
1044,1191,2024-09-02,delivered,COD
1045,1191,2025-04-24,delivered,Card
1046,147,2025-02-18,returned,COD
1047,558,2024-10-23,delivered,COD
1048,417,2025-04-29,delivered,UPI
1049,1038,2024-04-08,delivered,COD
1050,818,2024-02-09,delivered,NetBanking
1051,671,2025-05-17,delivered,UPI
1052,314,2024-01-02,delivered,UPI
1053,248,2025-02-07,delivered,COD
1054,267,2025-01-26,delivered,COD
1055,95,2025-08-04,delivered,UPI
1056,1083,2024-03-11,delivered,UPI
1057,4,2024-09-01,delivered,Card
1058,451,2024-04-05,shipped,COD
1059,1071,2025-08-23,delivered,COD
1060,709,2024-01-29,delivered,UPI
1061,739,2025-10-04,delivered,COD
1062,263,2024-05-16,delivered,UPI
1063,790,2025-08-08,shipped,COD
1064,426,2024-09-21,delivered,NetBanking
1065,1191,2025-11-10,delivered,UPI
1066,231,2024-09-06,delivered,Card
1067,667,2024-03-09,delivered,COD
1068,4,2024-01-12,delivered,NetBanking
1069,173,2024-09-29,delivered,UPI
1070,55,2024-09-19,delivered,COD
1071,1191,2025-09-20,delivered,COD
1072,978,2024-08-09,delivered,Card
1073,1191,2025-04-02,delivered,UPI
1074,621,2024-04-23,cancelled,Card
1075,451,2024-11-08,delivered,UPI
1076,505,2025-03-06,delivered,UPI
1077,900,2025-12-16,delivered,NetBanking
1078,1155,2024-07-23,delivered,Card
1079,1168,2023-04-30,delivered,UPI
1080,180,2025-12-04,delivered,COD
1081,1040,2024-11-11,delivered,Card
1082,383,2024-06-21,delivered,Card
1083,512,2024-12-20,delivered,Card
1084,342,2025-02-17,delivered,UPI
1085,940,2024-05-21,delivered,Card
1086,199,2024-09-23,delivered,COD
1087,493,2024-10-20,delivered,Card
1088,832,2024-08-04,delivered,NetBanking
1089,785,2024-07-05,delivered,COD
1090,783,2023-10-04,delivered,COD
1091,142,2025-01-10,delivered,Card
1092,630,2025-09-09,delivered,NetBanking
1093,1191,2025-10-30,delivered,UPI
1094,173,2024-03-07,delivered,COD
1095,988,2024-08-27,delivered,UPI
1096,1176,2025-09-21,delivered,NetBanking
1097,747,2025-03-29,delivered,UPI
1098,1086,2023-11-20,delivered,UPI
1099,997,2024-08-01,delivered,UPI
1100,718,2025-01-23,delivered,UPI
1101,115,2024-02-12,delivered,Card
1102,1191,2024-10-31,delivered,Card
1103,1191,2025-08-26,delivered,UPI
1104,1182,2025-02-05,delivered,UPI
1105,91,2023-10-25,delivered,Card
1106,353,2025-07-19,returned,UPI
1107,175,2023-08-08,delivered,UPI
1108,1186,2025-03-24,cancelled,UPI
1109,933,2025-05-23,cancelled,UPI
1110,718,2024-05-06,delivered,NetBanking
1111,442,2024-12-19,delivered,Card
1112,613,2024-04-28,delivered,UPI
1113,170,2023-12-14,returned,Card
1114,410,2024-11-11,shipped,UPI
1115,793,2025-05-01,shipped,UPI
1116,540,2024-05-17,delivered,UPI
1117,195,2025-06-07,delivered,Card
1118,723,2024-01-03,shipped,Card
1119,692,2025-02-12,delivered,Card
1120,1191,2025-07-14,delivered,UPI
1121,156,2023-08-15,delivered,Card
1122,304,2024-10-28,delivered,UPI
1123,451,2024-11-03,shipped,UPI
1124,908,2024-05-04,delivered,UPI
1125,1054,2024-02-21,delivered,NetBanking
1126,524,2024-11-23,delivered,UPI
1127,1153,2024-07-30,cancelled,UPI
1128,854,2024-06-20,delivered,UPI
1129,374,2024-11-04,delivered,UPI
1130,1086,2024-08-28,delivered,UPI
1131,177,2025-02-05,delivered,COD
1132,337,2024-04-16,delivered,NetBanking
1133,31,2025-03-02,delivered,Card
1134,540,2023-11-07,delivered,Card
1135,1155,2025-01-12,delivered,UPI
1136,478,2024-06-24,delivered,UPI
1137,482,2024-12-13,delivered,NetBanking
1138,87,2025-03-16,delivered,UPI
1139,53,2024-08-12,cancelled,UPI
1140,1008,2025-01-24,delivered,UPI
1141,658,2024-12-09,delivered,Card
1142,159,2024-08-13,delivered,COD
1143,684,2024-08-25,delivered,UPI
1144,516,2024-06-09,delivered,UPI
1145,375,2023-06-30,shipped,Card
1146,409,2024-03-10,delivered,UPI
1147,470,2025-10-23,delivered,Card
1148,802,2025-05-05,delivered,UPI
1149,202,2024-12-17,delivered,Card
1150,314,2023-04-28,delivered,Card
1151,173,2024-08-15,delivered,Card
1152,448,2024-03-11,shipped,Card
1153,903,2023-10-13,delivered,UPI
1154,1191,2025-10-29,delivered,COD
1155,653,2024-12-14,delivered,Card
1156,231,2025-11-25,delivered,Card
1157,812,2025-03-03,cancelled,UPI
1158,545,2024-04-22,delivered,Card
1159,1191,2024-12-19,delivered,UPI
1160,736,2024-11-16,delivered,UPI
1161,913,2024-04-24,delivered,UPI
1162,1143,2024-12-15,delivered,Card
1163,185,2025-02-02,delivered,Card
1164,874,2024-08-05,delivered,Card
1165,1097,2024-12-06,delivered,NetBanking
1166,53,2023-07-05,delivered,Card
1167,1191,2025-12-15,delivered,UPI
1168,210,2025-01-17,delivered,Card
1169,387,2025-09-27,delivered,COD
1170,173,2025-04-12,delivered,COD
1171,886,2025-10-25,returned,UPI
1172,4,2024-01-09,delivered,Card
1173,135,2024-07-02,delivered,COD
1174,673,2023-10-29,delivered,UPI
1175,157,2024-03-20,shipped,UPI
1176,474,2024-11-21,delivered,NetBanking
1177,1097,2025-01-19,delivered,UPI
1178,451,2024-03-13,delivered,UPI
1179,4,2024-06-18,delivered,UPI
1180,932,2023-07-28,delivered,UPI
1181,492,2024-04-06,delivered,COD
1182,755,2024-08-04,delivered,Card
1183,575,2025-03-30,shipped,NetBanking
1184,1017,2023-10-07,delivered,Card
1185,834,2025-05-02,delivered,Card
1186,540,2024-07-23,delivered,Card
1187,1191,2025-10-12,delivered,COD
1188,93,2023-09-13,delivered,Card
1189,542,2023-12-09,delivered,Card
1190,906,2024-09-12,delivered,UPI
1191,314,2023-01-19,delivered,UPI
1192,1191,2025-09-14,delivered,UPI
1193,654,2024-07-28,returned,UPI
1194,681,2023-10-02,delivered,Card
1195,53,2024-11-11,delivered,UPI
1196,726,2025-06-05,delivered,NetBanking
1197,963,2024-12-16,delivered,UPI
1198,354,2024-09-15,delivered,UPI
1199,719,2024-10-04,delivered,UPI
1200,1160,2024-08-21,cancelled,UPI
1201,618,2024-07-15,delivered,Card
1202,684,2024-07-04,shipped,COD
1203,76,2025-04-30,shipped,Card
1204,576,2024-10-05,delivered,UPI
1205,482,2025-06-26,delivered,Card
1206,1115,2023-12-02,returned,UPI
1207,1014,2023-01-21,delivered,Card
1208,173,2024-08-23,delivered,COD
1209,318,2025-07-13,delivered,Card
1210,529,2025-07-15,delivered,COD
1211,1191,2025-03-25,delivered,UPI
1212,451,2024-12-17,delivered,COD
1213,922,2024-09-27,delivered,Card
1214,296,2025-03-25,cancelled,COD
1215,1198,2023-10-15,delivered,UPI
1216,1026,2024-11-17,returned,Card
1217,627,2025-06-12,delivered,UPI
1218,818,2024-04-20,delivered,UPI
1219,412,2024-01-28,delivered,UPI
1220,1191,2025-05-08,delivered,UPI
1221,777,2025-02-28,delivered,COD
1222,248,2024-08-30,delivered,Card
1223,194,2024-08-13,delivered,UPI
1224,669,2025-04-18,delivered,UPI
1225,1014,2024-04-15,delivered,COD
1226,332,2024-09-21,delivered,UPI
1227,1018,2025-04-17,delivered,Card
1228,921,2024-12-21,delivered,UPI
1229,738,2024-09-30,delivered,NetBanking
1230,921,2024-03-20,delivered,COD
1231,13,2024-06-05,delivered,COD
1232,1191,2025-06-03,delivered,UPI
1233,1191,2024-07-13,returned,COD
1234,211,2023-08-16,delivered,COD
1235,874,2024-05-20,shipped,UPI
1236,1191,2025-05-23,delivered,COD
1237,280,2024-10-29,delivered,UPI
1238,182,2024-08-30,delivered,UPI
1239,537,2024-11-30,shipped,UPI
1240,631,2024-08-21,delivered,COD
1241,94,2025-05-01,delivered,NetBanking
1242,871,2024-11-05,delivered,COD
1243,738,2024-02-13,shipped,NetBanking
1244,908,2024-05-13,delivered,Card
1245,1166,2024-10-17,delivered,UPI
1246,904,2024-05-04,delivered,NetBanking
1247,1025,2024-08-04,delivered,Card
1248,1191,2024-07-21,delivered,Card
1249,338,2025-02-14,delivered,Card
1250,1191,2025-03-09,delivered,Card
1251,269,2023-10-25,delivered,UPI
1252,894,2024-02-02,delivered,COD
1253,1002,2024-06-30,delivered,COD
1254,810,2023-12-30,shipped,Card
1255,833,2025-08-05,delivered,UPI
1256,1083,2024-08-02,delivered,Card
1257,432,2024-07-12,delivered,UPI
1258,206,2025-06-29,delivered,Card
1259,1080,2025-04-23,delivered,UPI
1260,623,2024-12-20,returned,Card
1261,408,2023-12-10,delivered,Card
1262,674,2023-02-10,delivered,UPI
1263,985,2024-10-03,delivered,Card
1264,1191,2025-12-25,delivered,UPI
1265,192,2024-05-08,delivered,Card
1266,816,2025-10-20,delivered,UPI
1267,219,2025-07-25,delivered,Card
1268,495,2024-03-25,delivered,COD
1269,169,2024-03-29,cancelled,UPI
1270,392,2025-05-17,cancelled,Card
1271,1181,2024-11-14,delivered,UPI
1272,847,2023-11-26,delivered,COD
1273,240,2025-03-09,delivered,UPI
1274,538,2024-06-03,delivered,UPI
1275,1067,2025-04-28,delivered,COD
1276,237,2024-12-03,delivered,UPI
1277,117,2024-03-18,delivered,UPI
1278,958,2024-03-17,delivered,COD
1279,1019,2023-05-28,delivered,UPI
1280,127,2025-05-06,delivered,COD
1281,1191,2025-08-19,delivered,Card
1282,701,2024-07-27,delivered,Card
1283,1066,2025-03-22,delivered,UPI
1284,1178,2025-03-13,delivered,Card
1285,692,2025-10-18,delivered,UPI
1286,181,2025-10-09,delivered,Card
1287,569,2025-10-09,delivered,Card
1288,1047,2025-05-04,delivered,COD
1289,640,2024-11-16,delivered,COD
1290,835,2024-10-03,delivered,UPI
1291,1080,2025-02-02,delivered,Card
1292,378,2023-09-13,delivered,UPI
1293,665,2023-12-01,delivered,COD
1294,981,2024-10-07,delivered,Card
1295,881,2024-10-24,delivered,COD
1296,159,2025-11-22,delivered,UPI
1297,685,2025-03-05,shipped,UPI
1298,41,2025-01-23,delivered,UPI
1299,476,2025-04-03,delivered,Card
1300,496,2025-10-16,delivered,UPI
1301,236,2025-06-03,delivered,UPI
1302,1191,2024-07-12,delivered,Card
1303,356,2025-09-22,delivered,NetBanking
1304,1017,2024-02-11,shipped,Card
1305,498,2024-08-02,cancelled,UPI
1306,639,2023-03-28,delivered,UPI
1307,775,2024-11-05,delivered,NetBanking
1308,1191,2025-09-26,delivered,NetBanking
1309,668,2024-06-28,delivered,COD
1310,740,2023-10-24,cancelled,UPI
1311,1060,2024-07-09,delivered,UPI
1312,137,2023-06-01,delivered,COD
1313,18,2024-12-15,delivered,UPI
1314,231,2024-12-30,delivered,COD
1315,966,2025-09-22,delivered,UPI
1316,1191,2025-09-18,shipped,UPI
1317,1191,2024-07-11,delivered,Card
1318,540,2023-04-09,delivered,Card
1319,735,2025-04-17,delivered,UPI
1320,882,2024-06-29,cancelled,NetBanking
1321,1191,2025-10-17,delivered,UPI
1322,392,2025-10-05,cancelled,Card
1323,1027,2024-05-13,delivered,Card
1324,498,2025-08-23,delivered,UPI
1325,847,2024-11-24,delivered,NetBanking
1326,1186,2025-07-03,delivered,Card
1327,1008,2024-02-10,cancelled,Card
1328,1191,2024-11-02,delivered,UPI
1329,237,2024-12-19,delivered,UPI
1330,173,2024-06-13,delivered,COD
1331,462,2023-11-27,cancelled,UPI
1332,87,2025-02-01,delivered,UPI
1333,1191,2024-07-30,delivered,Card
1334,157,2023-06-03,delivered,Card
1335,1040,2023-07-15,delivered,UPI
1336,782,2025-11-06,delivered,Card
1337,580,2024-12-26,returned,COD
1338,1145,2025-04-21,delivered,COD
1339,1186,2025-08-29,returned,Card
1340,1191,2024-11-06,delivered,NetBanking
1341,269,2025-02-09,delivered,Card
1342,451,2024-07-13,delivered,Card
1343,173,2024-01-15,delivered,Card
1344,1107,2025-04-28,delivered,UPI
1345,1064,2024-03-19,delivered,NetBanking
1346,989,2025-02-10,shipped,COD
1347,173,2024-04-14,delivered,UPI
1348,113,2024-01-25,delivered,COD
1349,1020,2024-03-19,delivered,UPI
1350,755,2025-08-22,delivered,Card
1351,178,2023-03-04,delivered,UPI
1352,544,2024-12-21,delivered,COD
1353,790,2024-05-12,delivered,Card
1354,277,2023-07-23,delivered,UPI
1355,1191,2025-02-20,delivered,UPI
1356,1168,2024-05-20,delivered,COD
1357,851,2024-07-23,shipped,UPI
1358,309,2024-06-27,delivered,COD
1359,1045,2025-12-07,delivered,COD
1360,912,2024-07-25,delivered,Card
1361,825,2024-08-05,delivered,Card
1362,451,2024-05-13,delivered,Card
1363,406,2024-07-04,delivered,UPI
1364,451,2024-11-06,delivered,COD
1365,87,2024-09-16,delivered,COD
1366,836,2025-06-18,delivered,Card
1367,1191,2024-10-10,delivered,Card
1368,618,2024-10-19,delivered,NetBanking
1369,442,2023-12-18,delivered,Card
1370,692,2025-05-27,returned,UPI
1371,524,2024-05-06,delivered,COD
1372,814,2025-01-23,shipped,COD
1373,864,2025-04-26,returned,Card
1374,624,2025-01-21,shipped,UPI
1375,536,2024-08-14,delivered,COD
1376,142,2025-10-03,delivered,Card
1377,540,2024-07-11,delivered,NetBanking
1378,53,2024-08-28,delivered,UPI
1379,1117,2025-08-16,delivered,COD
1380,1191,2025-10-17,delivered,UPI
1381,1186,2024-10-09,delivered,UPI
1382,1175,2024-06-18,delivered,UPI
1383,376,2025-12-13,delivered,UPI
1384,113,2024-11-12,shipped,Card
1385,173,2024-05-21,cancelled,UPI
1386,1191,2025-11-28,delivered,COD
1387,1145,2024-12-10,delivered,Card
1388,279,2023-11-22,delivered,COD
1389,343,2024-02-08,delivered,UPI
1390,1191,2024-11-17,delivered,UPI
1391,245,2024-12-12,delivered,UPI
1392,1120,2024-01-26,delivered,COD
1393,556,2024-12-02,delivered,UPI
1394,939,2023-07-12,delivered,Card
1395,681,2023-10-15,delivered,UPI
1396,724,2024-01-24,delivered,Card
1397,230,2025-11-14,cancelled,UPI
1398,718,2024-08-01,delivered,COD
1399,702,2025-07-25,delivered,COD
1400,173,2024-06-02,delivered,UPI
1401,635,2025-10-23,delivered,Card
1402,657,2025-05-07,delivered,UPI
1403,110,2024-11-17,delivered,Card
1404,378,2024-03-22,delivered,UPI
1405,766,2024-10-10,delivered,Card
1406,65,2024-10-15,delivered,UPI
1407,631,2023-12-21,delivered,UPI
1408,1191,2025-02-03,delivered,Card
1409,332,2023-07-11,delivered,UPI
1410,793,2024-09-07,cancelled,UPI
1411,18,2024-11-24,shipped,Card
1412,926,2024-11-18,delivered,Card
1413,4,2023-08-18,delivered,Card
1414,992,2024-07-30,delivered,UPI
1415,868,2024-12-05,delivered,COD
1416,990,2024-10-27,cancelled,COD
1417,237,2025-04-19,delivered,UPI
1418,1191,2025-12-14,delivered,NetBanking
1419,1106,2025-12-15,delivered,COD
1420,227,2025-01-12,delivered,UPI
1421,131,2024-10-14,delivered,UPI
1422,398,2024-06-07,delivered,Card
1423,704,2024-05-07,cancelled,UPI
1424,117,2025-04-12,delivered,COD
1425,995,2023-03-27,delivered,UPI
1426,940,2024-01-14,delivered,UPI
1427,4,2023-12-04,delivered,Card
1428,1191,2025-04-11,delivered,Card
1429,816,2024-11-09,delivered,UPI
1430,951,2024-11-23,delivered,COD
1431,280,2024-05-27,delivered,Card
1432,1191,2025-11-20,delivered,UPI
1433,540,2023-11-07,delivered,COD
1434,808,2025-02-16,delivered,Card
1435,442,2024-02-05,delivered,Card
1436,131,2025-07-24,delivered,COD
1437,609,2025-04-17,delivered,UPI
1438,530,2024-09-13,delivered,UPI
1439,1085,2023-08-21,delivered,COD
1440,654,2025-11-12,delivered,UPI
1441,1028,2025-03-15,delivered,UPI
1442,419,2025-05-10,delivered,Card
1443,1020,2025-05-28,delivered,Card
1444,337,2023-10-31,delivered,NetBanking
1445,777,2024-11-27,returned,Card
1446,708,2025-08-14,delivered,NetBanking
1447,88,2025-05-31,delivered,UPI
1448,631,2025-03-26,delivered,UPI
1449,277,2024-05-03,delivered,UPI
1450,905,2024-02-16,delivered,Card
1451,972,2023-09-07,delivered,COD
1452,451,2024-04-14,delivered,NetBanking
1453,756,2024-11-01,delivered,Card
1454,346,2025-04-18,delivered,UPI
1455,581,2024-01-13,delivered,COD
1456,1191,2025-09-13,delivered,UPI
1457,723,2024-02-15,delivered,Card
1458,1186,2024-12-19,delivered,UPI
1459,82,2024-04-04,delivered,UPI
1460,520,2025-09-26,delivered,UPI
1461,1191,2024-10-13,delivered,UPI
1462,1094,2024-07-26,delivered,Card
1463,540,2024-02-10,delivered,Card
1464,1191,2025-09-20,returned,NetBanking
1465,829,2025-10-13,delivered,Card
1466,377,2024-01-19,delivered,UPI
1467,850,2025-05-24,delivered,Card
1468,1191,2025-04-29,delivered,COD
1469,1008,2024-04-14,delivered,Card
1470,941,2025-11-29,delivered,Card
1471,67,2023-11-18,delivered,UPI
1472,1047,2025-09-23,delivered,Card
1473,114,2024-03-04,cancelled,Card
1474,159,2025-11-04,delivered,Card
1475,45,2024-07-20,delivered,Card
1476,98,2024-04-16,returned,UPI
1477,772,2023-11-20,delivered,Card
1478,67,2024-03-20,delivered,Card
1479,322,2023-10-15,delivered,NetBanking
1480,4,2024-01-17,delivered,UPI
1481,807,2025-06-28,delivered,NetBanking
1482,1148,2024-08-03,delivered,COD
1483,522,2024-11-20,delivered,COD
1484,371,2023-11-22,delivered,NetBanking
1485,347,2025-03-26,delivered,Card
1486,375,2024-10-15,delivered,COD
1487,246,2025-07-16,delivered,Card
1488,1191,2025-02-08,delivered,UPI
1489,777,2024-04-22,delivered,Card
1490,743,2024-05-06,delivered,Card
1491,451,2023-11-08,delivered,NetBanking
1492,451,2023-06-11,delivered,UPI
1493,695,2025-09-16,delivered,COD
1494,970,2025-01-16,delivered,COD
1495,217,2025-08-07,delivered,NetBanking
1496,784,2024-04-04,delivered,Card
1497,392,2025-04-16,delivered,UPI
1498,4,2023-07-13,delivered,Card
1499,977,2024-09-17,delivered,UPI
1500,343,2025-01-13,delivered,UPI
1501,1117,2025-07-09,delivered,UPI
1502,245,2025-10-20,returned,UPI
1503,704,2023-12-30,delivered,NetBanking
1504,1191,2024-11-22,delivered,UPI
1505,853,2024-06-19,delivered,UPI
1506,1191,2024-07-11,cancelled,NetBanking
1507,1049,2025-08-25,cancelled,UPI
1508,779,2025-03-01,delivered,UPI
1509,335,2023-09-22,delivered,UPI
1510,723,2025-01-13,cancelled,Card
1511,87,2025-12-04,delivered,COD
1512,1191,2024-11-15,delivered,COD
1513,890,2025-02-11,delivered,COD
1514,116,2025-11-15,delivered,UPI
1515,368,2024-04-08,delivered,UPI
1516,633,2025-03-20,delivered,UPI
1517,1143,2024-06-30,shipped,UPI
1518,245,2025-06-26,returned,Card
1519,1067,2024-06-16,delivered,COD
1520,401,2024-12-22,delivered,UPI
1521,1191,2025-04-29,delivered,UPI
1522,765,2025-04-24,delivered,NetBanking
1523,1191,2025-06-07,cancelled,UPI
1524,451,2023-07-12,delivered,COD
1525,956,2023-11-09,delivered,Card
1526,565,2024-05-03,shipped,Card
1527,631,2025-05-24,shipped,Card
1528,259,2024-02-13,delivered,COD
1529,529,2025-10-31,delivered,UPI
1530,4,2024-03-15,delivered,COD
1531,1140,2025-02-10,delivered,Card
1532,1176,2024-11-07,delivered,NetBanking
1533,280,2024-08-27,delivered,UPI
1534,452,2025-06-28,delivered,Card
1535,953,2024-11-07,delivered,Card
1536,195,2024-10-18,delivered,UPI
1537,887,2024-04-05,delivered,Card
1538,1191,2024-08-07,delivered,COD
1539,455,2025-08-20,delivered,UPI
1540,440,2024-02-16,cancelled,UPI
1541,1191,2025-04-06,returned,COD
1542,896,2025-09-29,delivered,Card
1543,440,2025-02-07,delivered,UPI
1544,1186,2025-11-21,delivered,UPI
1545,918,2024-05-30,delivered,UPI
1546,1073,2024-05-27,delivered,COD
1547,1083,2024-11-16,delivered,NetBanking
1548,1191,2024-07-23,delivered,Card
1549,959,2025-01-26,delivered,UPI
1550,199,2025-10-01,delivered,UPI
1551,645,2023-04-30,delivered,UPI
1552,770,2025-05-06,returned,Card
1553,1192,2024-11-12,shipped,UPI
1554,347,2025-07-06,shipped,COD
1555,268,2025-08-22,delivered,Card
1556,435,2025-04-14,delivered,UPI
1557,157,2023-04-10,delivered,UPI
1558,187,2024-04-10,delivered,UPI
1559,242,2025-04-25,delivered,Card
1560,325,2024-06-05,delivered,UPI
1561,1101,2024-12-29,delivered,UPI
1562,790,2024-09-02,delivered,COD
1563,227,2024-09-15,delivered,Card
1564,1037,2025-02-01,shipped,Card
1565,815,2023-08-31,delivered,COD
1566,173,2025-07-31,delivered,Card
1567,1117,2025-08-09,delivered,UPI
1568,1039,2024-01-16,delivered,UPI
1569,1040,2024-06-13,delivered,UPI
1570,425,2025-04-16,delivered,UPI
1571,711,2024-05-25,delivered,COD
1572,790,2024-07-07,cancelled,UPI
1573,501,2024-01-09,delivered,Card
1574,1039,2023-12-06,delivered,NetBanking
1575,706,2024-08-18,delivered,UPI
1576,673,2024-11-23,delivered,UPI
1577,12,2025-09-25,shipped,UPI
1578,978,2025-02-03,cancelled,Card
1579,970,2025-08-01,delivered,UPI
1580,152,2025-02-01,delivered,UPI
1581,1040,2024-07-12,delivered,COD
1582,38,2024-12-10,delivered,UPI
1583,669,2025-01-25,delivered,Card
1584,1191,2025-04-15,delivered,Card
1585,487,2025-01-10,delivered,UPI
1586,1039,2025-02-08,delivered,COD
1587,1078,2025-05-07,delivered,COD
1588,1191,2025-11-17,delivered,Card
1589,211,2024-01-25,delivered,COD
1590,264,2025-04-27,delivered,Card
1591,413,2025-08-20,delivered,UPI
1592,1191,2025-08-13,delivered,UPI
1593,314,2023-07-12,delivered,UPI
1594,1041,2025-08-03,delivered,NetBanking
1595,392,2024-04-01,delivered,Card
1596,67,2023-11-11,delivered,UPI
1597,451,2024-07-21,delivered,UPI
1598,381,2023-07-23,delivered,UPI
1599,474,2024-11-14,delivered,NetBanking
1600,434,2024-08-08,delivered,Card
1601,503,2024-09-23,delivered,Card
1602,1040,2023-10-25,cancelled,UPI
1603,1047,2024-04-04,delivered,UPI
1604,834,2025-04-11,delivered,COD
1605,59,2025-02-01,delivered,UPI
1606,962,2023-09-28,delivered,COD
1607,934,2025-02-01,delivered,UPI
1608,442,2024-02-16,delivered,Card
1609,4,2024-11-26,delivered,UPI
1610,679,2024-12-26,shipped,NetBanking
1611,1192,2025-05-10,delivered,Card
1612,173,2024-11-14,cancelled,Card
1613,1166,2025-06-12,cancelled,COD
1614,1115,2024-05-24,cancelled,COD
1615,1191,2025-09-14,delivered,COD
1616,1097,2025-01-04,delivered,UPI
1617,412,2023-06-20,shipped,Card
1618,175,2025-03-07,shipped,Card
1619,180,2025-01-20,delivered,Card
1620,655,2025-04-09,delivered,UPI
1621,31,2025-06-07,delivered,COD
1622,1191,2025-02-23,delivered,UPI
1623,581,2024-01-21,delivered,UPI
1624,867,2023-09-09,cancelled,Card
1625,690,2025-09-11,delivered,UPI
1626,788,2023-10-18,delivered,COD
1627,173,2024-06-02,shipped,UPI
1628,607,2025-11-16,delivered,UPI
1629,1191,2025-10-24,delivered,UPI
1630,11,2024-08-03,delivered,UPI
1631,1191,2024-10-25,delivered,UPI
1632,173,2024-08-19,delivered,UPI
1633,506,2024-10-26,delivered,Card
1634,862,2024-09-20,delivered,COD
1635,768,2024-09-08,delivered,UPI
1636,451,2023-11-24,cancelled,Card
1637,604,2024-06-17,delivered,Card
1638,898,2024-08-23,delivered,Card
1639,564,2023-06-03,delivered,Card
1640,367,2025-10-07,delivered,NetBanking
1641,746,2025-09-30,delivered,COD
1642,419,2024-12-09,delivered,COD
1643,690,2025-02-18,delivered,COD
1644,644,2024-09-03,delivered,Card
1645,1191,2025-07-06,delivered,UPI
1646,374,2023-10-31,delivered,NetBanking
1647,1167,2024-05-29,delivered,Card
1648,1197,2024-05-31,delivered,UPI
1649,845,2024-10-14,delivered,COD
1650,415,2024-03-21,delivered,UPI
1651,1145,2025-05-03,delivered,UPI
1652,882,2025-07-20,returned,NetBanking
1653,1005,2024-01-12,delivered,Card
1654,451,2024-01-09,delivered,UPI
1655,189,2025-02-02,delivered,Card
1656,1191,2025-10-18,delivered,COD
1657,200,2024-12-13,delivered,Card
1658,766,2024-01-02,delivered,UPI
1659,159,2024-10-09,delivered,UPI
1660,181,2024-06-07,delivered,COD
1661,1191,2025-03-01,delivered,COD
1662,922,2024-08-16,delivered,Card
1663,369,2024-05-30,delivered,COD
1664,668,2025-06-10,cancelled,UPI
1665,1186,2024-07-28,cancelled,COD
1666,527,2024-10-31,delivered,NetBanking
1667,628,2024-07-23,delivered,COD
1668,136,2023-05-23,delivered,UPI
1669,1196,2025-11-19,delivered,UPI
1670,152,2024-05-25,delivered,UPI
1671,433,2025-03-19,delivered,COD
1672,113,2024-04-13,delivered,UPI
1673,894,2024-04-10,delivered,COD
1674,1,2024-09-28,delivered,COD
1675,173,2024-03-30,delivered,UPI
1676,537,2023-10-30,delivered,COD
1677,735,2024-11-07,delivered,Card
1678,868,2024-05-16,delivered,COD
1679,235,2023-06-02,shipped,Card
1680,442,2024-08-20,delivered,Card
1681,66,2024-05-03,delivered,UPI
1682,848,2023-10-08,delivered,NetBanking
1683,267,2025-07-06,returned,UPI
1684,4,2024-03-05,delivered,Card
1685,471,2025-01-03,cancelled,NetBanking
1686,1191,2024-12-22,delivered,COD
1687,832,2024-04-18,delivered,COD
1688,972,2024-03-17,delivered,UPI
1689,213,2025-07-03,delivered,COD
1690,1186,2025-09-15,delivered,UPI
1691,739,2025-11-04,delivered,COD
1692,1066,2024-07-21,delivered,COD
1693,180,2024-07-19,delivered,UPI
1694,415,2023-05-02,delivered,Card
1695,696,2024-05-31,delivered,UPI
1696,1020,2025-08-16,returned,NetBanking
1697,30,2024-08-15,delivered,Card
1698,201,2023-09-20,delivered,COD
1699,237,2025-11-11,returned,COD
1700,403,2025-10-06,delivered,Card
1701,18,2023-11-25,delivered,UPI
1702,541,2025-05-15,delivered,COD
1703,1012,2023-12-26,delivered,Card
1704,527,2024-11-15,delivered,COD
1705,837,2024-07-23,delivered,Card
1706,1061,2025-01-28,delivered,UPI
1707,539,2024-09-19,delivered,UPI
1708,1003,2023-10-08,cancelled,COD
1709,97,2025-06-05,delivered,COD
1710,451,2025-01-19,cancelled,Card
1711,570,2023-05-14,delivered,Card
1712,474,2024-02-01,delivered,UPI
1713,1167,2024-12-11,delivered,NetBanking
1714,461,2024-06-10,delivered,COD
1715,959,2024-06-20,delivered,UPI
1716,367,2025-01-16,delivered,Card
1717,527,2024-08-07,delivered,NetBanking
1718,1191,2024-12-14,delivered,UPI
1719,444,2024-06-15,delivered,UPI
1720,133,2025-10-06,delivered,UPI
1721,95,2025-07-09,delivered,Card
1722,959,2023-12-26,delivered,UPI
1723,876,2025-05-21,shipped,Card
1724,27,2024-06-21,delivered,UPI
1725,492,2024-04-01,delivered,NetBanking
1726,899,2024-07-07,delivered,UPI
1727,173,2025-05-27,delivered,COD
1728,834,2025-11-21,delivered,COD
1729,452,2025-03-31,delivered,UPI
1730,109,2024-11-16,delivered,Card
1731,215,2024-10-18,delivered,Card
1732,517,2024-02-04,delivered,UPI
1733,1024,2023-03-31,delivered,COD
1734,829,2025-02-10,delivered,UPI
1735,123,2024-07-03,delivered,Card
1736,1191,2025-01-28,delivered,UPI
1737,384,2023-12-28,delivered,UPI
1738,346,2023-11-14,delivered,Card
1739,631,2024-12-27,delivered,Card
1740,1034,2025-10-10,shipped,UPI
1741,70,2025-02-12,returned,UPI
1742,112,2024-10-16,delivered,COD
1743,695,2025-07-05,delivered,UPI
1744,255,2025-12-06,delivered,COD
1745,308,2024-03-13,cancelled,COD
1746,173,2024-06-29,delivered,NetBanking
1747,451,2023-09-02,delivered,UPI
1748,1191,2025-11-11,delivered,Card
1749,289,2024-08-27,delivered,Card
1750,559,2024-11-13,delivered,UPI
1751,161,2024-05-23,delivered,NetBanking
1752,331,2024-10-20,delivered,COD
1753,387,2025-07-09,delivered,Card
1754,719,2025-04-03,delivered,UPI
1755,157,2024-03-13,delivered,Card
1756,1191,2025-04-11,delivered,Card
1757,567,2025-05-11,cancelled,COD
1758,1191,2024-11-06,returned,UPI
1759,52,2025-02-10,delivered,Card
1760,1191,2025-12-13,delivered,Card
1761,229,2025-06-05,delivered,Card
1762,842,2025-03-10,cancelled,COD
1763,593,2025-07-12,delivered,Card
1764,897,2025-02-27,delivered,UPI
1765,1099,2025-01-13,delivered,NetBanking
1766,230,2024-11-17,delivered,UPI
1767,1191,2025-06-20,delivered,COD
1768,1133,2023-09-10,delivered,COD
1769,950,2024-09-14,delivered,UPI
1770,153,2024-11-12,delivered,Card
1771,540,2023-11-09,delivered,Card
1772,489,2023-12-26,delivered,UPI
1773,329,2025-07-25,delivered,Card
1774,255,2025-09-06,cancelled,NetBanking
1775,317,2024-07-28,cancelled,UPI
1776,1191,2025-12-08,delivered,UPI
1777,173,2024-07-01,delivered,Card
1778,55,2024-08-21,delivered,UPI
1779,1191,2024-10-04,delivered,UPI
1780,175,2024-09-09,delivered,Card
1781,1184,2025-01-08,delivered,COD
1782,1020,2024-06-12,delivered,UPI
1783,540,2023-12-28,delivered,COD
1784,4,2023-10-14,delivered,UPI
1785,923,2024-02-09,delivered,Card
1786,996,2025-03-19,shipped,UPI
1787,1087,2024-09-12,delivered,NetBanking
1788,1099,2025-05-09,returned,UPI
1789,279,2025-01-10,delivered,NetBanking
1790,22,2025-08-22,delivered,UPI
1791,435,2024-09-02,delivered,COD
1792,1039,2024-05-23,delivered,UPI
1793,220,2024-07-08,delivered,NetBanking
1794,358,2024-01-15,delivered,UPI
1795,1191,2024-10-27,delivered,Card
1796,279,2024-02-20,delivered,UPI
1797,1165,2025-07-18,delivered,UPI
1798,1191,2025-11-23,delivered,UPI
1799,778,2024-11-16,delivered,UPI
1800,721,2023-11-06,delivered,COD
1801,549,2024-10-17,delivered,Card
1802,63,2025-01-14,delivered,COD
1803,1171,2024-03-01,delivered,COD
1804,538,2023-07-14,delivered,UPI
1805,140,2024-04-18,delivered,UPI
1806,579,2025-09-13,delivered,UPI
1807,1191,2025-08-10,delivered,COD
1808,38,2025-05-22,delivered,COD
1809,317,2025-11-11,delivered,UPI
1810,4,2024-02-11,delivered,COD
1811,540,2024-10-30,delivered,UPI
1812,941,2024-08-11,delivered,Card
1813,837,2025-01-20,delivered,COD
1814,1093,2024-11-29,delivered,UPI
1815,794,2023-11-07,delivered,NetBanking
1816,195,2024-06-20,delivered,COD
1817,460,2025-02-16,delivered,COD
1818,452,2025-04-23,delivered,UPI
1819,300,2024-08-26,delivered,UPI
1820,328,2024-09-17,delivered,UPI
1821,451,2024-05-26,delivered,COD
1822,162,2025-08-28,delivered,COD
1823,161,2024-02-18,delivered,UPI
1824,972,2024-11-22,returned,UPI
1825,281,2025-08-25,delivered,NetBanking
1826,173,2025-06-03,delivered,UPI
1827,387,2025-11-02,delivered,Card
1828,253,2024-02-22,delivered,Card
1829,374,2024-07-26,shipped,Card
1830,898,2025-01-10,delivered,UPI
1831,945,2023-07-10,shipped,COD
1832,465,2024-01-26,delivered,UPI
1833,618,2024-12-04,delivered,Card
1834,729,2024-04-11,delivered,UPI
1835,993,2025-04-12,delivered,Card
1836,166,2023-06-30,shipped,UPI
1837,745,2025-02-26,delivered,Card
1838,744,2025-06-11,delivered,COD
1839,793,2024-01-09,cancelled,UPI
1840,1191,2024-10-17,delivered,COD
1841,500,2023-06-21,delivered,Card
1842,768,2023-07-26,shipped,NetBanking
1843,70,2024-09-02,delivered,COD
1844,1191,2025-04-17,delivered,UPI
1845,37,2023-10-19,delivered,UPI
1846,206,2024-10-17,delivered,Card
1847,245,2025-12-19,delivered,UPI
1848,616,2025-07-22,delivered,UPI
1849,888,2025-07-20,delivered,UPI
1850,699,2024-01-10,delivered,COD
1851,322,2024-01-17,delivered,Card
1852,474,2024-02-14,delivered,COD
1853,12,2025-11-23,delivered,Card
1854,679,2025-08-23,cancelled,NetBanking
1855,949,2025-04-21,delivered,UPI
1856,40,2024-05-02,delivered,UPI
1857,1105,2025-10-14,delivered,Card
1858,495,2024-06-26,delivered,COD
1859,781,2024-11-04,returned,COD
1860,627,2025-04-29,delivered,UPI
1861,936,2025-04-18,shipped,COD
1862,17,2024-08-08,delivered,Card
1863,1014,2023-01-21,delivered,NetBanking
1864,484,2024-09-27,delivered,Card
1865,413,2025-08-06,delivered,Card
1866,790,2025-10-05,cancelled,NetBanking
1867,762,2024-05-14,delivered,UPI
1868,1191,2025-03-03,cancelled,UPI
1869,451,2024-04-19,cancelled,Card
1870,1003,2024-01-11,delivered,Card
1871,433,2024-01-29,delivered,Card
1872,978,2024-03-21,delivered,UPI
1873,1074,2023-09-11,delivered,UPI
1874,1110,2023-11-03,delivered,UPI
1875,283,2025-08-04,delivered,COD
1876,199,2025-10-26,delivered,COD
1877,95,2025-11-01,delivered,NetBanking
1878,777,2024-11-15,delivered,Card
1879,392,2025-03-18,delivered,NetBanking
1880,332,2024-04-14,delivered,Card
1881,1143,2024-04-15,delivered,Card
1882,548,2024-06-04,delivered,Card
1883,1056,2024-09-17,delivered,Card
1884,167,2025-06-15,delivered,COD
1885,157,2024-12-15,delivered,COD
1886,508,2024-12-08,shipped,UPI
1887,423,2025-03-20,delivered,Card
1888,451,2024-05-30,delivered,NetBanking
1889,328,2024-01-01,delivered,UPI
1890,249,2024-05-17,delivered,Card
1891,959,2024-04-09,delivered,UPI
1892,98,2024-12-12,delivered,UPI
1893,482,2025-05-21,delivered,Card
1894,314,2024-01-13,delivered,Card
1895,252,2025-04-12,delivered,UPI
1896,146,2025-03-11,delivered,UPI
1897,475,2024-04-14,cancelled,COD
1898,1112,2024-12-03,delivered,NetBanking
1899,220,2023-07-06,delivered,UPI
1900,611,2025-03-18,delivered,NetBanking
1901,280,2024-03-13,delivered,UPI
1902,74,2024-11-04,delivered,UPI
1903,1171,2025-05-22,shipped,COD
1904,814,2024-04-23,cancelled,Card
1905,893,2023-08-18,delivered,UPI
1906,962,2024-05-21,cancelled,COD
1907,173,2025-09-07,delivered,Card
1908,793,2024-04-18,delivered,UPI
1909,1081,2023-07-28,delivered,UPI
1910,91,2023-10-30,delivered,NetBanking
1911,168,2024-02-18,delivered,Card
1912,343,2024-03-22,delivered,UPI
1913,36,2024-04-02,delivered,UPI
1914,122,2025-03-16,cancelled,Card
1915,763,2023-12-16,delivered,UPI
1916,251,2024-10-09,delivered,Card
1917,283,2025-09-15,delivered,Card
1918,4,2024-10-19,delivered,Card
1919,355,2025-04-03,delivered,COD
1920,548,2024-04-05,shipped,UPI
1921,619,2025-06-28,delivered,UPI
1922,55,2023-03-08,cancelled,Card
1923,233,2024-06-19,delivered,Card
1924,302,2025-08-26,delivered,UPI
1925,87,2025-12-13,delivered,Card
1926,635,2025-12-03,delivered,NetBanking
1927,360,2023-01-20,delivered,UPI
1928,173,2024-07-31,delivered,UPI
1929,425,2024-10-17,delivered,UPI
1930,290,2025-08-19,delivered,COD
1931,618,2023-11-29,cancelled,Card
1932,684,2024-01-27,delivered,COD
1933,526,2024-09-26,delivered,Card
1934,4,2024-05-25,cancelled,UPI
1935,1191,2025-06-30,delivered,COD
1936,173,2024-09-15,cancelled,UPI
1937,1191,2025-06-26,delivered,COD
1938,615,2023-07-24,delivered,UPI
1939,184,2025-01-22,delivered,UPI
1940,451,2023-12-23,delivered,COD
1941,859,2023-09-26,delivered,UPI
1942,300,2024-12-01,delivered,NetBanking
1943,886,2025-01-27,delivered,Card
1944,195,2024-11-18,delivered,UPI
1945,871,2024-11-24,delivered,UPI
1946,920,2025-01-28,delivered,UPI
1947,137,2024-03-06,delivered,COD
1948,412,2024-06-03,delivered,UPI
1949,386,2024-12-04,cancelled,UPI
1950,318,2024-12-30,delivered,Card
1951,36,2024-12-12,delivered,UPI
1952,1191,2025-08-31,delivered,Card
1953,157,2023-08-03,delivered,UPI
1954,152,2025-01-15,delivered,UPI
1955,86,2025-04-26,delivered,NetBanking
1956,1175,2024-03-15,delivered,Card
1957,1035,2024-09-06,delivered,Card
1958,98,2024-12-27,delivered,COD
1959,87,2025-10-09,delivered,COD
1960,114,2024-01-28,cancelled,UPI
1961,106,2024-10-31,delivered,Card
1962,206,2024-09-30,delivered,Card
1963,208,2025-02-04,delivered,Card
1964,519,2025-06-12,delivered,NetBanking
1965,977,2024-05-06,delivered,NetBanking
1966,624,2023-12-10,delivered,COD
1967,212,2025-09-22,returned,NetBanking
1968,330,2025-03-12,delivered,NetBanking
1969,1133,2023-11-23,delivered,NetBanking
1970,1047,2025-10-04,delivered,UPI
1971,306,2025-08-21,shipped,UPI
1972,959,2024-12-09,shipped,COD
1973,387,2024-11-21,delivered,UPI
1974,562,2023-11-14,delivered,Card
1975,1191,2025-08-16,delivered,Card
1976,1191,2024-09-21,delivered,NetBanking
1977,281,2025-01-29,delivered,UPI
1978,873,2024-05-24,delivered,UPI
1979,1178,2024-02-24,cancelled,UPI
1980,1142,2024-07-21,delivered,Card
1981,137,2024-04-05,returned,Card
1982,392,2025-08-27,delivered,UPI
1983,173,2024-05-23,delivered,COD
1984,372,2023-04-24,delivered,UPI
1985,241,2023-10-22,shipped,UPI
1986,747,2024-06-18,delivered,Card
1987,978,2023-11-23,delivered,UPI
1988,631,2024-07-23,cancelled,COD
1989,419,2024-04-30,returned,UPI
1990,968,2024-06-29,delivered,Card
1991,747,2025-06-18,delivered,UPI
1992,4,2024-04-29,delivered,Card
1993,1174,2023-09-08,delivered,NetBanking
1994,981,2024-08-24,delivered,Card
1995,173,2024-08-08,delivered,UPI
1996,540,2023-10-27,delivered,Card
1997,847,2025-03-07,delivered,UPI
1998,784,2024-03-16,delivered,UPI
1999,743,2025-06-04,delivered,Card
2000,1191,2025-09-25,delivered,COD
2001,407,2023-09-26,shipped,Card
2002,685,2024-10-29,delivered,Card
2003,277,2024-01-15,delivered,UPI
2004,1001,2023-07-25,delivered,UPI
2005,304,2025-03-10,delivered,UPI
2006,1080,2023-11-14,delivered,Card
2007,1186,2024-11-13,delivered,COD
2008,296,2024-07-22,delivered,UPI
2009,921,2025-01-12,delivered,UPI
2010,4,2024-05-09,cancelled,UPI
2011,502,2025-01-19,delivered,Card
2012,442,2024-04-25,delivered,COD
2013,304,2025-07-17,cancelled,Card
2014,814,2025-05-14,delivered,COD
2015,854,2025-01-28,delivered,Card
2016,638,2024-05-05,delivered,COD
2017,87,2024-08-27,delivered,UPI
2018,708,2025-04-24,delivered,Card
2019,916,2024-11-23,delivered,UPI
2020,451,2024-06-22,delivered,Card
2021,722,2025-05-30,delivered,Card
2022,609,2025-02-26,delivered,UPI
2023,978,2025-06-02,delivered,Card
2024,720,2024-11-20,shipped,UPI
2025,942,2024-08-01,shipped,UPI
2026,79,2024-04-29,delivered,COD
2027,847,2023-10-05,delivered,COD
2028,225,2025-04-27,delivered,UPI
2029,65,2025-04-24,delivered,Card
2030,1002,2024-10-19,returned,COD
2031,411,2025-04-18,delivered,UPI
2032,744,2025-05-09,delivered,COD
2033,230,2024-04-27,delivered,Card
2034,173,2025-07-17,delivered,UPI
2035,1033,2024-09-30,delivered,UPI
2036,1191,2025-05-12,returned,UPI
2037,180,2025-06-20,delivered,COD
2038,1086,2023-11-28,delivered,COD
2039,1191,2025-02-27,delivered,UPI
2040,157,2024-05-27,delivered,NetBanking
2041,211,2024-11-11,delivered,UPI
2042,297,2024-08-11,delivered,UPI
2043,1110,2024-10-14,delivered,COD
2044,173,2025-08-22,returned,Card
2045,17,2025-06-24,delivered,UPI
2046,576,2024-10-06,delivered,Card
2047,1083,2024-04-01,delivered,Card
2048,393,2025-01-13,delivered,Card
2049,496,2025-10-12,cancelled,COD
2050,173,2024-11-17,delivered,UPI
2051,98,2025-07-24,delivered,Card
2052,1023,2024-12-07,delivered,UPI
2053,540,2024-04-18,delivered,UPI
2054,470,2025-11-11,delivered,UPI
2055,526,2024-05-23,delivered,UPI
2056,426,2024-07-25,delivered,Card
2057,980,2024-05-24,returned,UPI
2058,621,2025-10-11,delivered,Card
2059,730,2024-01-18,shipped,UPI
2060,229,2025-08-08,delivered,NetBanking
2061,765,2025-12-22,delivered,COD
2062,837,2024-06-12,delivered,Card
2063,128,2024-08-06,delivered,NetBanking
2064,655,2025-11-08,delivered,UPI
2065,547,2025-04-21,delivered,Card
2066,874,2024-06-21,delivered,COD
2067,452,2025-03-28,delivered,UPI
2068,1097,2024-06-29,delivered,Card
2069,1184,2025-04-30,delivered,UPI
2070,665,2023-07-15,delivered,COD
2071,540,2023-02-14,delivered,UPI
2072,145,2024-06-05,delivered,COD
2073,277,2024-02-12,delivered,NetBanking
2074,482,2025-01-15,delivered,UPI
2075,451,2023-09-04,delivered,NetBanking
2076,549,2025-08-26,shipped,UPI
2077,206,2025-12-26,delivered,UPI
2078,343,2024-02-22,delivered,COD
2079,65,2025-04-14,delivered,Card
2080,541,2025-08-02,delivered,UPI
2081,413,2025-06-30,delivered,Card
2082,701,2024-11-18,delivered,Card
2083,777,2025-02-16,delivered,NetBanking
2084,711,2023-10-25,returned,Card
2085,1191,2025-09-11,delivered,COD
2086,451,2023-09-12,delivered,COD
2087,411,2024-07-30,delivered,Card
2088,417,2025-05-16,delivered,UPI
2089,541,2025-07-26,delivered,Card
2090,1191,2025-11-26,shipped,COD
2091,320,2025-03-05,delivered,NetBanking
2092,563,2024-04-24,delivered,COD
2093,812,2024-12-20,shipped,Card
2094,145,2025-07-01,delivered,UPI
2095,1191,2025-02-04,delivered,COD
2096,213,2024-11-14,returned,UPI
2097,1191,2025-01-05,cancelled,Card
2098,606,2025-03-16,delivered,Card
2099,540,2024-08-25,shipped,NetBanking
2100,361,2024-08-27,delivered,COD
2101,181,2024-08-25,delivered,COD
2102,793,2024-07-11,delivered,UPI
2103,106,2024-11-17,returned,Card
2104,679,2025-06-15,delivered,Card
2105,583,2024-11-23,delivered,COD
2106,1191,2025-04-28,delivered,Card
2107,1191,2024-12-04,delivered,COD
2108,81,2025-09-04,delivered,COD
2109,618,2023-08-23,delivered,Card
2110,419,2024-05-21,delivered,COD
2111,648,2023-06-25,returned,COD
2112,1191,2025-04-27,delivered,COD
2113,173,2025-09-02,delivered,COD
2114,445,2024-06-27,delivered,UPI
2115,225,2025-04-05,delivered,UPI
2116,1035,2023-10-16,returned,UPI
2117,1191,2025-07-31,delivered,UPI
2118,173,2025-09-22,delivered,Card
2119,257,2024-09-21,delivered,COD
2120,149,2024-10-05,delivered,Card
2121,610,2024-12-17,delivered,UPI
2122,785,2024-10-17,delivered,UPI
2123,258,2025-08-07,delivered,COD
2124,182,2024-09-04,delivered,NetBanking
2125,897,2024-05-07,shipped,COD
2126,557,2025-04-15,delivered,UPI
2127,1196,2024-04-09,delivered,UPI
2128,565,2025-04-21,delivered,Card
2129,173,2025-09-01,delivered,COD
2130,679,2025-11-14,delivered,UPI
2131,130,2023-07-25,delivered,UPI
2132,1020,2025-05-20,delivered,COD
2133,1191,2025-02-15,shipped,UPI
2134,415,2023-11-26,delivered,COD
2135,352,2024-08-28,delivered,Card
2136,1092,2024-10-04,delivered,COD
2137,631,2023-12-30,delivered,UPI
2138,258,2024-07-14,delivered,UPI
2139,451,2023-10-03,delivered,UPI
2140,1040,2024-07-07,delivered,Card
2141,181,2024-08-07,delivered,UPI
2142,805,2024-10-22,shipped,Card
2143,173,2025-07-14,delivered,COD
2144,1056,2023-08-20,cancelled,NetBanking
2145,1155,2025-08-14,delivered,Card
2146,965,2024-11-28,delivered,UPI
2147,4,2024-01-16,delivered,UPI
2148,111,2025-01-16,delivered,UPI
2149,980,2024-04-02,delivered,UPI
2150,539,2024-07-29,delivered,UPI
2151,157,2023-06-28,delivered,COD
2152,557,2025-10-03,delivered,Card
2153,4,2024-02-20,delivered,UPI
2154,392,2024-04-11,shipped,UPI
2155,173,2024-09-20,cancelled,Card
2156,173,2025-03-04,delivered,NetBanking
2157,4,2024-02-13,delivered,COD
2158,67,2025-01-22,delivered,NetBanking
2159,1003,2023-03-12,shipped,Card
2160,444,2024-02-11,delivered,UPI
2161,739,2025-10-18,cancelled,UPI
2162,784,2025-12-08,delivered,Card
2163,1191,2025-03-16,delivered,Card
2164,1191,2025-04-11,delivered,UPI
2165,811,2024-01-27,delivered,UPI
2166,136,2023-06-03,shipped,UPI
2167,657,2024-08-23,delivered,COD
2168,317,2024-11-24,delivered,Card
2169,1189,2024-07-30,delivered,UPI
2170,1191,2025-07-05,delivered,Card
2171,1191,2024-10-12,delivered,Card
2172,268,2024-09-08,delivered,UPI
2173,4,2023-09-28,cancelled,COD
2174,169,2024-07-24,delivered,Card
2175,772,2024-01-08,delivered,Card
2176,833,2025-01-26,delivered,Card
2177,173,2025-06-08,delivered,Card
2178,1191,2025-03-17,delivered,Card
2179,451,2024-04-20,cancelled,NetBanking
2180,173,2025-01-25,delivered,NetBanking
2181,245,2024-10-03,delivered,UPI
2182,578,2025-07-28,delivered,UPI
2183,1169,2024-12-11,cancelled,Card
2184,113,2024-12-04,delivered,UPI
2185,693,2025-01-19,cancelled,UPI
2186,29,2024-11-16,delivered,COD
2187,829,2025-05-08,delivered,Card
2188,152,2024-07-03,delivered,COD
2189,159,2025-11-04,delivered,NetBanking
2190,528,2023-10-24,delivered,UPI
2191,1148,2024-07-13,delivered,NetBanking
2192,108,2024-12-11,delivered,Card
2193,691,2025-01-30,delivered,Card
2194,648,2023-10-18,delivered,COD
2195,843,2025-02-18,delivered,UPI
2196,345,2025-05-16,delivered,Card
2197,853,2024-09-02,delivered,UPI
2198,125,2024-07-16,delivered,COD
2199,280,2024-02-15,delivered,UPI
2200,451,2024-12-08,delivered,Card
2201,87,2024-08-20,shipped,UPI
2202,723,2024-03-19,returned,Card
2203,955,2025-06-16,delivered,UPI
2204,590,2024-12-23,delivered,COD
2205,1197,2024-12-05,delivered,UPI
2206,334,2024-12-08,delivered,NetBanking
2207,1186,2025-03-18,delivered,COD
2208,721,2024-04-24,delivered,Card
2209,643,2025-09-10,delivered,UPI
2210,336,2024-01-16,delivered,UPI
2211,127,2024-07-12,delivered,NetBanking
2212,1088,2025-01-12,shipped,UPI
2213,173,2024-03-10,delivered,UPI
2214,87,2024-05-20,delivered,Card
2215,4,2024-01-02,delivered,NetBanking
2216,1191,2025-08-08,shipped,COD
2217,640,2025-04-23,delivered,COD
2218,79,2023-08-12,delivered,Card
2219,451,2023-09-10,delivered,NetBanking
2220,411,2025-08-01,delivered,UPI
2221,589,2024-11-04,delivered,UPI
2222,597,2025-05-12,delivered,COD
2223,1191,2025-07-18,delivered,UPI
2224,784,2024-05-09,delivered,UPI
2225,1052,2024-08-20,delivered,UPI
2226,451,2023-09-02,delivered,UPI
2227,277,2024-06-13,shipped,Card
2228,553,2023-04-16,delivered,Card
2229,433,2024-10-14,delivered,NetBanking
2230,189,2024-07-24,delivered,Card
2231,950,2025-04-16,delivered,UPI
2232,681,2024-09-18,delivered,UPI
2233,498,2025-04-16,delivered,COD
2234,1191,2025-02-18,delivered,UPI
2235,1003,2023-06-18,delivered,COD
2236,173,2024-07-31,delivered,Card
2237,858,2024-10-24,delivered,UPI
2238,665,2024-09-12,delivered,UPI
2239,117,2023-09-23,shipped,COD
2240,534,2024-03-21,delivered,UPI
2241,603,2024-08-29,delivered,UPI
2242,180,2025-03-25,delivered,UPI
2243,777,2024-07-24,delivered,COD
2244,343,2024-01-11,delivered,NetBanking
2245,703,2025-03-22,delivered,UPI
2246,777,2025-01-31,shipped,UPI
2247,233,2025-01-14,delivered,Card
2248,607,2025-11-10,delivered,UPI
2249,636,2025-10-29,delivered,UPI
2250,4,2023-07-01,delivered,UPI
2251,156,2025-01-30,delivered,UPI
2252,184,2024-12-24,delivered,COD
2253,1191,2025-10-29,delivered,UPI
2254,313,2024-07-18,delivered,Card
2255,917,2024-12-25,returned,Card
2256,622,2025-09-08,delivered,UPI
2257,274,2025-11-22,shipped,UPI
2258,1020,2024-04-30,cancelled,NetBanking
2259,1192,2025-07-02,delivered,UPI
2260,261,2023-06-18,delivered,UPI
2261,155,2025-02-17,delivered,UPI
2262,627,2025-06-10,delivered,COD
2263,65,2024-12-09,delivered,UPI
2264,222,2025-04-21,delivered,UPI
2265,724,2024-02-15,delivered,UPI
2266,721,2024-05-27,delivered,UPI
2267,1068,2023-06-24,delivered,Card
2268,343,2024-12-01,delivered,COD
2269,113,2023-11-06,delivered,Card
2270,23,2025-06-19,delivered,UPI
2271,631,2025-03-24,delivered,UPI
2272,1191,2024-09-15,cancelled,COD
2273,84,2024-11-11,delivered,COD
2274,178,2023-08-19,delivered,UPI
2275,1007,2025-01-19,delivered,UPI
2276,711,2024-03-04,delivered,UPI
2277,765,2025-07-10,delivered,UPI
2278,768,2024-08-06,delivered,UPI
2279,206,2024-11-16,delivered,COD
2280,836,2023-12-27,delivered,UPI
2281,116,2025-11-28,delivered,UPI
2282,726,2024-12-17,delivered,COD
2283,173,2024-01-18,delivered,UPI
2284,1186,2024-10-14,delivered,UPI
2285,865,2024-01-01,delivered,COD
2286,380,2024-09-04,delivered,UPI
2287,84,2024-08-19,delivered,Card
2288,1191,2025-03-27,delivered,NetBanking
2289,1100,2025-07-23,delivered,UPI
2290,325,2024-03-08,delivered,UPI
2291,1191,2025-09-10,delivered,Card
2292,559,2024-11-10,delivered,UPI
2293,1020,2024-01-08,delivered,Card
2294,729,2025-06-05,delivered,UPI
2295,474,2023-10-27,delivered,UPI
2296,1117,2025-12-05,delivered,COD
2297,795,2024-10-03,delivered,UPI
2298,802,2025-02-20,delivered,UPI
2299,1191,2025-11-17,delivered,NetBanking
2300,184,2024-11-21,delivered,Card
2301,1191,2025-04-03,delivered,COD
2302,220,2023-07-26,delivered,NetBanking
2303,765,2025-08-26,delivered,COD
2304,1191,2025-01-17,delivered,UPI
2305,934,2024-07-31,delivered,COD
2306,1191,2025-01-08,returned,Card
2307,1191,2025-06-27,delivered,COD
2308,484,2023-10-15,delivered,UPI
2309,572,2024-03-07,delivered,COD
2310,828,2024-02-26,delivered,UPI
2311,11,2025-12-16,delivered,UPI
2312,1191,2025-11-08,delivered,NetBanking
2313,476,2025-08-16,returned,COD
2314,173,2024-08-24,delivered,COD
2315,1145,2025-04-28,delivered,UPI
2316,722,2025-05-29,shipped,UPI
2317,1119,2023-09-09,delivered,Card
2318,627,2024-10-14,delivered,NetBanking
2319,1191,2025-05-24,delivered,NetBanking
2320,1186,2025-02-21,delivered,UPI
2321,784,2024-07-23,delivered,COD
2322,176,2024-12-12,returned,UPI
2323,1186,2024-10-11,returned,COD
2324,325,2025-06-09,delivered,UPI
2325,1186,2024-11-12,delivered,COD
2326,792,2023-05-06,cancelled,Card
2327,541,2025-08-31,delivered,UPI
2328,279,2024-09-13,delivered,UPI
2329,392,2024-12-26,delivered,UPI
2330,944,2024-12-19,returned,UPI
2331,481,2025-01-03,delivered,Card
2332,1015,2024-12-16,delivered,Card
2333,913,2025-09-16,delivered,UPI
2334,625,2024-04-24,delivered,UPI
2335,201,2024-11-05,returned,COD
2336,1047,2025-07-13,delivered,UPI
2337,1100,2024-08-31,shipped,Card
2338,1125,2023-10-29,delivered,UPI
2339,474,2024-08-03,delivered,UPI
2340,148,2024-03-05,delivered,UPI
2341,811,2025-05-29,delivered,Card
2342,421,2024-06-09,delivered,UPI
2343,998,2024-07-07,delivered,Card
2344,632,2023-10-30,delivered,COD
2345,631,2024-08-14,cancelled,UPI
2346,460,2024-12-19,shipped,UPI
2347,1087,2025-01-23,delivered,UPI
2348,930,2024-08-21,delivered,UPI
2349,1165,2025-05-08,delivered,UPI
2350,540,2024-10-24,delivered,UPI
2351,173,2024-02-05,delivered,UPI
2352,779,2025-12-30,cancelled,UPI
2353,1191,2024-08-05,delivered,Card
2354,1192,2024-06-24,delivered,UPI
2355,367,2025-09-17,delivered,UPI
2356,564,2023-10-23,delivered,UPI
2357,173,2024-09-02,delivered,UPI
2358,627,2025-04-03,cancelled,NetBanking
2359,583,2025-04-07,delivered,COD
2360,1038,2023-10-25,delivered,UPI
2361,1191,2025-12-02,delivered,UPI
2362,1191,2024-11-23,shipped,UPI
2363,1183,2025-11-04,cancelled,COD
2364,135,2024-04-16,delivered,NetBanking
2365,1186,2025-12-01,delivered,UPI
2366,1191,2025-06-04,delivered,UPI
2367,718,2025-01-31,delivered,Card
2368,549,2025-04-14,delivered,COD
2369,82,2024-03-24,delivered,NetBanking
2370,89,2023-06-03,cancelled,Card
2371,677,2024-10-05,delivered,UPI
2372,1083,2023-06-09,delivered,Card
2373,156,2024-10-10,delivered,UPI
2374,295,2024-02-16,delivered,Card
2375,240,2024-10-30,delivered,COD
2376,1192,2025-01-27,delivered,UPI
2377,774,2025-01-02,delivered,COD
2378,846,2024-07-01,cancelled,Card
2379,986,2025-04-08,delivered,UPI
2380,373,2024-10-22,delivered,UPI
2381,719,2024-04-29,delivered,COD
2382,868,2024-04-17,delivered,Card
2383,1095,2023-04-17,delivered,COD
2384,719,2024-06-14,delivered,COD
2385,817,2025-02-14,delivered,UPI
2386,1191,2025-05-02,delivered,COD
2387,300,2024-09-26,delivered,Card
2388,442,2024-05-02,delivered,UPI
2389,53,2023-12-31,delivered,UPI
2390,784,2024-11-13,delivered,Card
2391,605,2024-10-14,delivered,UPI
2392,1040,2023-09-03,delivered,Card
2393,520,2025-08-22,delivered,Card
2394,148,2025-04-05,delivered,UPI
2395,159,2025-08-01,delivered,Card
2396,1037,2024-09-29,delivered,Card
2397,116,2024-10-30,delivered,Card
2398,173,2025-04-28,delivered,UPI
2399,392,2025-08-01,cancelled,COD
2400,407,2024-05-26,delivered,NetBanking
2401,1191,2025-05-22,delivered,UPI
2402,917,2025-06-07,delivered,UPI
2403,540,2023-02-07,delivered,UPI
2404,1182,2025-04-27,delivered,UPI
2405,636,2024-02-24,delivered,COD
2406,1140,2024-08-10,delivered,UPI
2407,219,2024-06-28,delivered,Card
2408,1191,2024-08-01,delivered,UPI
2409,955,2025-06-19,delivered,COD
2410,566,2023-09-02,delivered,UPI
2411,719,2024-04-09,delivered,UPI
2412,1043,2025-04-02,delivered,Card
2413,981,2025-05-09,returned,Card
2414,57,2024-12-28,returned,UPI
2415,313,2024-03-02,delivered,UPI
2416,753,2024-01-16,delivered,Card
2417,925,2025-05-24,delivered,NetBanking
2418,116,2025-12-17,cancelled,Card
2419,734,2025-12-19,delivered,Card
2420,1191,2024-12-17,delivered,UPI
2421,505,2024-07-09,delivered,UPI
2422,241,2024-10-03,delivered,NetBanking
2423,157,2023-08-26,delivered,UPI
2424,369,2024-02-25,delivered,Card
2425,835,2025-08-06,delivered,Card
2426,684,2023-12-13,returned,UPI
2427,1191,2025-05-16,delivered,UPI
2428,638,2024-10-06,delivered,NetBanking
2429,562,2023-11-05,delivered,NetBanking
2430,864,2024-03-29,delivered,UPI
2431,173,2025-03-25,cancelled,UPI
2432,994,2025-03-09,delivered,UPI
2433,847,2023-11-05,delivered,UPI
2434,1191,2024-12-09,delivered,UPI
2435,218,2024-09-16,delivered,COD
2436,847,2025-02-09,delivered,Card
2437,311,2024-12-11,delivered,COD
2438,51,2025-04-22,delivered,Card
2439,105,2024-11-29,delivered,Card
2440,194,2024-09-02,delivered,NetBanking
2441,1090,2023-07-18,delivered,UPI
2442,12,2024-12-30,cancelled,Card
2443,173,2025-09-24,delivered,UPI
2444,549,2025-04-09,delivered,Card
2445,797,2025-09-09,shipped,UPI
2446,759,2024-12-07,delivered,UPI
2447,286,2024-02-10,delivered,UPI
2448,559,2025-08-02,delivered,UPI
2449,279,2023-12-23,delivered,UPI
2450,181,2024-03-01,delivered,Card
2451,795,2024-06-15,delivered,UPI
2452,1143,2025-06-12,shipped,UPI
2453,245,2025-10-23,delivered,NetBanking
2454,124,2024-09-24,delivered,Card
2455,309,2024-03-17,shipped,UPI
2456,918,2024-06-14,delivered,UPI
2457,1102,2025-05-17,delivered,Card
2458,640,2025-11-14,delivered,UPI
2459,134,2025-06-19,delivered,UPI
2460,814,2025-01-01,delivered,Card
2461,1052,2024-07-27,delivered,Card
2462,609,2024-02-01,delivered,UPI
2463,639,2023-09-30,delivered,Card
2464,1039,2025-01-27,delivered,COD
2465,317,2025-04-12,delivered,COD
2466,444,2023-07-01,delivered,COD
2467,634,2025-11-19,returned,NetBanking
2468,1174,2023-10-27,returned,UPI
2469,797,2025-01-10,delivered,NetBanking
2470,978,2025-06-28,delivered,Card
2471,1173,2024-06-18,delivered,UPI
2472,173,2024-01-30,delivered,UPI
2473,719,2025-02-12,delivered,Card
2474,1103,2025-11-27,shipped,COD
2475,85,2024-09-13,delivered,COD
2476,1191,2025-04-12,delivered,Card
2477,343,2024-11-17,delivered,COD
2478,15,2024-02-03,cancelled,Card
2479,870,2025-11-28,delivered,UPI
2480,330,2023-11-16,delivered,COD
2481,1171,2025-10-16,delivered,Card
2482,442,2023-05-12,delivered,UPI
2483,210,2025-06-06,delivered,COD
2484,46,2025-09-23,delivered,UPI
2485,576,2024-11-20,shipped,NetBanking
2486,276,2024-07-04,delivered,UPI
2487,556,2025-08-28,delivered,UPI
2488,699,2024-12-09,delivered,COD
2489,328,2025-05-25,returned,UPI
2490,4,2024-04-03,delivered,COD
2491,55,2024-09-09,delivered,NetBanking
2492,452,2025-08-20,delivered,UPI
2493,1002,2024-01-15,delivered,UPI
2494,1192,2025-04-29,delivered,Card
2495,442,2024-05-24,delivered,NetBanking
2496,94,2024-09-17,cancelled,NetBanking
2497,723,2023-06-18,delivered,UPI
2498,789,2025-05-10,delivered,UPI
2499,444,2024-10-27,delivered,UPI
2500,648,2024-06-18,delivered,Card
2501,850,2025-10-20,delivered,Card
2502,1120,2024-11-13,cancelled,UPI
2503,659,2025-09-11,returned,UPI
2504,157,2023-06-10,delivered,COD
2505,354,2024-05-30,delivered,UPI
2506,392,2025-06-13,delivered,UPI
2507,206,2025-05-11,returned,UPI
2508,949,2025-01-27,delivered,NetBanking
2509,1191,2024-10-18,delivered,COD
2510,1191,2025-09-25,delivered,UPI
2511,898,2025-12-19,delivered,COD
2512,917,2025-04-05,delivered,COD
2513,589,2024-03-22,delivered,COD
2514,576,2023-12-16,delivered,Card
2515,1191,2025-09-24,cancelled,Card
2516,1093,2025-07-22,returned,UPI
2517,410,2024-11-19,delivered,Card
2518,1191,2025-09-26,delivered,UPI
2519,503,2024-06-01,delivered,COD
2520,173,2025-10-04,delivered,Card
2521,793,2024-05-11,delivered,Card
2522,1083,2024-05-14,delivered,UPI
2523,238,2024-09-07,delivered,UPI
2524,173,2025-04-08,shipped,UPI
2525,604,2024-05-27,delivered,NetBanking
2526,173,2024-07-26,delivered,NetBanking
2527,173,2024-03-31,delivered,Card
2528,227,2025-04-17,delivered,Card
2529,1040,2024-09-09,delivered,UPI
2530,555,2024-08-08,cancelled,UPI
2531,1191,2024-09-16,delivered,COD
2532,343,2024-01-30,delivered,UPI
2533,1191,2025-07-27,delivered,Card
2534,1191,2025-12-15,delivered,Card
2535,470,2025-10-17,delivered,UPI
2536,834,2024-11-20,delivered,UPI
2537,4,2023-12-31,returned,COD
2538,1177,2025-03-07,delivered,Card
2539,665,2023-08-26,delivered,UPI
2540,1144,2025-04-18,delivered,UPI
2541,692,2025-01-20,delivered,Card
2542,1092,2025-03-27,delivered,UPI
2543,76,2024-01-17,delivered,UPI
2544,95,2024-11-24,delivered,UPI
2545,173,2024-02-22,delivered,COD
2546,733,2025-10-26,delivered,NetBanking
2547,1039,2025-04-27,delivered,UPI
2548,911,2024-12-15,returned,COD
2549,911,2024-07-17,delivered,UPI
2550,74,2024-04-25,delivered,Card
2551,747,2025-03-14,delivered,COD
2552,220,2023-08-21,delivered,UPI
2553,1083,2024-05-01,delivered,Card
2554,267,2025-08-22,shipped,UPI
2555,427,2025-11-09,delivered,COD
2556,263,2024-07-11,delivered,COD
2557,1191,2024-07-29,delivered,NetBanking
2558,173,2025-03-09,shipped,UPI
2559,873,2024-05-30,delivered,UPI
2560,738,2025-08-31,delivered,Card
2561,682,2024-09-23,delivered,UPI
2562,174,2024-08-12,delivered,Card
2563,291,2024-05-04,delivered,Card
2564,255,2025-01-30,delivered,Card
2565,219,2024-11-01,cancelled,UPI
2566,784,2024-12-13,delivered,COD
2567,627,2025-07-08,delivered,COD
2568,508,2025-01-13,delivered,UPI
2569,488,2023-09-02,cancelled,UPI
2570,777,2023-10-06,delivered,Card
2571,679,2025-07-07,delivered,NetBanking
2572,938,2024-08-23,delivered,NetBanking
2573,482,2025-05-27,delivered,UPI
2574,847,2023-12-28,delivered,Card
2575,304,2024-05-08,delivered,Card
2576,1102,2025-11-04,delivered,UPI
2577,1191,2025-07-21,delivered,COD
2578,848,2023-10-15,delivered,UPI
2579,187,2024-04-24,cancelled,COD
2580,441,2023-07-05,delivered,COD
2581,854,2024-05-22,delivered,UPI
2582,730,2024-12-26,cancelled,COD
2583,447,2024-06-06,cancelled,UPI
2584,692,2025-01-13,delivered,UPI
2585,1190,2025-07-04,delivered,Card
2586,114,2023-04-28,delivered,UPI
2587,1116,2023-11-03,delivered,UPI
2588,753,2023-08-24,delivered,UPI
2589,692,2025-02-17,delivered,UPI
2590,233,2023-09-01,delivered,UPI
2591,1083,2024-07-21,delivered,NetBanking
2592,503,2024-09-13,shipped,UPI
2593,507,2023-03-09,shipped,UPI
2594,184,2025-05-04,delivered,Card
2595,160,2024-12-11,delivered,UPI
2596,567,2025-11-21,delivered,Card
2597,675,2025-08-09,delivered,NetBanking
2598,675,2024-03-31,delivered,UPI
2599,646,2024-01-28,delivered,UPI
2600,1191,2025-05-21,delivered,UPI
2601,1154,2024-03-23,cancelled,UPI
2602,157,2023-11-04,delivered,UPI
2603,1003,2024-07-28,shipped,Card
2604,482,2025-02-13,delivered,Card
2605,414,2025-04-16,delivered,UPI
2606,1141,2023-12-07,delivered,UPI
2607,159,2025-05-28,delivered,UPI
2608,558,2023-12-29,delivered,UPI
2609,808,2024-05-25,delivered,Card
2610,1191,2025-10-25,delivered,UPI
2611,1191,2024-11-10,returned,Card
2612,710,2025-10-19,delivered,UPI
2613,159,2025-03-29,shipped,Card
2614,624,2024-02-07,delivered,UPI
2615,595,2024-09-08,delivered,UPI
2616,958,2025-06-27,delivered,COD
2617,447,2024-08-04,delivered,COD
2618,1191,2025-03-15,delivered,UPI
2619,1191,2025-05-18,delivered,Card
2620,720,2023-09-06,delivered,UPI
2621,872,2024-08-28,delivered,COD
2622,540,2023-12-06,delivered,UPI
2623,27,2025-03-30,delivered,UPI
2624,451,2023-12-30,delivered,UPI
2625,1186,2024-10-17,delivered,Card
2626,1092,2024-10-29,delivered,Card
2627,859,2024-06-13,delivered,COD
2628,660,2024-04-27,delivered,UPI
2629,527,2024-08-23,cancelled,Card
2630,1040,2024-05-04,delivered,COD
2631,784,2025-05-21,delivered,NetBanking
2632,618,2024-04-24,delivered,Card
2633,269,2023-12-19,delivered,NetBanking
2634,4,2023-07-30,delivered,COD
2635,343,2025-09-01,delivered,Card
2636,1171,2024-03-12,delivered,UPI
2637,1014,2024-07-21,delivered,Card
2638,173,2024-02-29,delivered,Card
2639,130,2023-10-24,delivered,Card
2640,516,2024-04-26,delivered,UPI
2641,116,2025-06-26,delivered,UPI
2642,190,2024-09-12,delivered,UPI
2643,4,2023-06-04,delivered,UPI
2644,721,2024-12-11,delivered,UPI
2645,645,2024-05-08,shipped,Card
2646,550,2024-09-20,delivered,UPI
2647,887,2023-12-28,delivered,Card
2648,1183,2024-11-24,delivered,UPI
2649,965,2024-04-28,delivered,UPI
2650,65,2024-09-23,delivered,Card
2651,921,2023-12-30,delivered,UPI
2652,98,2025-03-26,delivered,UPI
2653,622,2025-08-21,delivered,Card
2654,540,2023-10-09,delivered,UPI
2655,1019,2023-10-28,delivered,UPI
2656,505,2024-08-16,shipped,UPI
2657,540,2023-11-22,delivered,UPI
2658,1191,2024-11-01,delivered,UPI
2659,484,2023-11-29,delivered,COD
2660,406,2024-05-08,delivered,UPI
2661,1191,2025-10-06,delivered,Card
2662,500,2024-11-27,delivered,UPI
2663,404,2025-12-15,delivered,Card
2664,167,2024-01-19,delivered,UPI
2665,451,2024-07-27,delivered,UPI
2666,1176,2025-09-16,delivered,COD
2667,802,2024-06-05,delivered,UPI
2668,747,2024-04-03,delivered,UPI
2669,540,2024-10-06,delivered,Card
2670,950,2024-08-06,delivered,Card
2671,1007,2024-09-02,delivered,NetBanking
2672,219,2025-05-31,delivered,NetBanking
2673,955,2024-08-15,delivered,Card
2674,67,2025-06-02,delivered,COD
2675,482,2024-10-31,delivered,NetBanking
2676,603,2025-05-09,delivered,UPI
2677,584,2024-12-07,cancelled,NetBanking
2678,149,2024-10-08,delivered,UPI
2679,1133,2024-11-04,delivered,NetBanking
2680,614,2023-12-10,delivered,UPI
2681,603,2025-01-12,delivered,UPI
2682,866,2025-03-13,delivered,Card
2683,730,2024-08-03,returned,UPI
2684,739,2025-04-06,delivered,COD
2685,357,2023-07-25,delivered,Card
2686,403,2024-06-12,delivered,COD
2687,538,2024-06-09,delivered,Card
2688,1120,2024-02-06,delivered,Card
2689,631,2024-08-25,delivered,Card
2690,392,2024-05-18,delivered,UPI
2691,60,2024-04-08,cancelled,COD
2692,237,2025-11-02,delivered,UPI
2693,634,2024-12-31,delivered,UPI
2694,1040,2024-11-24,delivered,Card
2695,1191,2024-10-03,delivered,Card
2696,383,2024-03-26,delivered,UPI
2697,157,2024-04-14,delivered,UPI
2698,791,2025-03-09,delivered,COD
2699,1039,2024-03-27,delivered,NetBanking
2700,904,2023-04-10,delivered,COD
2701,1072,2024-04-03,delivered,Card
2702,255,2025-10-22,returned,Card
2703,505,2024-02-22,delivered,Card
2704,834,2025-06-17,delivered,Card
2705,1057,2024-06-02,delivered,Card
2706,383,2025-06-10,delivered,Card
2707,1023,2025-08-01,delivered,COD
2708,1129,2023-11-12,delivered,UPI
2709,1191,2024-09-20,delivered,UPI
2710,178,2024-04-10,delivered,UPI
2711,113,2024-06-11,delivered,NetBanking
2712,586,2024-08-07,delivered,Card
2713,746,2025-06-14,delivered,Card
2714,1039,2025-02-25,cancelled,UPI
2715,834,2024-11-24,delivered,Card
2716,137,2024-04-16,delivered,UPI
2717,805,2025-02-15,delivered,COD
2718,1191,2025-08-25,delivered,Card
2719,600,2023-05-24,delivered,UPI
2720,863,2025-10-24,delivered,Card
2721,641,2024-07-25,delivered,UPI
2722,614,2023-03-20,delivered,Card
2723,755,2024-10-17,delivered,COD
2724,1191,2025-06-03,delivered,Card
2725,1093,2025-04-10,cancelled,UPI
2726,1174,2023-08-14,delivered,UPI
2727,818,2024-04-13,delivered,UPI
2728,108,2025-02-11,delivered,COD
2729,517,2024-09-22,delivered,Card
2730,173,2025-06-19,delivered,Card
2731,1128,2023-12-19,delivered,Card
2732,313,2024-04-07,returned,NetBanking
2733,482,2024-11-11,delivered,UPI
2734,1116,2023-07-20,delivered,UPI
2735,157,2025-01-02,delivered,Card
2736,18,2024-05-13,delivered,COD
2737,677,2024-07-24,delivered,Card
2738,152,2025-05-14,delivered,Card
2739,1100,2025-09-28,delivered,COD
2740,1137,2023-08-19,delivered,COD
2741,265,2025-04-12,delivered,UPI
2742,701,2025-03-01,returned,UPI
2743,1191,2025-07-09,delivered,COD
2744,1039,2024-04-11,delivered,UPI
2745,354,2024-10-12,delivered,COD
2746,63,2025-03-16,delivered,COD
2747,249,2023-08-12,delivered,Card
2748,919,2025-05-24,delivered,NetBanking
2749,542,2025-03-09,cancelled,NetBanking
2750,904,2024-02-28,delivered,NetBanking
2751,1186,2025-03-22,delivered,Card
2752,194,2024-02-14,delivered,Card
2753,727,2024-09-15,delivered,UPI
2754,1191,2025-12-01,delivered,Card
2755,419,2024-06-14,delivered,Card
2756,564,2023-12-04,delivered,COD
2757,575,2025-09-22,delivered,COD
2758,961,2024-01-17,delivered,Card
2759,978,2025-03-03,delivered,COD
2760,499,2024-10-20,delivered,COD
2761,538,2024-05-31,delivered,UPI
2762,1068,2023-04-12,delivered,COD
2763,31,2024-09-20,returned,Card
2764,883,2024-05-03,delivered,Card
2765,1186,2024-08-13,delivered,UPI
2766,504,2025-05-18,delivered,UPI
2767,112,2024-08-04,delivered,COD
2768,959,2024-03-03,shipped,COD
2769,338,2025-04-17,delivered,UPI
2770,1191,2025-10-20,delivered,UPI
2771,29,2024-12-22,shipped,UPI
2772,1191,2024-09-04,delivered,UPI
2773,588,2024-08-15,delivered,UPI
2774,723,2023-11-13,delivered,COD
2775,1100,2025-02-25,delivered,Card
2776,1191,2024-08-20,shipped,UPI
2777,747,2024-02-25,delivered,UPI
2778,423,2025-06-19,delivered,UPI
2779,1004,2024-11-17,delivered,UPI
2780,56,2025-03-15,delivered,COD
2781,794,2025-01-07,shipped,UPI
2782,935,2024-11-26,delivered,UPI
2783,747,2024-06-30,delivered,COD
2784,451,2023-11-02,delivered,Card
2785,244,2024-07-03,delivered,Card
2786,443,2025-05-23,delivered,Card
2787,104,2024-12-30,delivered,UPI
2788,91,2023-12-02,delivered,Card
2789,451,2024-07-24,delivered,UPI
2790,773,2025-05-08,delivered,COD
2791,39,2025-11-21,shipped,UPI
2792,582,2025-02-12,delivered,Card
2793,1086,2023-04-09,delivered,UPI
2794,1097,2024-05-07,delivered,UPI
2795,67,2024-12-14,delivered,COD
2796,1191,2024-11-20,delivered,COD
2797,1197,2025-02-13,delivered,Card
2798,442,2024-08-19,delivered,UPI
2799,190,2024-06-17,delivered,UPI
2800,285,2025-11-21,delivered,UPI
2801,1191,2024-11-08,delivered,UPI
2802,277,2024-01-10,delivered,Card
2803,134,2025-01-17,delivered,UPI
2804,603,2025-04-15,delivered,UPI
2805,159,2024-11-03,delivered,COD
2806,1117,2025-01-18,delivered,COD
2807,451,2024-04-17,delivered,COD
2808,180,2024-11-13,delivered,UPI
2809,517,2023-09-19,delivered,UPI
2810,704,2024-01-29,shipped,UPI
2811,194,2024-07-04,delivered,UPI
2812,348,2025-02-25,delivered,UPI
2813,183,2025-04-20,delivered,UPI
2814,264,2025-02-11,delivered,Card
2815,860,2025-05-24,delivered,UPI
2816,1039,2025-02-14,delivered,COD
2817,113,2025-03-21,delivered,UPI
2818,1116,2024-05-06,returned,NetBanking
2819,904,2023-08-26,delivered,Card
2820,570,2023-08-16,delivered,COD
2821,1191,2024-11-17,delivered,UPI
2822,747,2025-04-18,delivered,UPI
2823,343,2024-07-23,delivered,NetBanking
2824,1191,2025-01-23,delivered,UPI
2825,1186,2025-06-03,delivered,UPI
2826,683,2024-10-17,delivered,COD
2827,772,2024-11-05,delivered,Card
2828,1139,2024-10-12,delivered,UPI
2829,31,2024-09-03,delivered,UPI
2830,451,2024-07-12,delivered,UPI
2831,541,2024-06-18,delivered,UPI
2832,135,2024-06-21,shipped,UPI
2833,809,2024-07-24,delivered,Card
2834,508,2025-11-15,returned,UPI
2835,1101,2025-10-23,delivered,UPI
2836,514,2024-11-14,delivered,Card
2837,451,2023-08-06,cancelled,Card
2838,65,2025-01-24,delivered,UPI
2839,736,2024-10-20,delivered,UPI
2840,443,2024-09-30,delivered,UPI
2841,948,2024-11-23,delivered,NetBanking
2842,1186,2024-12-24,delivered,COD
2843,274,2025-02-08,delivered,Card
2844,157,2023-12-18,delivered,UPI
2845,173,2024-03-18,delivered,COD
2846,883,2025-04-01,delivered,UPI
2847,723,2024-09-27,delivered,UPI
2848,108,2024-01-31,delivered,Card
2849,836,2025-07-21,delivered,UPI
2850,763,2023-10-22,delivered,COD
2851,1040,2024-10-26,delivered,UPI
2852,1134,2024-07-25,delivered,NetBanking
2853,814,2024-10-04,cancelled,Card
2854,814,2024-05-22,delivered,COD
2855,442,2024-03-23,delivered,UPI
2856,135,2025-03-17,delivered,COD
2857,451,2024-05-19,delivered,Card
2858,494,2023-11-03,delivered,COD
2859,898,2024-09-04,delivered,Card
2860,196,2024-07-01,delivered,Card
2861,1192,2024-08-08,delivered,UPI
2862,469,2023-01-21,shipped,NetBanking
2863,950,2024-06-05,delivered,Card
2864,451,2024-01-20,delivered,UPI
2865,495,2024-09-10,delivered,COD
2866,47,2025-05-15,delivered,UPI
2867,81,2025-03-23,delivered,UPI
2868,1021,2023-07-15,delivered,Card
2869,392,2024-07-29,delivered,UPI
2870,618,2023-12-07,delivered,Card
2871,953,2024-06-05,delivered,UPI
2872,999,2024-03-05,delivered,Card
2873,758,2024-08-23,delivered,COD
2874,252,2025-01-07,delivered,UPI
2875,474,2025-07-18,delivered,Card
2876,31,2024-12-17,returned,COD
2877,527,2024-07-09,delivered,Card
2878,591,2023-07-18,delivered,COD
2879,13,2024-10-25,delivered,UPI
2880,474,2023-10-26,delivered,UPI
2881,54,2024-08-18,delivered,UPI
2882,627,2024-05-24,delivered,UPI
2883,649,2023-08-23,delivered,COD
2884,195,2024-02-13,delivered,Card
2885,1186,2025-01-03,delivered,NetBanking
2886,377,2023-10-05,delivered,UPI
2887,63,2025-04-20,delivered,COD
2888,127,2024-07-29,delivered,COD
2889,749,2023-09-08,delivered,UPI
2890,559,2024-07-21,delivered,UPI
2891,541,2025-02-19,delivered,NetBanking
2892,1191,2025-06-25,delivered,Card
2893,722,2025-08-24,delivered,UPI
2894,777,2025-01-02,delivered,UPI
2895,1083,2024-10-25,delivered,COD
2896,1191,2025-09-28,cancelled,UPI
2897,1191,2025-02-26,delivered,UPI
2898,78,2025-04-01,delivered,COD
2899,728,2023-12-27,delivered,COD
2900,173,2025-04-03,delivered,UPI
2901,146,2025-03-16,delivered,UPI
2902,432,2025-02-04,delivered,UPI
2903,173,2024-07-29,shipped,UPI
2904,173,2024-01-28,delivered,Card
2905,243,2025-02-16,delivered,NetBanking
2906,95,2025-02-28,delivered,UPI
2907,638,2025-01-13,delivered,Card
2908,1188,2024-12-05,cancelled,UPI
2909,1039,2024-11-04,delivered,Card
2910,917,2024-09-27,delivered,Card
2911,865,2024-09-13,delivered,COD
2912,474,2024-11-13,delivered,UPI
2913,395,2024-02-21,delivered,UPI
2914,929,2024-12-23,delivered,COD
2915,420,2024-04-14,delivered,UPI
2916,451,2023-10-02,delivered,Card
2917,1068,2023-04-02,delivered,UPI
2918,269,2024-06-19,delivered,UPI
2919,79,2023-03-19,delivered,UPI
2920,514,2024-08-16,delivered,Card
2921,1090,2024-03-26,delivered,Card
2922,997,2025-11-24,delivered,NetBanking
2923,65,2025-04-01,delivered,UPI
2924,1,2025-07-03,delivered,UPI
2925,611,2024-10-15,delivered,Card
2926,1020,2024-09-22,delivered,COD
2927,723,2024-01-11,delivered,UPI
2928,1139,2024-07-21,delivered,UPI
2929,703,2025-05-19,delivered,Card
2930,230,2024-03-13,delivered,Card
2931,422,2023-04-27,delivered,COD
2932,451,2023-11-02,delivered,NetBanking
2933,559,2024-05-06,delivered,COD
2934,84,2025-04-26,delivered,UPI
2935,446,2025-12-10,delivered,COD
2936,541,2024-05-23,delivered,Card
2937,228,2025-06-16,delivered,UPI
2938,719,2025-04-18,delivered,UPI
2939,313,2025-07-01,delivered,Card
2940,536,2023-12-22,delivered,UPI
2941,280,2024-03-13,delivered,UPI
2942,910,2025-12-14,delivered,Card
2943,4,2024-06-22,delivered,Card
2944,321,2024-11-06,delivered,Card
2945,742,2024-02-28,delivered,UPI
2946,359,2024-07-17,delivered,Card
2947,699,2024-05-03,delivered,UPI
2948,1039,2023-08-21,shipped,UPI
2949,173,2024-05-12,delivered,UPI
2950,847,2024-09-16,delivered,UPI
2951,857,2023-09-10,delivered,UPI
2952,83,2025-11-18,delivered,Card
2953,1006,2024-09-06,delivered,UPI
2954,603,2024-12-14,shipped,NetBanking
2955,996,2024-12-21,delivered,Card
2956,720,2024-04-27,delivered,COD
2957,1191,2025-12-05,delivered,NetBanking
2958,1192,2024-02-05,delivered,UPI
2959,777,2025-02-01,delivered,Card
2960,618,2024-12-12,delivered,UPI
2961,850,2025-06-20,delivered,Card
2962,844,2024-07-03,cancelled,Card
2963,1083,2023-04-09,delivered,NetBanking
2964,451,2024-10-23,delivered,Card
2965,784,2025-10-01,delivered,UPI
2966,392,2024-07-30,delivered,UPI
2967,397,2025-03-09,delivered,UPI
2968,950,2024-05-09,delivered,COD
2969,1097,2025-11-22,delivered,UPI
2970,749,2023-09-06,delivered,Card
2971,1191,2025-09-21,delivered,UPI
2972,317,2024-08-11,cancelled,Card
2973,308,2025-01-22,delivered,UPI
2974,1014,2024-08-12,delivered,COD
2975,298,2024-07-06,delivered,Card
2976,501,2024-01-15,delivered,UPI
2977,1115,2024-10-12,delivered,UPI
2978,702,2025-06-02,delivered,COD
2979,1191,2025-07-05,returned,COD
2980,944,2025-04-24,delivered,UPI
2981,317,2025-11-09,delivered,COD
2982,559,2025-08-29,delivered,UPI
2983,929,2025-01-21,delivered,Card
2984,811,2024-12-23,delivered,UPI
2985,1093,2025-03-19,delivered,Card
2986,352,2025-03-13,shipped,Card
2987,984,2025-03-02,delivered,Card
2988,998,2025-01-11,delivered,COD
2989,451,2024-02-03,delivered,UPI
2990,267,2025-06-24,delivered,Card
2991,397,2025-07-29,delivered,COD
2992,4,2024-09-20,delivered,Card
2993,221,2025-09-16,delivered,UPI
2994,182,2024-09-20,delivered,COD
2995,1191,2025-02-26,delivered,UPI
2996,127,2025-09-24,delivered,UPI
2997,4,2024-08-30,delivered,UPI
2998,435,2025-01-16,delivered,UPI
2999,145,2024-12-07,delivered,COD
3000,970,2024-07-21,delivered,NetBanking
3001,1183,2024-11-10,delivered,COD
3002,985,2024-01-19,delivered,UPI
3003,1191,2024-09-12,delivered,COD
3004,281,2025-02-24,delivered,UPI
3005,331,2025-02-24,delivered,Card
3006,699,2024-02-23,shipped,UPI
3007,1191,2024-07-18,delivered,UPI
3008,4,2024-04-14,delivered,Card
3009,921,2023-08-11,delivered,COD
3010,324,2025-01-24,delivered,UPI
3011,952,2025-07-04,delivered,COD
3012,526,2024-03-07,delivered,Card
3013,455,2025-02-18,delivered,Card
3014,268,2025-02-04,delivered,UPI
3015,173,2025-08-23,delivered,NetBanking
3016,1068,2023-04-06,delivered,Card
3017,503,2024-08-05,delivered,Card
3018,855,2024-09-16,delivered,UPI
3019,723,2023-05-24,delivered,UPI
3020,1191,2025-11-10,delivered,UPI
3021,886,2025-08-16,delivered,UPI
3022,1192,2024-11-20,delivered,COD
3023,65,2023-11-23,delivered,UPI
3024,777,2024-08-04,delivered,UPI
3025,579,2025-12-18,cancelled,COD
3026,386,2025-02-17,delivered,Card
3027,173,2025-03-30,delivered,UPI
3028,1056,2023-01-30,delivered,COD
3029,80,2024-08-30,shipped,COD
3030,1014,2024-01-21,delivered,Card
3031,46,2025-07-14,delivered,COD
3032,695,2024-05-08,delivered,COD
3033,1164,2025-05-22,delivered,COD
3034,1093,2025-09-27,delivered,UPI
3035,137,2023-08-12,delivered,Card
3036,667,2023-08-26,cancelled,COD
3037,846,2024-04-25,delivered,UPI
3038,1002,2024-03-30,delivered,Card
3039,4,2023-09-11,delivered,Card
3040,113,2024-02-24,shipped,UPI
3041,532,2025-10-27,delivered,Card
3042,113,2024-05-22,returned,Card
3043,727,2025-03-10,delivered,Card
3044,1092,2023-11-23,delivered,UPI
3045,981,2025-08-17,delivered,Card
3046,277,2024-01-17,delivered,COD
3047,311,2025-01-10,delivered,COD
3048,1098,2024-06-16,delivered,Card
3049,442,2023-10-25,delivered,UPI
3050,635,2024-05-09,delivered,COD
3051,262,2024-01-10,delivered,NetBanking
3052,199,2025-04-12,delivered,UPI
3053,1191,2025-08-25,delivered,UPI
3054,127,2025-02-23,delivered,Card
3055,603,2025-05-26,delivered,UPI
3056,549,2025-07-20,returned,COD
3057,127,2025-03-07,delivered,Card
3058,173,2025-10-06,cancelled,UPI
3059,204,2025-07-12,delivered,UPI
3060,1014,2023-04-15,delivered,UPI
3061,1148,2025-02-08,delivered,UPI
3062,1191,2025-10-29,delivered,Card
3063,696,2023-08-22,delivered,UPI
3064,63,2025-01-08,delivered,Card
3065,629,2025-11-08,delivered,Card
3066,187,2023-06-13,delivered,Card
3067,883,2024-12-12,delivered,COD
3068,480,2025-03-03,returned,Card
3069,433,2025-02-15,delivered,Card
3070,262,2023-08-16,delivered,UPI
3071,433,2024-04-06,delivered,Card
3072,392,2025-09-30,delivered,Card
3073,211,2024-05-31,delivered,NetBanking
3074,1143,2025-09-11,delivered,UPI
3075,95,2025-11-23,delivered,UPI
3076,879,2024-12-16,shipped,Card
3077,173,2024-04-13,delivered,Card
3078,273,2023-10-27,delivered,UPI
3079,562,2024-08-28,delivered,Card
3080,60,2025-04-01,delivered,UPI
3081,184,2024-12-27,delivered,COD
3082,891,2025-09-28,delivered,COD
3083,140,2024-05-09,delivered,COD
3084,588,2024-10-24,delivered,Card
3085,278,2024-12-05,cancelled,UPI
3086,272,2024-09-19,delivered,UPI
3087,823,2024-04-22,delivered,COD
3088,1137,2023-08-19,delivered,UPI
3089,383,2025-09-04,delivered,UPI
3090,1192,2025-03-26,delivered,UPI
3091,1191,2025-03-01,delivered,Card
3092,1100,2025-06-20,delivered,COD
3093,1199,2023-10-25,delivered,UPI
3094,935,2025-01-17,delivered,UPI
3095,265,2024-06-09,delivered,COD
3096,329,2024-08-13,delivered,Card
3097,721,2025-02-03,delivered,Card
3098,1046,2024-12-02,delivered,COD
3099,1026,2024-11-29,delivered,UPI
3100,76,2024-02-17,delivered,Card
3101,41,2025-02-27,delivered,COD
3102,951,2024-10-06,delivered,UPI
3103,538,2025-01-10,delivered,UPI
3104,858,2024-01-23,delivered,UPI
3105,173,2024-12-07,delivered,UPI
3106,385,2024-11-07,delivered,Card
3107,470,2025-10-09,delivered,UPI
3108,184,2025-06-22,delivered,COD
3109,1127,2025-08-06,delivered,Card
3110,777,2024-04-28,delivered,Card
3111,257,2025-07-01,delivered,COD
3112,498,2025-04-02,delivered,UPI
3113,569,2025-05-13,delivered,UPI
3114,68,2024-09-27,delivered,Card
3115,451,2024-12-07,delivered,COD
3116,1130,2024-06-22,delivered,UPI
3117,855,2025-05-20,delivered,NetBanking
3118,319,2024-02-08,delivered,NetBanking
3119,967,2025-12-04,delivered,UPI
3120,419,2024-08-27,delivered,COD
3121,537,2023-12-30,delivered,UPI
3122,1200,2024-12-10,delivered,Card
3123,88,2024-06-18,delivered,UPI
3124,723,2023-10-08,delivered,UPI
3125,448,2025-06-04,delivered,COD
3126,719,2024-11-08,delivered,UPI
3127,1186,2024-10-18,delivered,UPI
3128,846,2024-10-28,shipped,Card
3129,173,2024-07-26,delivered,COD
3130,541,2025-08-30,delivered,NetBanking
3131,667,2024-12-10,delivered,UPI
3132,1022,2025-02-05,delivered,UPI
3133,461,2025-04-08,delivered,Card
3134,777,2024-05-30,delivered,UPI
3135,384,2023-12-26,cancelled,COD
3136,173,2024-03-19,delivered,UPI
3137,1003,2023-02-08,delivered,COD
3138,1127,2024-04-07,delivered,UPI
3139,1191,2025-06-06,delivered,UPI
3140,1125,2023-11-27,delivered,COD
3141,281,2025-02-23,delivered,COD
3142,1191,2025-08-17,delivered,Card
3143,254,2024-06-13,delivered,UPI
3144,1193,2024-11-11,delivered,Card
3145,156,2025-02-02,delivered,UPI
3146,53,2024-03-08,delivered,Card
3147,233,2023-10-09,shipped,Card
3148,254,2024-05-01,delivered,UPI
3149,1191,2025-11-26,delivered,UPI
3150,1191,2025-01-28,shipped,Card
3151,675,2024-01-29,shipped,UPI
3152,997,2024-10-24,delivered,COD
3153,290,2025-01-27,delivered,UPI
3154,522,2024-02-18,delivered,COD
3155,127,2025-04-11,delivered,UPI
3156,912,2023-06-16,delivered,COD
3157,862,2025-04-05,delivered,COD
3158,474,2025-04-03,delivered,UPI
3159,338,2025-11-02,delivered,UPI
3160,535,2025-03-27,delivered,UPI
3161,458,2025-12-26,delivered,UPI
3162,823,2023-12-30,delivered,NetBanking
3163,1157,2024-03-28,delivered,UPI
3164,784,2025-01-03,shipped,UPI
3165,451,2024-03-03,delivered,COD
3166,638,2024-09-29,delivered,NetBanking
3167,166,2023-10-14,delivered,UPI
3168,173,2024-12-26,cancelled,Card
3169,410,2025-02-24,delivered,NetBanking
3170,500,2024-07-30,delivered,Card
3171,549,2024-08-03,delivered,COD
3172,939,2025-03-27,delivered,COD
3173,1047,2024-06-17,delivered,NetBanking
3174,65,2025-05-04,delivered,UPI
3175,613,2024-11-18,delivered,UPI
3176,325,2025-09-26,delivered,UPI
3177,1191,2024-11-23,delivered,UPI
3178,1191,2024-12-12,delivered,COD
3179,257,2025-06-06,delivered,UPI
3180,983,2025-11-07,delivered,Card
3181,972,2024-03-04,delivered,UPI
3182,1022,2024-07-11,delivered,UPI
3183,528,2024-08-01,delivered,Card
3184,690,2024-09-30,delivered,COD
3185,1191,2025-05-10,delivered,UPI
3186,16,2025-05-26,delivered,UPI
3187,241,2024-10-31,returned,Card
3188,185,2025-03-06,delivered,UPI
3189,1191,2025-05-05,delivered,UPI
3190,904,2023-06-18,delivered,Card
3191,723,2024-09-28,delivered,Card
3192,749,2024-07-10,delivered,UPI
3193,739,2024-07-16,delivered,Card
3194,496,2025-12-19,delivered,COD
3195,938,2025-06-16,delivered,Card
3196,247,2023-07-14,cancelled,UPI
3197,1191,2025-09-13,delivered,UPI
3198,1150,2024-06-21,returned,COD
3199,63,2025-05-14,delivered,UPI
3200,576,2024-11-27,delivered,UPI
3201,512,2025-07-17,delivered,Card
3202,359,2024-03-15,delivered,Card
3203,1041,2025-03-01,shipped,COD
3204,173,2024-12-03,delivered,UPI
3205,878,2023-11-07,delivered,Card
3206,705,2024-10-18,delivered,Card
3207,256,2025-09-27,delivered,UPI
3208,607,2025-09-17,delivered,UPI
3209,1038,2024-02-26,delivered,UPI
3210,969,2024-03-09,delivered,UPI
3211,157,2023-12-31,delivered,UPI
3212,1051,2025-03-29,delivered,COD
3213,461,2024-01-31,delivered,Card
3214,143,2024-12-16,delivered,UPI
3215,18,2024-10-07,delivered,COD
3216,553,2024-03-23,delivered,UPI
3217,952,2025-12-01,delivered,UPI
3218,215,2025-11-22,delivered,Card
3219,451,2024-05-27,delivered,Card
3220,451,2023-09-01,returned,Card
3221,451,2024-09-28,cancelled,COD
3222,772,2023-08-04,delivered,Card
3223,392,2025-03-05,delivered,COD
3224,251,2023-06-23,shipped,Card
3225,922,2024-06-28,delivered,Card
3226,482,2025-09-01,delivered,Card
3227,451,2024-07-03,delivered,Card
3228,1191,2025-07-19,delivered,Card
3229,784,2024-08-23,delivered,UPI
3230,678,2024-12-21,cancelled,UPI
3231,255,2025-02-18,delivered,UPI
3232,480,2025-08-04,delivered,COD
3233,359,2023-12-25,delivered,UPI
3234,4,2023-11-11,delivered,Card
3235,252,2025-02-01,delivered,Card
3236,639,2023-05-29,delivered,Card
3237,922,2025-10-07,delivered,COD
3238,277,2023-07-14,shipped,Card
3239,797,2025-12-04,shipped,Card
3240,1163,2023-11-24,delivered,UPI
3241,1191,2025-02-23,delivered,Card
3242,125,2024-10-02,returned,UPI
3243,433,2025-02-08,delivered,NetBanking
3244,607,2025-06-18,delivered,UPI
3245,95,2025-10-19,delivered,UPI
3246,831,2024-08-29,delivered,COD
3247,206,2025-12-11,delivered,UPI
3248,203,2023-05-03,delivered,COD
3249,173,2025-02-03,delivered,UPI
3250,631,2025-05-28,delivered,UPI
3251,747,2025-08-22,delivered,UPI
3252,654,2025-02-09,delivered,UPI
3253,674,2024-11-01,delivered,UPI
3254,784,2025-02-03,delivered,UPI
3255,1191,2024-09-29,delivered,COD
3256,138,2024-08-28,delivered,COD
3257,173,2025-08-27,delivered,NetBanking
3258,369,2025-04-23,delivered,COD
3259,463,2024-04-29,delivered,Card
3260,723,2025-01-12,delivered,UPI
3261,1058,2025-08-28,delivered,Card
3262,41,2025-03-15,delivered,NetBanking
3263,1186,2024-08-28,delivered,Card
3264,106,2023-07-16,delivered,UPI
3265,228,2025-05-10,delivered,UPI
3266,144,2023-12-09,delivered,Card
3267,313,2025-06-17,delivered,UPI
3268,649,2025-03-07,delivered,UPI
3269,837,2025-09-08,delivered,Card
3270,341,2025-04-07,returned,COD
3271,1168,2024-11-20,delivered,COD
3272,67,2025-05-05,delivered,Card
3273,494,2024-07-09,delivered,UPI
3274,908,2025-01-26,returned,UPI
3275,631,2023-12-28,delivered,Card
3276,41,2024-10-17,delivered,Card
3277,164,2025-05-01,delivered,COD
3278,541,2024-10-02,delivered,UPI
3279,241,2023-09-21,delivered,UPI
3280,1008,2024-08-04,delivered,UPI
3281,941,2024-08-29,delivered,Card
3282,921,2024-11-09,delivered,COD
3283,311,2025-10-08,delivered,Card
3284,1191,2025-03-07,delivered,UPI
3285,1097,2024-04-15,cancelled,COD
3286,1052,2024-03-19,delivered,UPI
3287,1040,2024-07-22,delivered,UPI
3288,706,2024-11-18,delivered,UPI
3289,1191,2024-07-09,delivered,Card
3290,1063,2024-03-28,delivered,Card
3291,1186,2024-12-24,delivered,NetBanking
3292,166,2023-11-06,delivered,UPI
3293,472,2025-04-06,delivered,UPI
3294,4,2024-03-27,delivered,COD
3295,614,2023-01-16,delivered,UPI
3296,1186,2025-07-02,delivered,UPI
3297,1159,2024-09-30,delivered,UPI
3298,317,2025-02-12,delivered,Card
3299,1147,2025-05-06,delivered,UPI
3300,685,2023-09-11,shipped,UPI
3301,1191,2025-02-26,delivered,Card
3302,76,2025-01-19,cancelled,UPI
3303,1177,2025-03-01,delivered,UPI
3304,325,2025-07-28,delivered,Card
3305,1191,2025-09-10,delivered,UPI
3306,665,2023-06-04,delivered,Card
3307,831,2023-12-25,delivered,UPI
3308,784,2024-11-12,delivered,Card
3309,765,2025-01-12,delivered,Card
3310,1191,2025-08-11,delivered,UPI
3311,419,2024-09-01,delivered,UPI
3312,879,2025-03-30,delivered,UPI
3313,173,2025-01-15,delivered,UPI
3314,278,2024-04-29,delivered,UPI
3315,451,2023-11-27,cancelled,UPI
3316,839,2024-09-19,delivered,COD
3317,1191,2025-11-09,cancelled,COD
3318,26,2025-07-16,returned,COD
3319,959,2024-12-10,delivered,COD
3320,995,2024-06-04,delivered,Card
3321,331,2025-09-29,delivered,NetBanking
3322,892,2024-07-14,delivered,COD
3323,67,2025-02-11,delivered,COD
3324,1198,2023-09-02,delivered,COD
3325,76,2024-07-26,delivered,COD
3326,230,2024-07-22,delivered,Card
3327,840,2024-07-29,delivered,Card
3328,959,2024-08-01,delivered,UPI
3329,423,2025-04-11,delivered,UPI
3330,127,2024-09-21,delivered,NetBanking
3331,797,2025-12-08,delivered,COD
3332,541,2024-05-12,delivered,Card
3333,359,2025-05-14,delivered,UPI
3334,633,2024-08-13,delivered,COD
3335,482,2025-01-08,delivered,UPI
3336,886,2025-05-17,delivered,Card
3337,285,2025-07-21,delivered,Card
3338,112,2024-03-15,delivered,Card
3339,879,2023-12-06,delivered,NetBanking
3340,230,2025-01-04,cancelled,Card
3341,591,2024-12-30,cancelled,UPI
3342,1194,2024-03-04,returned,Card
3343,329,2024-07-11,delivered,UPI
3344,485,2025-09-29,delivered,COD
3345,703,2025-02-22,delivered,UPI
3346,226,2024-10-26,delivered,UPI
3347,880,2025-09-23,delivered,UPI
3348,969,2024-04-02,delivered,Card
3349,490,2024-03-11,cancelled,Card
3350,731,2024-07-18,delivered,COD
3351,870,2024-12-22,shipped,COD
3352,345,2025-06-19,delivered,COD
3353,784,2024-04-30,cancelled,Card
3354,317,2024-05-25,delivered,UPI
3355,436,2024-09-27,delivered,Card
3356,537,2024-06-14,delivered,UPI
3357,932,2023-10-24,delivered,Card
3358,663,2024-11-22,delivered,NetBanking
3359,851,2023-09-03,delivered,NetBanking
3360,326,2025-04-18,delivered,UPI
3361,514,2024-04-05,delivered,Card
3362,173,2025-02-28,delivered,COD
3363,1016,2025-05-25,shipped,UPI
3364,364,2024-11-04,delivered,UPI
3365,792,2023-04-03,delivered,Card
3366,960,2025-01-29,delivered,NetBanking
3367,527,2024-10-11,delivered,UPI
3368,300,2024-11-14,delivered,COD
3369,777,2025-02-22,delivered,UPI
3370,178,2023-12-02,returned,UPI
3371,735,2024-11-09,delivered,Card
3372,1145,2025-04-06,delivered,Card
3373,157,2023-06-07,delivered,Card
3374,973,2024-10-17,delivered,UPI
3375,274,2025-08-16,delivered,Card
3376,416,2025-04-08,delivered,UPI
3377,755,2025-11-09,delivered,UPI
3378,1143,2025-04-10,delivered,COD
3379,1191,2025-03-03,delivered,UPI
3380,451,2024-08-20,delivered,UPI
3381,1123,2025-07-26,delivered,NetBanking
3382,1129,2024-02-24,delivered,COD
3383,173,2024-01-29,delivered,Card
3384,425,2024-04-07,delivered,NetBanking
3385,482,2025-10-06,delivered,UPI
3386,1042,2025-01-30,delivered,UPI
3387,1070,2024-10-28,delivered,UPI
3388,1032,2025-04-02,returned,UPI
3389,796,2023-09-30,cancelled,COD
3390,1191,2025-02-13,delivered,UPI
3391,770,2025-01-05,delivered,UPI
3392,1191,2025-05-12,delivered,Card
3393,938,2025-02-06,delivered,UPI
3394,835,2024-05-06,delivered,Card
3395,773,2023-12-07,delivered,NetBanking
3396,692,2025-07-17,delivered,COD
3397,541,2024-12-06,delivered,UPI
3398,1099,2024-10-30,delivered,UPI
3399,484,2023-06-18,delivered,UPI
3400,634,2024-11-18,delivered,Card
3401,173,2024-09-09,delivered,NetBanking
3402,201,2023-12-02,delivered,COD
3403,1141,2024-03-21,cancelled,UPI
3404,921,2024-04-03,delivered,UPI
3405,759,2025-09-21,delivered,UPI
3406,942,2023-12-12,delivered,Card
3407,1113,2025-05-05,delivered,Card
3408,452,2025-05-11,delivered,Card
3409,1191,2024-09-22,delivered,UPI
3410,463,2025-03-01,returned,UPI
3411,302,2024-11-12,delivered,COD
3412,634,2025-01-07,delivered,NetBanking
3413,152,2024-11-22,cancelled,UPI
3414,318,2024-03-17,delivered,NetBanking
3415,618,2024-06-23,delivered,UPI
3416,271,2025-09-17,delivered,COD
3417,1191,2025-12-05,delivered,COD
3418,1145,2025-08-27,delivered,UPI
3419,541,2025-04-21,delivered,UPI
3420,1086,2023-10-10,delivered,COD
3421,581,2023-11-02,delivered,Card
3422,52,2024-11-15,delivered,NetBanking
3423,1087,2025-01-12,delivered,UPI
3424,432,2025-02-18,delivered,Card
3425,173,2024-05-26,delivered,UPI
3426,300,2023-04-06,delivered,UPI
3427,173,2025-03-19,delivered,UPI
3428,1191,2025-10-09,delivered,NetBanking
3429,556,2025-01-03,cancelled,UPI
3430,691,2024-06-01,delivered,UPI
3431,747,2024-05-08,delivered,UPI
3432,220,2023-02-12,delivered,NetBanking
3433,255,2024-09-20,delivered,COD
3434,772,2023-09-03,delivered,Card
3435,1191,2025-11-28,delivered,UPI
3436,487,2025-08-19,delivered,Card
3437,589,2024-11-30,delivered,UPI
3438,410,2024-01-27,delivered,Card
3439,479,2024-08-28,delivered,UPI
3440,505,2024-09-27,delivered,Card
3441,641,2024-11-02,delivered,COD
3442,695,2024-07-12,delivered,COD
3443,451,2023-12-28,delivered,UPI
3444,913,2023-12-30,delivered,COD
3445,1057,2023-12-12,delivered,Card
3446,451,2023-09-27,delivered,UPI
3447,617,2024-10-16,delivered,UPI
3448,1191,2025-07-16,delivered,COD
3449,86,2025-06-26,delivered,COD
3450,24,2025-09-01,delivered,COD
3451,1191,2024-11-17,delivered,COD
3452,631,2024-06-12,delivered,COD
3453,1191,2025-04-22,shipped,COD
3454,1137,2024-03-15,cancelled,UPI
3455,409,2025-03-09,delivered,UPI
3456,937,2025-08-04,delivered,Card
3457,537,2023-09-28,delivered,UPI
3458,106,2024-04-02,delivered,Card
3459,432,2024-07-14,delivered,COD
3460,279,2024-05-13,delivered,UPI
3461,162,2024-10-17,delivered,UPI
3462,367,2024-11-11,delivered,COD
3463,718,2025-02-21,shipped,COD
3464,979,2025-04-17,delivered,COD
3465,921,2024-05-27,delivered,Card
3466,1191,2024-08-03,delivered,UPI
3467,1050,2025-07-08,delivered,COD
3468,397,2024-10-05,delivered,UPI
3469,21,2023-11-01,delivered,UPI
3470,1024,2023-04-20,cancelled,Card
3471,723,2024-09-30,delivered,Card
3472,67,2024-02-01,delivered,UPI
3473,118,2025-12-29,delivered,UPI
3474,184,2025-03-17,delivered,UPI
3475,178,2024-06-22,delivered,COD
3476,233,2024-04-30,delivered,COD
3477,233,2023-08-07,delivered,COD
3478,1191,2025-10-01,delivered,UPI
3479,173,2024-04-09,delivered,COD
3480,723,2023-08-27,delivered,UPI
3481,1191,2025-06-01,returned,NetBanking
3482,281,2025-03-09,delivered,COD
3483,692,2024-08-28,delivered,Card
3484,95,2025-05-07,delivered,UPI
3485,724,2024-05-29,delivered,UPI
3486,1070,2024-04-14,cancelled,UPI
3487,1186,2024-12-30,delivered,Card
3488,828,2024-08-27,delivered,COD
3489,811,2025-07-15,delivered,UPI
3490,1191,2025-02-07,delivered,COD
3491,1081,2024-07-16,delivered,Card
3492,442,2024-04-01,cancelled,Card
3493,1,2025-09-14,cancelled,UPI
3494,1191,2025-04-06,delivered,Card
3495,1148,2025-01-21,cancelled,UPI
3496,818,2023-08-25,delivered,COD
3497,843,2024-10-30,delivered,UPI
3498,180,2024-11-11,delivered,Card
3499,1120,2025-02-06,cancelled,COD
3500,84,2025-02-13,delivered,UPI
3501,595,2024-06-20,delivered,UPI
3502,186,2024-11-27,delivered,Card
3503,508,2025-12-17,delivered,Card
3504,591,2024-05-24,delivered,COD
3505,872,2024-04-25,delivered,Card
3506,1105,2025-08-13,delivered,UPI
3507,883,2024-03-02,delivered,NetBanking
3508,20,2024-10-21,delivered,NetBanking
3509,189,2024-01-03,delivered,Card
3510,1125,2024-10-03,delivered,Card
3511,1013,2025-07-19,shipped,UPI
3512,1039,2023-11-09,delivered,NetBanking
3513,245,2024-07-11,cancelled,Card
3514,1165,2025-03-25,delivered,UPI
3515,1191,2025-11-06,delivered,UPI
3516,134,2024-12-08,delivered,UPI
3517,324,2025-11-17,delivered,UPI
3518,1116,2023-04-04,delivered,COD
3519,98,2024-11-10,delivered,Card
3520,116,2025-09-16,delivered,UPI
3521,81,2025-07-08,delivered,UPI
3522,111,2025-09-06,delivered,UPI
3523,541,2025-06-26,delivered,UPI
3524,465,2024-12-13,returned,UPI
3525,878,2025-03-02,delivered,UPI
3526,336,2024-12-12,shipped,COD
3527,1191,2024-07-25,delivered,COD
3528,753,2024-03-16,delivered,UPI
3529,1016,2024-09-02,delivered,UPI
3530,958,2024-02-04,delivered,COD
3531,690,2025-11-17,delivered,Card
3532,618,2023-08-10,delivered,Card
3533,1165,2023-12-22,delivered,COD
3534,148,2024-06-12,delivered,UPI
3535,173,2024-11-17,delivered,UPI
3536,514,2024-04-12,delivered,Card
3537,173,2025-04-13,delivered,NetBanking
3538,527,2023-12-04,returned,Card
3539,1191,2024-07-28,delivered,COD
3540,645,2024-06-23,delivered,COD
3541,486,2024-01-07,delivered,COD
3542,833,2024-11-19,delivered,Card
3543,113,2023-09-04,delivered,UPI
3544,328,2024-04-13,delivered,COD
3545,1080,2024-08-21,delivered,UPI
3546,430,2023-07-01,delivered,NetBanking
3547,173,2025-06-14,delivered,Card
3548,464,2025-11-04,delivered,COD
3549,935,2025-02-09,delivered,UPI
3550,1191,2025-03-26,delivered,UPI
3551,937,2025-08-07,delivered,Card
3552,1039,2023-12-18,delivered,NetBanking
3553,451,2024-01-12,delivered,Card
3554,320,2024-05-26,shipped,COD
3555,14,2024-03-04,returned,COD
3556,12,2024-11-09,delivered,UPI
3557,33,2025-06-07,delivered,UPI
3558,451,2024-12-21,shipped,UPI
3559,173,2025-03-16,delivered,UPI
3560,821,2025-09-19,delivered,UPI
3561,343,2025-03-27,delivered,NetBanking
3562,451,2024-10-08,delivered,Card
3563,1186,2024-10-20,delivered,COD
3564,4,2024-05-28,returned,COD
3565,1182,2025-06-02,delivered,NetBanking
3566,325,2025-09-13,delivered,COD
3567,317,2025-09-25,delivered,UPI
3568,912,2023-08-11,delivered,COD
3569,679,2025-02-11,delivered,UPI
3570,133,2025-10-11,cancelled,Card
3571,451,2023-08-27,delivered,NetBanking
3572,859,2023-05-01,delivered,Card
3573,275,2025-07-03,delivered,Card
3574,353,2025-05-11,delivered,Card
3575,5,2024-11-09,delivered,NetBanking
3576,70,2025-06-16,delivered,NetBanking
3577,14,2024-08-07,delivered,UPI
3578,1191,2025-11-25,delivered,Card
3579,1191,2024-09-07,delivered,NetBanking
3580,180,2025-09-02,delivered,Card
3581,313,2024-07-13,delivered,UPI
3582,267,2024-08-30,delivered,COD
3583,514,2024-10-19,delivered,NetBanking
3584,879,2024-03-02,cancelled,Card
3585,526,2023-08-19,delivered,UPI
3586,631,2024-06-22,delivered,UPI
3587,1047,2024-04-12,shipped,UPI
3588,451,2023-11-11,delivered,Card
3589,408,2023-08-15,delivered,Card
3590,723,2024-09-22,delivered,COD
3591,848,2024-07-29,delivered,Card
3592,173,2025-08-14,delivered,Card
3593,1191,2025-05-26,delivered,COD
3594,94,2025-06-17,delivered,Card
3595,451,2023-11-15,delivered,Card
3596,877,2025-06-17,delivered,Card
3597,252,2024-10-31,delivered,COD
3598,567,2025-10-13,delivered,Card
3599,191,2024-09-18,delivered,UPI
3600,1018,2024-08-27,delivered,UPI
3601,665,2023-03-28,delivered,UPI
3602,81,2025-01-16,shipped,COD
3603,233,2024-11-13,delivered,NetBanking
3604,1186,2025-06-28,delivered,Card
3605,1191,2024-11-21,delivered,Card
3606,631,2024-12-29,shipped,Card
3607,459,2024-09-18,delivered,Card
3608,410,2025-03-08,delivered,COD
3609,851,2024-01-31,delivered,UPI
3610,433,2024-02-14,delivered,UPI
3611,569,2025-09-30,delivered,UPI
3612,898,2025-10-20,returned,Card
3613,451,2024-02-09,delivered,Card
3614,1047,2024-11-15,delivered,NetBanking
3615,667,2025-03-19,delivered,COD
3616,553,2023-09-26,cancelled,UPI
3617,657,2025-05-27,delivered,Card
3618,33,2025-05-14,delivered,COD
3619,892,2024-05-26,delivered,Card
3620,494,2023-12-05,delivered,COD
3621,655,2024-04-22,delivered,UPI
3622,327,2025-07-10,delivered,COD
3623,1191,2025-02-02,delivered,UPI
3624,994,2025-02-08,delivered,UPI
3625,701,2025-03-15,delivered,UPI
3626,999,2024-10-21,cancelled,UPI
3627,1074,2024-11-08,delivered,COD
3628,756,2024-02-26,delivered,UPI
3629,1132,2025-09-02,delivered,COD
3630,1191,2025-10-14,delivered,Card
3631,1191,2024-09-26,delivered,Card
3632,137,2024-04-08,returned,COD
3633,759,2025-09-05,delivered,UPI
3634,1003,2024-02-01,delivered,Card
3635,461,2024-06-19,delivered,UPI
3636,921,2025-02-15,delivered,UPI
3637,269,2023-10-03,delivered,COD
3638,482,2025-12-30,delivered,Card
3639,500,2023-07-15,delivered,COD
3640,934,2025-02-13,delivered,UPI
3641,804,2023-11-07,delivered,COD
3642,1026,2025-12-31,delivered,Card
3643,382,2025-08-17,delivered,UPI
3644,1191,2025-06-06,delivered,COD
3645,530,2025-07-21,delivered,Card
3646,451,2024-01-16,delivered,COD
3647,127,2025-09-12,delivered,NetBanking
3648,4,2024-03-26,delivered,Card
3649,1191,2025-04-11,delivered,NetBanking
3650,156,2024-07-12,cancelled,COD
3651,631,2024-06-07,delivered,UPI
3652,1127,2025-03-08,delivered,UPI
3653,1191,2024-10-07,delivered,UPI
3654,1107,2025-02-01,delivered,UPI
3655,766,2023-09-02,delivered,Card
3656,438,2024-04-01,delivered,COD
3657,1191,2024-11-01,delivered,UPI
3658,59,2024-07-05,delivered,UPI
3659,325,2025-11-01,delivered,COD
3660,706,2023-12-16,delivered,Card
3661,1176,2024-07-31,delivered,UPI
3662,180,2025-06-19,delivered,COD
3663,1191,2025-06-26,delivered,UPI
3664,1095,2024-07-22,delivered,Card
3665,451,2023-12-06,delivered,Card
3666,569,2025-07-22,delivered,COD
3667,1191,2025-10-10,delivered,COD
3668,1191,2024-09-10,shipped,UPI
3669,57,2024-12-16,delivered,NetBanking
3670,730,2024-05-06,delivered,UPI
3671,115,2025-05-25,delivered,Card
3672,750,2025-01-23,delivered,UPI
3673,771,2024-08-16,delivered,UPI
3674,854,2024-10-31,delivered,Card
3675,1191,2025-02-22,delivered,Card
3676,4,2024-10-02,delivered,COD
3677,173,2025-03-21,delivered,UPI
3678,1191,2025-03-06,delivered,COD
3679,115,2025-03-13,delivered,Card
3680,159,2024-12-17,delivered,COD
3681,793,2025-03-07,delivered,NetBanking
3682,484,2023-12-09,delivered,COD
3683,581,2024-11-22,delivered,Card
3684,1191,2024-10-07,returned,UPI
3685,792,2024-06-08,delivered,UPI
3686,482,2025-03-21,delivered,Card
3687,822,2025-12-17,delivered,COD
3688,971,2025-03-19,delivered,NetBanking
3689,12,2025-12-25,returned,UPI
3690,199,2025-03-25,delivered,Card
3691,1176,2025-07-23,returned,UPI
3692,546,2024-06-27,delivered,UPI
3693,510,2023-09-29,delivered,Card
3694,537,2024-05-30,delivered,NetBanking
3695,581,2024-04-01,delivered,Card
3696,32,2024-12-24,delivered,UPI
3697,1009,2024-04-20,delivered,UPI
3698,219,2025-08-12,cancelled,Card
3699,538,2023-08-14,returned,NetBanking
3700,847,2025-05-26,delivered,COD
3701,402,2024-12-03,delivered,UPI
3702,847,2025-05-24,delivered,COD
3703,1047,2025-01-11,delivered,UPI
3704,1083,2023-06-30,delivered,UPI
3705,1132,2025-08-04,delivered,Card
3706,699,2024-10-13,delivered,UPI
3707,1080,2025-05-26,delivered,UPI
3708,407,2024-09-12,delivered,NetBanking
3709,326,2025-07-03,delivered,UPI
3710,566,2024-04-22,delivered,UPI
3711,746,2025-08-04,shipped,UPI
3712,540,2023-04-07,delivered,UPI
3713,1034,2024-12-02,delivered,COD
3714,906,2024-09-11,delivered,NetBanking
3715,311,2025-07-30,delivered,Card
3716,1138,2024-02-25,delivered,COD
3717,847,2024-09-14,delivered,COD
3718,173,2025-04-09,delivered,UPI
3719,323,2024-01-24,delivered,Card
3720,759,2025-03-03,delivered,NetBanking
3721,925,2025-02-06,delivered,UPI
3722,523,2025-06-09,delivered,UPI
3723,1192,2025-01-20,shipped,NetBanking
3724,1085,2023-11-24,delivered,UPI
3725,241,2024-07-10,delivered,Card
3726,620,2025-05-09,cancelled,COD
3727,1039,2024-11-21,delivered,Card
3728,130,2023-10-26,delivered,COD
3729,1191,2025-01-15,shipped,UPI
3730,1191,2025-09-08,cancelled,Card
3731,1016,2025-01-12,delivered,COD
3732,515,2024-09-11,returned,Card
3733,978,2024-01-31,delivered,UPI
3734,1094,2024-06-05,delivered,COD
3735,1062,2024-06-23,delivered,UPI
3736,100,2025-09-06,delivered,COD
3737,133,2025-08-10,delivered,COD
3738,643,2025-05-20,delivered,COD
3739,408,2023-07-24,delivered,COD
3740,173,2024-11-03,delivered,Card
3741,1103,2024-11-02,delivered,COD
3742,325,2025-09-07,returned,Card
3743,474,2023-11-08,delivered,Card
3744,1186,2025-11-29,delivered,UPI
3745,985,2023-10-17,delivered,UPI
3746,797,2025-06-03,delivered,COD
3747,37,2024-02-13,delivered,Card
3748,543,2025-06-09,delivered,NetBanking
3749,78,2025-04-20,delivered,Card
3750,1091,2025-04-16,delivered,Card
3751,261,2023-04-06,delivered,UPI
3752,269,2024-06-19,delivered,Card
3753,742,2023-09-01,cancelled,UPI
3754,747,2025-02-02,cancelled,UPI
3755,336,2025-03-31,delivered,COD
3756,887,2024-05-16,delivered,COD
3757,785,2024-12-29,delivered,UPI
3758,490,2025-09-07,delivered,COD
3759,99,2024-03-08,delivered,Card
3760,1040,2025-02-07,delivered,UPI
3761,1191,2025-08-20,delivered,COD
3762,31,2025-04-20,delivered,Card
3763,1143,2025-03-27,delivered,UPI
3764,423,2024-11-13,delivered,UPI
3765,963,2024-06-19,delivered,UPI
3766,1020,2023-12-28,delivered,UPI
3767,664,2024-07-30,shipped,Card
3768,1037,2024-08-24,delivered,UPI
3769,59,2025-04-15,delivered,Card
3770,178,2023-11-25,delivered,UPI
3771,961,2023-12-19,delivered,NetBanking
3772,970,2025-08-11,delivered,COD
3773,451,2023-07-05,delivered,UPI
3774,691,2024-06-22,delivered,COD
3775,1191,2025-01-28,delivered,UPI
3776,638,2024-11-26,delivered,COD
3777,908,2024-07-25,delivered,COD
3778,465,2023-06-23,delivered,UPI
3779,844,2024-12-14,delivered,NetBanking
3780,50,2024-07-28,cancelled,Card
3781,451,2024-12-15,delivered,UPI
3782,1085,2024-06-04,delivered,COD
3783,98,2025-01-06,delivered,UPI
3784,450,2023-11-04,delivered,UPI
3785,279,2024-06-10,returned,UPI
3786,392,2024-07-25,cancelled,NetBanking
3787,1191,2024-12-03,delivered,Card
3788,1191,2025-02-28,delivered,UPI
3789,1016,2025-11-07,delivered,UPI
3790,236,2024-10-15,delivered,Card
3791,1191,2024-12-11,delivered,UPI
3792,313,2025-04-12,delivered,Card
3793,733,2024-11-25,delivered,UPI
3794,1071,2024-07-17,delivered,COD
3795,1191,2024-12-10,delivered,NetBanking
3796,1191,2025-02-01,cancelled,COD
3797,387,2025-06-14,delivered,NetBanking
3798,851,2023-06-21,delivered,UPI
3799,1082,2025-08-12,delivered,NetBanking
3800,951,2024-10-18,delivered,UPI
3801,323,2023-10-16,delivered,UPI
3802,969,2023-04-23,delivered,Card
3803,776,2023-10-09,delivered,Card
3804,134,2024-09-22,delivered,NetBanking
3805,174,2025-02-22,delivered,UPI
3806,313,2023-11-08,delivered,UPI
3807,95,2025-01-19,delivered,Card
3808,818,2024-07-01,delivered,UPI
3809,942,2024-04-13,delivered,UPI
3810,451,2024-04-27,delivered,NetBanking
3811,730,2024-11-29,delivered,Card
3812,793,2025-05-08,delivered,UPI
3813,1003,2023-03-18,delivered,COD
3814,846,2024-05-13,returned,UPI
3815,1085,2024-12-22,delivered,COD
3816,1191,2025-08-25,delivered,UPI
3817,730,2024-10-07,cancelled,UPI
3818,411,2025-09-08,delivered,Card
3819,993,2024-12-25,delivered,UPI
3820,311,2025-04-04,delivered,Card
3821,851,2024-06-18,delivered,UPI
3822,325,2025-11-14,delivered,Card
3823,835,2024-08-09,cancelled,COD
3824,699,2025-03-20,delivered,Card
3825,915,2024-07-28,delivered,UPI
3826,1191,2024-12-08,cancelled,UPI
3827,181,2025-05-10,delivered,UPI
3828,719,2024-06-09,delivered,Card
3829,765,2025-06-13,delivered,UPI
3830,846,2023-10-02,shipped,UPI
3831,959,2024-08-13,delivered,COD
3832,911,2023-11-11,delivered,UPI
3833,243,2024-11-26,delivered,UPI
3834,480,2024-04-30,cancelled,NetBanking
3835,673,2025-04-01,delivered,Card
3836,540,2023-08-26,delivered,COD
3837,857,2024-04-24,returned,Card
3838,603,2025-01-24,returned,COD
3839,797,2025-03-08,delivered,UPI
3840,1192,2024-04-30,delivered,UPI
3841,1191,2024-11-14,delivered,Card
3842,541,2024-08-21,delivered,UPI
3843,173,2024-10-04,delivered,COD
3844,173,2024-09-18,delivered,UPI
3845,607,2025-06-08,delivered,COD
3846,76,2023-09-17,delivered,UPI
3847,628,2024-06-07,cancelled,COD
3848,824,2025-03-17,delivered,COD
3849,45,2024-08-05,delivered,Card
3850,631,2025-07-02,delivered,UPI
3851,1090,2025-02-15,delivered,Card
3852,410,2024-06-24,delivered,Card
3853,451,2024-02-01,delivered,Card
3854,23,2024-06-28,cancelled,UPI
3855,1191,2024-11-15,delivered,UPI
3856,378,2024-11-12,cancelled,COD
3857,180,2025-07-19,delivered,Card
3858,903,2024-02-17,delivered,UPI
3859,514,2024-08-13,shipped,COD
3860,637,2024-09-26,delivered,UPI
3861,216,2024-02-09,delivered,UPI
3862,196,2024-07-28,cancelled,UPI
3863,184,2025-09-08,delivered,NetBanking
3864,180,2024-07-29,delivered,Card
3865,28,2024-12-18,delivered,UPI
3866,445,2024-11-09,delivered,UPI
3867,1191,2024-09-28,delivered,UPI
3868,459,2025-03-03,delivered,NetBanking
3869,451,2024-06-15,delivered,UPI
3870,1175,2023-09-03,delivered,Card
3871,300,2024-04-16,delivered,UPI
3872,31,2024-09-03,cancelled,Card
3873,1127,2024-02-17,delivered,UPI
3874,1083,2024-05-23,delivered,COD
3875,471,2024-06-01,delivered,UPI
3876,244,2024-03-13,delivered,UPI
3877,1191,2024-07-31,delivered,UPI
3878,739,2025-07-23,delivered,Card
3879,451,2023-10-14,delivered,COD
3880,1191,2025-01-03,delivered,UPI
3881,213,2024-12-22,delivered,COD
3882,1147,2024-04-14,delivered,COD
3883,385,2024-05-16,delivered,Card
3884,386,2024-08-18,delivered,UPI
3885,1127,2024-05-12,delivered,COD
3886,173,2024-11-08,cancelled,UPI
3887,408,2023-12-03,delivered,UPI
3888,173,2024-03-31,delivered,Card
3889,1052,2024-09-18,delivered,UPI
3890,150,2024-09-09,delivered,Card
3891,71,2024-01-28,delivered,COD
3892,155,2025-02-10,delivered,Card
3893,699,2024-04-18,delivered,UPI
3894,868,2024-10-03,delivered,UPI
3895,934,2023-10-12,delivered,UPI
3896,1137,2024-11-25,delivered,UPI
3897,1050,2025-09-06,cancelled,UPI
3898,1191,2025-09-08,delivered,Card
3899,874,2024-01-12,delivered,COD
3900,362,2025-09-08,delivered,UPI
3901,410,2024-10-14,delivered,COD
3902,566,2025-03-02,delivered,COD
3903,660,2024-02-17,delivered,UPI
3904,265,2025-06-27,delivered,COD
3905,1166,2025-05-19,delivered,COD
3906,1169,2023-11-04,delivered,UPI
3907,329,2024-12-22,delivered,UPI
3908,692,2024-09-06,delivered,UPI
3909,1191,2025-09-08,delivered,Card
3910,458,2025-06-27,delivered,UPI
3911,173,2024-11-02,delivered,Card
3912,157,2023-12-28,delivered,UPI
3913,945,2024-09-30,delivered,COD
3914,262,2024-11-01,delivered,UPI
3915,814,2024-07-04,delivered,Card
3916,724,2024-05-28,cancelled,Card
3917,1012,2023-08-25,delivered,COD
3918,1019,2023-12-15,delivered,NetBanking
3919,890,2024-06-17,delivered,Card
3920,93,2024-08-18,delivered,NetBanking
3921,573,2025-05-30,delivered,UPI
3922,556,2025-06-07,delivered,UPI
3923,1014,2024-01-09,delivered,Card
3924,251,2024-02-24,delivered,UPI
3925,788,2024-09-22,delivered,UPI
3926,435,2025-07-13,cancelled,UPI
3927,87,2025-03-19,delivered,COD
3928,35,2025-02-03,delivered,COD
3929,716,2025-02-21,delivered,Card
3930,323,2023-07-08,delivered,Card
3931,451,2024-04-04,delivered,COD
3932,18,2024-07-13,delivered,UPI
3933,788,2023-10-05,delivered,UPI
3934,722,2025-11-11,returned,NetBanking
3935,180,2025-06-03,delivered,COD
3936,850,2025-05-20,delivered,COD
3937,1191,2025-03-31,delivered,UPI
3938,458,2025-02-14,delivered,NetBanking
3939,269,2023-09-12,delivered,Card
3940,777,2024-10-28,delivered,COD
3941,964,2024-07-20,delivered,UPI
3942,911,2024-08-31,delivered,Card
3943,854,2023-12-01,shipped,UPI
3944,935,2025-07-29,delivered,UPI
3945,37,2023-11-18,delivered,UPI
3946,402,2024-01-05,delivered,UPI
3947,328,2024-03-17,delivered,UPI
3948,313,2024-07-23,delivered,NetBanking
3949,966,2025-02-07,delivered,UPI
3950,989,2024-08-06,delivered,NetBanking
3951,444,2024-04-27,delivered,UPI
3952,847,2024-07-26,delivered,UPI
3953,1168,2023-11-02,delivered,Card
3954,924,2025-01-27,delivered,COD
3955,824,2025-08-08,delivered,UPI
3956,934,2024-03-01,delivered,Card
3957,474,2023-11-25,delivered,NetBanking
3958,558,2024-10-26,delivered,Card
3959,423,2025-01-03,delivered,NetBanking
3960,844,2024-12-23,delivered,UPI
3961,137,2023-12-20,delivered,COD
3962,201,2024-05-08,delivered,NetBanking
3963,329,2025-04-03,delivered,UPI
3964,680,2024-08-04,delivered,Card
3965,1071,2025-05-06,delivered,COD
3966,313,2025-07-22,delivered,UPI
3967,823,2025-01-13,cancelled,NetBanking
3968,442,2024-09-10,delivered,UPI
3969,382,2025-07-15,delivered,COD
3970,173,2025-08-10,delivered,Card
3971,184,2025-09-23,delivered,NetBanking
3972,18,2023-11-26,cancelled,Card
3973,4,2024-03-22,delivered,Card
3974,233,2025-01-25,delivered,Card
3975,589,2025-05-28,delivered,COD
3976,746,2025-10-28,delivered,COD
3977,281,2024-08-11,delivered,UPI
3978,233,2023-07-14,delivered,Card
3979,173,2025-09-02,cancelled,UPI
3980,1008,2024-02-21,delivered,Card
3981,1176,2025-07-03,delivered,UPI
3982,598,2024-10-18,delivered,Card
3983,155,2024-03-14,shipped,NetBanking
3984,284,2025-04-07,shipped,UPI
3985,1040,2024-01-25,returned,NetBanking
3986,525,2025-12-20,delivered,UPI
3987,553,2023-04-30,returned,UPI
3988,482,2025-06-12,delivered,Card
3989,1191,2024-09-14,delivered,Card
3990,173,2025-02-11,delivered,UPI
3991,128,2025-02-22,delivered,UPI
3992,576,2025-03-12,delivered,COD
3993,304,2024-04-07,returned,UPI
3994,959,2024-10-15,cancelled,UPI
3995,397,2024-10-29,delivered,UPI
3996,1138,2024-12-06,cancelled,COD
3997,503,2024-08-24,delivered,UPI
3998,4,2023-08-29,delivered,COD
3999,325,2025-01-18,delivered,NetBanking
4000,820,2025-02-12,shipped,COD
4001,618,2024-03-31,delivered,UPI
4002,221,2025-07-29,delivered,Card
4003,1108,2024-04-06,delivered,UPI
4004,921,2024-06-19,delivered,Card
4005,173,2024-10-01,delivered,UPI
4006,723,2024-06-07,delivered,UPI
4007,540,2024-01-01,delivered,UPI
4008,870,2025-05-08,delivered,Card
4009,1005,2024-09-29,delivered,UPI
4010,764,2025-07-23,delivered,Card
4011,874,2024-09-20,delivered,UPI
4012,365,2025-01-02,delivered,UPI
4013,840,2023-02-06,delivered,UPI
4014,978,2024-08-28,delivered,UPI
4015,970,2024-10-26,delivered,UPI
4016,1186,2024-08-10,delivered,COD
4017,622,2024-07-11,delivered,UPI
4018,213,2024-10-05,delivered,NetBanking
4019,847,2024-02-29,delivered,UPI
4020,29,2023-12-09,delivered,UPI
4021,165,2024-04-14,delivered,UPI
4022,1155,2025-05-23,delivered,COD
4023,426,2024-03-28,shipped,Card
4024,187,2024-10-13,delivered,COD
4025,1164,2024-08-17,delivered,COD
4026,886,2025-05-10,delivered,UPI
4027,99,2024-08-07,returned,UPI
4028,642,2024-12-08,delivered,NetBanking
4029,777,2023-06-18,delivered,UPI
4030,444,2024-09-21,delivered,COD
4031,67,2024-10-14,delivered,UPI
4032,824,2025-12-23,delivered,UPI
4033,1155,2025-01-22,delivered,UPI
4034,95,2024-12-04,delivered,NetBanking
4035,974,2025-03-26,delivered,COD
4036,390,2025-03-13,delivered,Card
4037,1186,2024-10-16,delivered,Card
4038,886,2025-02-04,delivered,UPI
4039,705,2024-06-18,shipped,UPI
4040,323,2023-11-26,delivered,COD
4041,507,2023-08-13,delivered,Card
4042,846,2024-12-06,delivered,NetBanking
4043,999,2023-09-02,delivered,COD
4044,602,2024-06-30,delivered,UPI
4045,631,2025-03-28,delivered,UPI
4046,1041,2024-06-24,delivered,Card
4047,252,2024-10-12,delivered,NetBanking
4048,1082,2024-12-04,delivered,UPI
4049,419,2024-03-13,returned,COD
4050,719,2024-10-08,delivered,Card
4051,280,2024-10-18,delivered,COD
4052,746,2025-12-09,delivered,Card
4053,723,2024-05-24,delivered,Card
4054,1192,2024-03-22,delivered,UPI
4055,793,2025-07-13,delivered,UPI
4056,464,2024-10-16,delivered,Card
4057,343,2024-02-15,delivered,UPI
4058,1132,2025-05-26,delivered,UPI
4059,1191,2024-09-15,delivered,UPI
4060,122,2024-05-08,delivered,Card
4061,972,2024-03-06,delivered,UPI
4062,1064,2025-04-10,delivered,UPI
4063,301,2025-06-05,delivered,UPI
4064,500,2023-12-10,delivered,Card
4065,328,2025-09-10,delivered,Card
4066,173,2024-05-14,shipped,UPI
4067,1137,2023-12-15,shipped,Card
4068,777,2024-12-31,cancelled,COD
4069,232,2024-09-18,delivered,COD
4070,933,2024-01-12,delivered,COD
4071,498,2025-11-25,delivered,UPI
4072,918,2024-11-19,delivered,COD
4073,353,2025-05-18,delivered,COD
4074,1191,2025-10-25,delivered,NetBanking
4075,925,2025-11-24,delivered,UPI
4076,939,2025-01-06,delivered,UPI
4077,677,2025-09-14,delivered,NetBanking
4078,341,2024-12-14,cancelled,UPI
4079,1032,2024-10-25,delivered,UPI
4080,576,2023-08-15,delivered,Card
4081,444,2023-10-26,delivered,Card
4082,762,2024-12-12,delivered,UPI
4083,772,2024-02-04,delivered,UPI
4084,1191,2025-03-17,delivered,Card
4085,1187,2025-01-06,delivered,UPI
4086,166,2024-04-11,delivered,Card
4087,4,2023-07-10,delivered,UPI
4088,326,2024-09-04,cancelled,Card
4089,330,2024-01-18,shipped,Card
4090,1191,2024-07-16,delivered,UPI
4091,852,2024-08-12,delivered,UPI
4092,752,2024-03-29,delivered,COD
4093,675,2024-04-02,delivered,NetBanking
4094,65,2024-11-10,delivered,UPI
4095,1046,2025-06-02,delivered,NetBanking
4096,180,2024-08-08,delivered,Card
4097,672,2025-02-27,delivered,UPI
4098,123,2025-01-16,cancelled,COD
4099,1026,2025-04-29,cancelled,NetBanking
4100,31,2024-07-13,delivered,Card
4101,245,2025-10-31,returned,COD
4102,735,2025-08-24,delivered,UPI
4103,866,2024-12-03,delivered,Card
4104,895,2024-03-04,delivered,NetBanking
4105,754,2025-05-25,delivered,Card
4106,1094,2025-01-06,delivered,COD
4107,495,2024-02-29,cancelled,COD
4108,481,2024-10-11,delivered,UPI
4109,1046,2024-06-28,cancelled,UPI
4110,397,2025-02-03,delivered,Card
4111,12,2025-01-13,delivered,COD
4112,323,2024-07-29,delivered,UPI
4113,1167,2024-05-20,delivered,COD
4114,1191,2025-05-21,cancelled,UPI
4115,1090,2024-07-19,delivered,UPI
4116,692,2024-10-24,delivered,NetBanking
4117,1176,2024-05-02,delivered,COD
4118,346,2025-05-20,delivered,COD
4119,512,2024-10-15,delivered,Card
4120,880,2025-01-08,delivered,UPI
4121,513,2023-05-11,delivered,NetBanking
4122,679,2024-06-14,delivered,COD
4123,699,2024-08-12,delivered,UPI
4124,53,2023-05-06,delivered,UPI
4125,41,2024-09-02,cancelled,COD
4126,87,2025-12-11,delivered,UPI
4127,451,2023-10-03,delivered,UPI
4128,1,2024-10-22,delivered,NetBanking
4129,277,2023-10-23,delivered,NetBanking
4130,194,2024-08-24,delivered,UPI
4131,772,2024-09-19,shipped,UPI
4132,227,2025-07-23,delivered,Card
4133,791,2024-08-28,shipped,UPI
4134,677,2025-06-26,delivered,UPI
4135,929,2024-03-05,delivered,UPI
4136,179,2025-08-05,delivered,Card
4137,1186,2025-12-26,delivered,UPI
4138,180,2024-04-25,delivered,UPI
4139,294,2024-06-08,delivered,COD
4140,32,2024-10-20,delivered,UPI
4141,973,2023-08-16,delivered,UPI
4142,730,2024-12-15,delivered,Card
4143,2,2025-11-26,delivered,COD
4144,173,2024-02-16,delivered,UPI
4145,1191,2025-11-11,delivered,UPI
4146,829,2024-05-02,delivered,Card
4147,514,2024-06-07,delivered,UPI
4148,1199,2024-06-22,shipped,NetBanking
4149,772,2023-08-07,delivered,NetBanking
4150,1013,2024-10-09,delivered,UPI
4151,67,2024-05-06,delivered,Card
4152,639,2024-08-21,delivered,Card
4153,241,2023-08-13,delivered,UPI
4154,629,2024-07-04,cancelled,UPI
4155,743,2024-09-12,delivered,UPI
4156,67,2025-03-25,shipped,COD
4157,935,2025-02-28,delivered,UPI
4158,251,2024-06-05,delivered,UPI
4159,1186,2025-08-02,delivered,COD
4160,675,2024-10-03,delivered,NetBanking
4161,4,2023-10-07,delivered,COD
4162,1040,2024-09-04,delivered,UPI
4163,313,2024-08-30,delivered,Card
4164,665,2024-04-17,delivered,UPI
4165,31,2025-05-21,delivered,UPI
4166,157,2023-05-01,delivered,UPI
4167,1143,2024-05-11,delivered,Card
4168,195,2024-09-05,delivered,Card
4169,421,2024-04-04,shipped,NetBanking
4170,679,2024-12-11,delivered,Card
4171,647,2024-10-09,delivered,Card
4172,923,2025-01-02,delivered,COD
4173,816,2025-06-28,delivered,NetBanking
4174,519,2024-05-30,delivered,UPI
4175,1191,2024-10-10,shipped,Card
4176,990,2024-10-08,delivered,UPI
4177,98,2024-06-29,shipped,Card
4178,3,2025-09-12,delivered,UPI
4179,1186,2025-10-16,delivered,COD
4180,551,2025-05-16,delivered,UPI
4181,978,2025-01-05,delivered,Card
4182,769,2024-12-21,delivered,UPI
4183,647,2025-06-06,cancelled,Card
4184,142,2025-02-26,delivered,UPI
4185,53,2024-07-20,delivered,Card
4186,650,2023-04-07,delivered,UPI
4187,98,2024-09-26,delivered,Card
4188,1048,2023-07-03,delivered,Card
4189,461,2024-09-19,shipped,UPI
4190,263,2024-08-22,delivered,COD
4191,392,2024-12-08,delivered,COD
4192,657,2025-08-14,delivered,NetBanking
4193,1040,2023-12-27,delivered,UPI
4194,1191,2024-07-07,delivered,UPI
4195,681,2024-07-16,delivered,NetBanking
4196,999,2024-12-12,delivered,COD
4197,1,2025-06-12,delivered,UPI
4198,417,2025-02-26,delivered,UPI
4199,251,2023-12-23,delivered,Card
4200,173,2024-01-19,delivered,Card
4201,1179,2025-07-06,delivered,COD
4202,187,2024-08-26,delivered,Card
4203,1086,2023-09-18,shipped,UPI
4204,310,2024-07-08,shipped,Card
4205,793,2024-12-31,delivered,UPI
4206,635,2024-09-21,delivered,UPI
4207,289,2024-07-08,delivered,Card
4208,688,2024-05-30,cancelled,Card
4209,610,2023-11-23,delivered,COD
4210,212,2025-06-16,delivered,UPI
4211,1191,2025-07-26,delivered,NetBanking
4212,540,2023-04-12,delivered,COD
4213,252,2025-07-07,delivered,Card
4214,4,2024-09-05,cancelled,NetBanking
4215,491,2024-12-25,delivered,COD
4216,1002,2025-02-03,delivered,COD
4217,1191,2025-01-18,delivered,UPI
4218,13,2023-05-18,cancelled,UPI
4219,916,2024-03-20,delivered,UPI
4220,1051,2025-05-31,delivered,UPI
4221,173,2024-08-27,cancelled,COD
4222,487,2025-03-16,delivered,Card
4223,87,2024-10-08,delivered,Card
4224,1122,2025-01-20,delivered,Card
4225,523,2024-05-22,cancelled,Card
4226,1114,2024-05-01,delivered,UPI
4227,611,2025-12-10,delivered,NetBanking
4228,1092,2025-03-14,delivered,Card
4229,1142,2024-05-20,delivered,UPI
4230,31,2024-04-06,shipped,UPI
4231,451,2023-11-12,cancelled,UPI
4232,1136,2025-02-15,delivered,UPI
4233,214,2023-08-04,delivered,COD
4234,874,2025-02-11,delivered,UPI
4235,29,2024-03-03,delivered,COD
4236,1192,2024-05-23,delivered,UPI
4237,17,2025-04-25,delivered,UPI
4238,1191,2025-12-03,delivered,UPI
4239,419,2024-03-30,delivered,Card
4240,278,2025-11-09,delivered,UPI
4241,631,2024-08-02,delivered,Card
4242,367,2024-12-16,delivered,Card
4243,4,2023-06-02,delivered,Card
4244,79,2024-11-06,delivered,COD
4245,324,2025-12-10,delivered,COD
4246,181,2024-05-05,delivered,Card
4247,391,2025-05-01,delivered,COD
4248,451,2024-08-06,delivered,UPI
4249,301,2025-09-13,delivered,UPI
4250,223,2024-05-13,delivered,UPI
4251,358,2025-02-03,delivered,UPI
4252,999,2023-08-26,delivered,UPI
4253,634,2025-11-30,delivered,UPI
4254,193,2025-04-24,delivered,COD
4255,258,2024-09-05,shipped,UPI
4256,804,2024-07-08,shipped,UPI
4257,1184,2024-10-13,delivered,COD
4258,107,2024-01-03,delivered,UPI
4259,719,2024-09-24,delivered,UPI
4260,157,2023-07-02,delivered,NetBanking
4261,1114,2023-11-10,delivered,COD
4262,66,2024-07-03,delivered,UPI
4263,633,2025-10-11,delivered,Card
4264,1191,2025-02-20,delivered,UPI
4265,1129,2023-09-05,delivered,Card
4266,605,2025-03-18,delivered,UPI
4267,341,2025-02-10,delivered,Card
4268,40,2024-06-25,delivered,UPI
4269,415,2024-11-25,delivered,UPI
4270,1020,2023-12-28,delivered,COD
4271,986,2025-07-09,delivered,UPI
4272,181,2024-07-19,delivered,UPI
4273,641,2025-02-14,delivered,NetBanking
4274,196,2024-09-14,delivered,UPI
4275,719,2024-08-03,delivered,Card
4276,839,2025-11-12,cancelled,UPI
4277,350,2024-06-08,delivered,COD
4278,1191,2024-11-24,delivered,Card
4279,331,2025-09-29,delivered,Card
4280,930,2025-05-14,delivered,UPI
4281,584,2024-09-18,delivered,Card
4282,1125,2025-02-16,delivered,UPI
4283,460,2025-03-23,delivered,NetBanking
4284,549,2025-10-24,delivered,Card
4285,618,2024-07-15,delivered,UPI
4286,345,2025-03-18,delivered,UPI
4287,1191,2025-04-03,delivered,Card
4288,932,2024-11-14,delivered,UPI
4289,631,2025-05-09,delivered,UPI
4290,1020,2025-08-22,delivered,COD
4291,818,2023-04-21,delivered,UPI
4292,181,2024-09-03,delivered,UPI
4293,545,2024-02-02,delivered,COD
4294,377,2023-08-12,delivered,COD
4295,972,2024-08-21,delivered,Card
4296,182,2025-05-03,delivered,UPI
4297,180,2025-11-01,delivered,Card
4298,887,2023-09-24,delivered,UPI
4299,112,2023-07-31,delivered,COD
4300,1183,2025-08-11,delivered,Card
4301,1191,2025-03-25,delivered,UPI
4302,1051,2024-07-08,delivered,Card
4303,88,2025-05-05,delivered,NetBanking
4304,1186,2025-03-21,shipped,Card
4305,173,2025-07-24,delivered,NetBanking
4306,975,2023-08-09,delivered,NetBanking
4307,502,2024-11-29,shipped,Card
4308,322,2025-03-30,delivered,Card
4309,173,2025-02-28,cancelled,UPI
4310,64,2025-07-09,delivered,UPI
4311,675,2025-07-19,delivered,COD
4312,70,2024-07-12,delivered,COD
4313,540,2023-07-01,delivered,COD
4314,941,2025-12-25,returned,UPI
4315,955,2024-05-04,delivered,COD
4316,687,2024-07-26,shipped,COD
4317,618,2024-03-13,delivered,Card
4318,1191,2025-09-02,delivered,UPI
4319,1066,2025-05-08,delivered,COD
4320,98,2024-10-31,delivered,UPI
4321,1068,2024-08-10,delivered,UPI
4322,185,2024-10-10,delivered,UPI
4323,777,2023-11-26,delivered,UPI
4324,10,2024-11-25,delivered,COD
4325,1016,2025-07-05,delivered,Card
4326,227,2024-03-20,returned,UPI
4327,412,2023-03-19,returned,Card
4328,1125,2024-02-04,delivered,NetBanking
4329,1037,2024-09-23,delivered,Card
4330,625,2024-04-21,delivered,UPI
4331,169,2024-06-15,delivered,UPI
4332,159,2025-02-12,delivered,UPI
4333,1109,2024-12-20,delivered,NetBanking
4334,76,2025-02-17,shipped,COD
4335,474,2025-06-28,delivered,COD
4336,277,2023-09-14,delivered,UPI
4337,583,2025-01-09,delivered,UPI
4338,899,2023-07-17,delivered,Card
4339,1072,2023-11-30,delivered,COD
4340,1186,2025-10-17,cancelled,UPI
4341,337,2023-12-19,delivered,UPI
4342,1191,2025-02-15,delivered,UPI
4343,607,2025-05-17,cancelled,NetBanking
4344,1016,2025-06-12,delivered,Card
4345,156,2023-12-28,delivered,UPI
4346,82,2023-10-25,returned,COD
4347,567,2025-07-04,returned,COD
4348,1191,2025-04-15,delivered,UPI
4349,631,2024-05-16,delivered,COD
4350,381,2024-06-06,delivered,NetBanking
4351,12,2025-05-17,returned,Card
4352,277,2023-07-14,delivered,COD
4353,1155,2025-08-18,delivered,UPI
4354,285,2024-06-28,delivered,UPI
4355,681,2023-11-18,delivered,COD
4356,654,2025-11-28,delivered,Card
4357,245,2025-10-30,cancelled,Card
4358,254,2024-03-17,delivered,COD
4359,540,2024-07-08,shipped,UPI
4360,1039,2025-01-20,delivered,Card
4361,482,2025-03-07,cancelled,NetBanking
4362,1191,2025-02-17,delivered,Card
4363,1159,2023-07-26,returned,COD
4364,1104,2024-07-04,delivered,Card
4365,1155,2024-06-10,delivered,UPI
4366,252,2025-12-31,shipped,Card
4367,1178,2024-01-19,shipped,NetBanking
4368,865,2024-10-02,delivered,COD
4369,699,2025-07-08,delivered,COD
4370,519,2024-09-15,cancelled,Card
4371,447,2024-08-21,delivered,UPI
4372,200,2025-11-07,delivered,UPI
4373,1191,2024-07-16,delivered,NetBanking
4374,1002,2023-06-18,delivered,Card
4375,89,2023-07-13,delivered,UPI
4376,1014,2024-06-06,shipped,UPI
4377,763,2023-07-10,delivered,Card
4378,430,2023-12-12,delivered,Card
4379,200,2025-04-01,delivered,UPI
4380,847,2025-06-28,delivered,UPI
4381,937,2024-10-26,returned,UPI
4382,681,2023-10-05,returned,UPI
4383,134,2025-03-17,delivered,COD
4384,106,2024-11-01,returned,UPI
4385,1191,2025-10-24,delivered,COD
4386,1155,2024-06-04,delivered,UPI
4387,1039,2024-09-30,delivered,COD
4388,624,2024-09-02,delivered,UPI
4389,82,2024-11-08,delivered,UPI
4390,1165,2025-02-28,delivered,COD
4391,323,2024-10-09,delivered,Card
4392,19,2025-04-15,delivered,Card
4393,1159,2024-08-16,delivered,UPI
4394,17,2024-06-06,delivered,Card
4395,1075,2025-12-14,delivered,UPI
4396,1037,2023-12-28,delivered,COD
4397,1186,2025-08-05,delivered,COD
4398,1112,2025-06-08,shipped,Card
4399,1191,2025-12-12,delivered,UPI
4400,199,2025-01-22,delivered,COD
4401,1069,2024-11-11,delivered,UPI
4402,426,2024-04-16,delivered,UPI
4403,465,2023-07-10,delivered,NetBanking
4404,495,2024-03-29,delivered,UPI
4405,173,2024-03-14,delivered,UPI
4406,394,2024-10-22,delivered,UPI
4407,886,2025-09-04,shipped,UPI
4408,855,2024-08-21,delivered,Card
4409,544,2025-08-28,returned,UPI
4410,1191,2024-09-09,delivered,UPI
4411,773,2024-07-07,delivered,UPI
4412,770,2025-07-03,delivered,Card
4413,666,2024-02-07,delivered,Card
4414,1191,2024-09-24,delivered,Card
4415,309,2024-07-06,cancelled,UPI
4416,421,2023-03-05,delivered,NetBanking
4417,392,2024-07-17,delivered,UPI
4418,226,2024-07-19,returned,UPI
4419,752,2023-04-18,delivered,COD
4420,312,2023-03-10,delivered,COD
4421,87,2025-08-22,delivered,Card
4422,569,2025-12-28,delivered,UPI
4423,851,2023-03-28,delivered,COD
4424,498,2025-05-10,delivered,UPI
4425,173,2024-03-05,delivered,UPI
4426,1149,2024-01-13,delivered,Card
4427,255,2025-12-18,delivered,UPI
4428,1049,2025-08-21,delivered,Card
4429,921,2024-02-13,delivered,COD
4430,451,2024-07-15,delivered,Card
4431,747,2024-06-13,delivered,Card
4432,603,2025-07-29,delivered,Card
4433,213,2025-09-18,delivered,UPI
4434,1191,2025-02-22,delivered,UPI
4435,1191,2025-05-24,delivered,COD
4436,438,2024-01-12,delivered,UPI
4437,940,2023-12-12,delivered,COD
4438,859,2023-06-04,delivered,COD
4439,1185,2024-07-21,delivered,Card
4440,847,2024-09-25,delivered,NetBanking
4441,906,2024-10-14,delivered,UPI
4442,711,2024-03-11,delivered,Card
4443,939,2024-09-20,cancelled,Card
4444,267,2025-11-13,delivered,Card
4445,831,2024-05-03,delivered,Card
4446,1145,2025-02-04,delivered,Card
4447,850,2025-11-29,delivered,COD
4448,997,2024-08-21,delivered,UPI
4449,684,2024-07-05,delivered,UPI
4450,634,2025-09-14,delivered,Card
4451,540,2024-05-02,delivered,Card
4452,33,2024-04-01,delivered,COD
4453,445,2024-09-20,delivered,Card
4454,487,2025-04-22,shipped,UPI
4455,723,2024-06-04,delivered,UPI
4456,657,2024-04-12,returned,UPI
4457,531,2024-04-12,delivered,UPI
4458,67,2023-11-30,delivered,COD
4459,572,2023-12-31,delivered,UPI
4460,106,2025-01-13,delivered,COD
4461,1040,2024-04-24,delivered,UPI
4462,242,2024-11-11,delivered,Card
4463,836,2025-02-17,delivered,COD
4464,667,2023-09-20,delivered,Card
4465,4,2024-08-07,delivered,COD
4466,157,2023-06-06,delivered,Card
4467,74,2024-10-05,delivered,UPI
4468,847,2025-02-25,delivered,Card
4469,758,2024-10-05,delivered,UPI
4470,810,2024-07-30,delivered,UPI
4471,535,2024-09-19,delivered,Card
4472,1186,2025-07-11,delivered,Card
4473,284,2025-01-11,delivered,UPI
4474,262,2024-12-16,delivered,NetBanking
4475,414,2024-10-09,shipped,UPI
4476,871,2024-04-27,delivered,COD
4477,113,2025-02-09,delivered,UPI
4478,153,2025-04-30,delivered,UPI
4479,197,2023-02-04,delivered,COD
4480,541,2025-01-25,delivered,NetBanking
4481,1166,2025-12-24,delivered,UPI
4482,1186,2025-08-20,delivered,NetBanking
4483,577,2023-10-06,delivered,COD
4484,909,2023-08-24,delivered,UPI
4485,1191,2025-08-22,delivered,UPI
4486,113,2023-11-03,delivered,Card
4487,1027,2023-12-08,delivered,UPI
4488,109,2023-12-18,delivered,UPI
4489,1143,2024-07-26,delivered,UPI
4490,1191,2025-08-13,delivered,COD
4491,106,2024-11-30,delivered,Card
4492,270,2023-07-28,delivered,Card
4493,387,2025-05-05,delivered,COD
4494,1143,2024-10-13,delivered,UPI
4495,369,2025-08-13,cancelled,COD
4496,767,2024-10-31,delivered,UPI
4497,587,2025-02-05,delivered,Card
4498,1007,2024-09-18,delivered,NetBanking
4499,847,2024-09-13,delivered,COD
4500,452,2025-11-07,delivered,COD
4501,179,2025-11-30,delivered,NetBanking
4502,49,2024-09-23,delivered,Card
4503,1167,2025-04-04,shipped,UPI
4504,355,2025-05-21,delivered,UPI
4505,67,2024-12-28,cancelled,Card
4506,615,2023-09-06,delivered,Card
4507,449,2025-03-08,delivered,Card
4508,541,2024-10-13,cancelled,Card
4509,747,2025-07-10,delivered,UPI
4510,1081,2025-01-15,delivered,UPI
4511,1126,2025-05-03,delivered,UPI
4512,378,2024-01-01,delivered,NetBanking
4513,1197,2025-01-26,delivered,COD
4514,1153,2023-11-14,delivered,COD
4515,254,2023-05-30,cancelled,Card
4516,735,2024-06-25,delivered,UPI
4517,1002,2023-06-15,delivered,UPI
4518,16,2025-07-15,delivered,Card
4519,710,2025-11-28,delivered,COD
4520,180,2025-10-31,cancelled,COD
4521,864,2024-07-17,delivered,UPI
4522,451,2023-08-19,shipped,Card
4523,362,2025-12-20,delivered,Card
4524,530,2025-09-12,delivered,Card
4525,18,2023-12-24,delivered,UPI
4526,433,2024-10-19,delivered,UPI
4527,755,2025-08-22,delivered,UPI
4528,859,2024-07-03,delivered,NetBanking
4529,168,2023-12-20,delivered,COD
4530,1191,2025-04-30,delivered,Card
4531,49,2024-05-15,cancelled,UPI
4532,1166,2025-05-11,delivered,NetBanking
4533,1117,2025-08-12,delivered,UPI
4534,213,2025-03-26,delivered,UPI
4535,81,2025-03-23,delivered,COD
4536,731,2025-01-09,delivered,Card
4537,279,2023-08-07,delivered,UPI
4538,607,2025-01-18,delivered,UPI
4539,173,2024-12-17,delivered,UPI
4540,1040,2024-07-10,delivered,UPI
4541,173,2024-11-06,delivered,Card
4542,248,2024-04-29,delivered,Card
4543,989,2024-06-21,delivered,UPI
4544,727,2025-06-04,shipped,UPI
4545,631,2025-01-14,returned,UPI
4546,1191,2025-10-14,delivered,COD
4547,869,2023-07-31,delivered,COD
4548,482,2025-05-21,delivered,NetBanking
4549,70,2024-01-20,returned,Card
4550,948,2025-05-20,delivered,COD
4551,934,2024-06-05,delivered,Card
4552,764,2025-02-26,delivered,UPI
4553,731,2023-10-21,delivered,Card
4554,627,2025-05-29,delivered,UPI
4555,850,2024-12-24,delivered,COD
4556,936,2025-02-02,delivered,Card
4557,460,2025-08-23,delivered,UPI
4558,897,2024-04-30,delivered,UPI
4559,946,2023-03-05,delivered,UPI
4560,851,2023-11-21,delivered,Card
4561,355,2025-04-13,shipped,COD
4562,802,2025-08-14,delivered,COD
4563,744,2025-05-22,delivered,COD
4564,285,2025-08-14,delivered,UPI
4565,851,2024-08-04,delivered,COD
4566,632,2023-10-16,delivered,COD
4567,1093,2025-10-27,delivered,COD
4568,157,2024-09-28,delivered,COD
4569,719,2025-03-27,delivered,UPI
4570,53,2024-07-09,delivered,UPI
4571,1047,2024-08-12,shipped,UPI
4572,809,2023-12-05,delivered,UPI
4573,330,2023-09-23,delivered,UPI
4574,1088,2023-10-12,delivered,Card
4575,291,2024-07-02,delivered,Card
4576,1092,2024-08-14,delivered,COD
4577,390,2025-05-24,delivered,UPI
4578,985,2024-09-25,delivered,UPI
4579,104,2025-05-12,delivered,COD
4580,173,2024-10-30,delivered,COD
4581,854,2024-03-18,delivered,UPI
4582,4,2023-11-27,shipped,Card
4583,184,2025-02-20,delivered,UPI
4584,482,2025-03-18,delivered,UPI
4585,1040,2023-10-05,delivered,Card
4586,433,2023-09-26,cancelled,Card
4587,1039,2025-01-12,delivered,Card
4588,425,2024-12-28,delivered,UPI
4589,709,2024-01-07,delivered,UPI
4590,68,2024-04-07,delivered,Card
4591,267,2024-05-22,cancelled,COD
4592,1171,2025-05-31,delivered,UPI
4593,155,2024-08-10,delivered,COD
4594,1112,2025-05-03,delivered,Card
4595,1191,2025-09-11,delivered,Card
4596,173,2025-09-07,delivered,Card
4597,611,2025-05-25,delivered,UPI
4598,1191,2025-07-26,delivered,UPI
4599,173,2025-01-05,delivered,Card
4600,939,2024-08-12,delivered,Card
4601,127,2024-07-14,delivered,COD
4602,365,2024-01-16,delivered,UPI
4603,159,2025-09-23,shipped,UPI
4604,860,2024-09-21,delivered,UPI
4605,451,2024-01-07,delivered,Card
4606,928,2023-03-31,delivered,NetBanking
4607,79,2023-05-27,delivered,Card
4608,964,2024-09-16,delivered,UPI
4609,952,2025-01-26,delivered,COD
4610,259,2023-04-20,shipped,Card
4611,412,2024-06-10,delivered,Card
4612,905,2024-04-26,delivered,Card
4613,677,2025-12-03,delivered,NetBanking
4614,12,2024-11-27,delivered,UPI
4615,1083,2024-05-29,delivered,UPI
4616,631,2025-07-08,delivered,Card
4617,325,2024-09-05,delivered,COD
4618,1186,2025-09-18,delivered,UPI
4619,878,2024-09-15,delivered,UPI
4620,153,2024-11-01,delivered,COD
4621,74,2023-12-23,delivered,Card
4622,18,2023-07-23,cancelled,UPI
4623,313,2024-04-26,delivered,COD
4624,482,2025-05-21,delivered,COD
4625,67,2025-01-29,delivered,UPI
4626,565,2025-12-09,delivered,NetBanking
4627,166,2023-04-01,delivered,COD
4628,921,2024-06-30,delivered,Card
4629,959,2024-10-11,shipped,NetBanking
4630,1031,2025-10-19,shipped,COD
4631,926,2024-01-08,delivered,COD
4632,451,2024-03-25,delivered,COD
4633,1133,2025-04-08,delivered,UPI
4634,451,2024-10-12,delivered,Card
4635,421,2024-03-31,delivered,UPI
4636,1191,2025-04-10,delivered,UPI
4637,632,2024-10-29,delivered,Card
4638,173,2025-08-09,delivered,Card
4639,1191,2025-02-12,delivered,Card
4640,772,2023-10-04,delivered,COD
4641,540,2024-04-13,delivered,Card
4642,313,2024-07-03,delivered,COD
4643,1149,2023-11-11,delivered,UPI
4644,1185,2024-05-23,delivered,UPI
4645,921,2025-01-30,delivered,COD
4646,199,2025-10-18,delivered,UPI
4647,74,2024-11-03,delivered,UPI
4648,672,2025-12-22,shipped,Card
4649,127,2025-06-19,delivered,UPI
4650,722,2025-05-11,shipped,Card
4651,106,2024-03-10,delivered,UPI
4652,1016,2025-03-11,returned,COD
4653,128,2025-02-03,delivered,Card
4654,1115,2024-07-30,delivered,COD
4655,1097,2025-06-04,delivered,UPI
4656,1197,2023-12-17,delivered,UPI
4657,874,2024-10-17,delivered,UPI
4658,843,2024-03-16,delivered,UPI
4659,1105,2025-04-09,delivered,UPI
4660,514,2025-06-26,delivered,UPI
4661,641,2025-06-16,returned,NetBanking
4662,1047,2024-04-16,delivered,UPI
4663,692,2025-10-09,delivered,UPI
4664,1191,2025-09-29,delivered,COD
4665,495,2024-06-25,delivered,UPI
4666,18,2024-05-07,delivered,UPI
4667,328,2024-03-04,delivered,COD
4668,5,2024-07-05,delivered,NetBanking
4669,694,2024-05-15,cancelled,COD
4670,184,2025-05-16,delivered,NetBanking
4671,585,2023-12-06,returned,UPI
4672,127,2025-08-05,cancelled,Card
4673,540,2024-07-14,delivered,UPI
4674,932,2023-12-21,delivered,UPI
4675,251,2024-11-03,delivered,Card
4676,122,2024-11-02,delivered,Card
4677,1198,2023-07-24,delivered,NetBanking
4678,1193,2024-12-23,delivered,Card
4679,747,2025-01-01,delivered,NetBanking
4680,30,2025-01-13,delivered,COD
4681,451,2024-05-27,delivered,Card
4682,419,2025-01-26,delivered,Card
4683,1083,2024-03-17,delivered,UPI
4684,389,2024-11-24,shipped,UPI
4685,540,2023-08-22,delivered,UPI
4686,98,2025-06-20,delivered,Card
4687,12,2025-02-10,returned,UPI
4688,1009,2024-03-26,returned,UPI
4689,883,2024-03-25,cancelled,UPI
4690,451,2023-09-09,delivered,NetBanking
4691,667,2024-11-22,delivered,UPI
4692,422,2024-02-11,delivered,Card
4693,541,2024-04-04,delivered,COD
4694,173,2024-09-27,delivered,UPI
4695,451,2024-03-30,delivered,UPI
4696,1191,2024-12-28,delivered,Card
4697,343,2025-05-10,delivered,UPI
4698,52,2023-11-10,delivered,Card
4699,159,2025-09-09,cancelled,COD
4700,1051,2025-03-28,returned,Card
4701,1191,2025-11-27,delivered,UPI
4702,184,2025-12-20,delivered,UPI
4703,4,2023-04-15,returned,Card
4704,410,2024-10-03,delivered,Card
4705,1191,2024-09-02,delivered,UPI
4706,829,2024-07-28,delivered,NetBanking
4707,465,2023-07-19,delivered,COD
4708,451,2024-11-15,returned,Card
4709,1151,2024-12-01,delivered,UPI
4710,358,2023-07-07,delivered,COD
4711,146,2024-01-22,returned,Card
4712,1132,2025-11-11,delivered,UPI
4713,627,2025-05-21,delivered,UPI
4714,343,2024-08-06,delivered,UPI
4715,915,2024-04-07,delivered,COD
4716,207,2024-12-30,delivered,COD
4717,1186,2025-02-16,cancelled,COD
4718,173,2024-09-25,delivered,COD
4719,183,2024-08-15,delivered,UPI
4720,550,2025-03-16,delivered,UPI
4721,834,2025-10-13,delivered,UPI
4722,1026,2025-10-09,delivered,UPI
4723,159,2024-08-28,delivered,Card
4724,157,2024-09-22,delivered,UPI
4725,1191,2025-11-17,delivered,UPI
4726,526,2023-04-29,delivered,COD
4727,880,2025-01-07,delivered,UPI
4728,673,2024-09-08,delivered,COD
4729,409,2023-09-17,delivered,Card
4730,738,2025-08-19,returned,Card
4731,38,2024-07-02,delivered,Card
4732,1080,2024-03-18,delivered,UPI
4733,1083,2023-10-06,delivered,UPI
4734,270,2023-10-08,delivered,NetBanking
4735,631,2024-01-09,delivered,Card
4736,472,2025-10-08,delivered,Card
4737,181,2025-03-17,delivered,UPI
4738,631,2024-08-08,delivered,NetBanking
4739,816,2024-09-24,delivered,Card
4740,360,2023-04-15,delivered,UPI
4741,271,2024-07-15,delivered,UPI
4742,922,2024-05-15,cancelled,COD
4743,679,2024-09-14,delivered,UPI
4744,921,2023-10-21,delivered,Card
4745,519,2025-12-22,delivered,Card
4746,1040,2024-01-02,delivered,UPI
4747,811,2025-04-23,delivered,Card
4748,1015,2024-06-27,cancelled,UPI
4749,474,2025-02-07,delivered,UPI
4750,668,2024-05-26,delivered,UPI
4751,797,2025-12-23,delivered,COD
4752,94,2024-10-10,delivered,Card
4753,676,2023-08-04,delivered,UPI
4754,1131,2024-05-08,delivered,UPI
4755,31,2024-01-12,delivered,UPI
4756,559,2025-02-24,delivered,COD
4757,410,2024-10-23,delivered,UPI
4758,559,2024-11-05,returned,Card
4759,503,2023-09-18,delivered,UPI
4760,886,2025-11-16,delivered,UPI
4761,95,2025-04-18,delivered,UPI
4762,951,2025-04-13,delivered,Card
4763,638,2024-07-19,delivered,Card
4764,754,2025-05-07,delivered,Card
4765,157,2024-09-06,delivered,UPI
4766,451,2024-07-06,delivered,NetBanking
4767,95,2025-02-16,delivered,Card
4768,1192,2023-12-17,shipped,UPI
4769,289,2024-09-12,delivered,COD
4770,672,2024-10-23,delivered,Card
4771,959,2024-01-02,delivered,Card
4772,643,2025-10-20,delivered,UPI
4773,391,2025-01-04,delivered,NetBanking
4774,80,2024-11-27,delivered,COD
4775,230,2024-07-14,delivered,COD
4776,484,2023-09-29,delivered,UPI
4777,313,2025-01-06,delivered,NetBanking
4778,1186,2025-04-18,delivered,UPI
4779,538,2023-10-18,delivered,UPI
4780,1191,2024-07-17,delivered,Card
4781,660,2024-05-08,delivered,UPI
4782,261,2023-09-02,delivered,Card
4783,676,2025-03-29,delivered,Card
4784,843,2025-02-01,cancelled,Card
4785,508,2024-08-23,delivered,UPI
4786,264,2024-10-29,delivered,Card
4787,950,2025-06-12,delivered,UPI
4788,155,2025-02-02,delivered,COD
4789,1191,2025-02-02,delivered,NetBanking
4790,369,2024-10-22,delivered,Card
4791,59,2025-05-14,delivered,NetBanking
4792,620,2025-09-29,delivered,UPI
4793,1026,2025-06-18,shipped,UPI
4794,630,2025-10-21,delivered,UPI
4795,335,2023-08-25,delivered,UPI
4796,572,2025-02-24,delivered,Card
4797,622,2025-01-16,returned,COD
4798,425,2023-11-06,delivered,UPI
4799,173,2024-07-28,delivered,COD
4800,221,2025-12-19,delivered,Card
4801,1191,2025-12-21,delivered,COD
4802,83,2025-06-01,delivered,Card
4803,442,2025-01-12,delivered,COD
4804,660,2023-12-20,delivered,UPI
4805,309,2025-05-15,delivered,UPI
4806,672,2024-06-02,delivered,NetBanking
4807,692,2024-12-26,delivered,Card
4808,309,2024-01-20,delivered,UPI
4809,610,2024-03-25,delivered,UPI
4810,200,2024-09-08,delivered,NetBanking
4811,643,2024-05-29,delivered,UPI
4812,1191,2025-02-18,delivered,UPI
4813,724,2025-03-08,delivered,Card
4814,171,2025-07-26,delivered,UPI
4815,497,2025-08-11,delivered,COD
4816,187,2023-04-20,delivered,UPI
4817,145,2025-02-10,delivered,COD
4818,848,2024-11-17,cancelled,Card
4819,1077,2023-11-12,delivered,UPI
4820,15,2024-01-24,delivered,Card
4821,874,2024-07-05,delivered,UPI
4822,1192,2025-07-01,shipped,UPI
4823,761,2024-07-16,delivered,UPI
4824,18,2023-09-07,cancelled,Card
4825,985,2024-04-02,delivered,Card
4826,714,2024-06-17,delivered,NetBanking
4827,975,2024-02-08,delivered,UPI
4828,1155,2024-06-16,delivered,UPI
4829,415,2024-11-28,delivered,Card
4830,647,2024-12-19,delivered,Card
4831,1186,2025-07-20,delivered,UPI
4832,809,2024-08-31,delivered,COD
4833,825,2025-01-17,delivered,COD
4834,170,2024-09-16,delivered,Card
4835,108,2025-03-19,cancelled,UPI
4836,1039,2023-10-12,delivered,Card
4837,1199,2023-12-15,delivered,UPI
4838,189,2024-12-10,shipped,COD
4839,200,2025-11-13,delivered,NetBanking
4840,35,2024-09-06,delivered,Card
4841,631,2024-01-14,delivered,Card
4842,634,2025-02-05,delivered,Card
4843,113,2025-03-26,delivered,UPI
4844,1186,2025-11-10,shipped,COD
4845,793,2024-04-15,delivered,COD
4846,50,2024-10-25,delivered,COD
4847,541,2025-03-11,delivered,UPI
4848,1014,2023-10-24,delivered,UPI
4849,117,2024-09-21,delivered,UPI
4850,1191,2025-10-07,delivered,UPI
4851,336,2024-10-05,delivered,UPI
4852,505,2024-11-20,delivered,UPI
4853,7,2024-08-20,delivered,COD
4854,1191,2024-08-19,delivered,UPI
4855,732,2024-09-16,delivered,Card
4856,1107,2025-09-25,delivered,NetBanking
4857,799,2024-02-18,delivered,COD
4858,1157,2024-08-21,delivered,Card
4859,1036,2025-05-03,delivered,UPI
4860,843,2024-11-29,delivered,UPI
4861,1191,2025-10-31,delivered,Card
4862,1187,2024-08-14,returned,UPI
4863,593,2025-05-21,delivered,UPI
4864,325,2024-02-19,cancelled,COD
4865,1186,2025-06-23,delivered,COD
4866,159,2025-09-06,delivered,COD
4867,173,2024-02-01,delivered,COD
4868,127,2025-05-12,delivered,Card
4869,735,2025-03-11,shipped,UPI
4870,934,2024-11-12,delivered,NetBanking
4871,1191,2025-06-24,delivered,Card
4872,117,2025-02-12,delivered,COD
4873,861,2023-12-29,delivered,UPI
4874,108,2024-08-11,delivered,COD
4875,184,2025-02-08,delivered,COD
4876,618,2023-09-13,delivered,COD
4877,1097,2025-09-07,delivered,Card
4878,838,2025-04-15,delivered,UPI
4879,534,2023-05-11,delivered,Card
4880,38,2024-09-23,delivered,UPI
4881,173,2025-07-14,delivered,COD
4882,1186,2025-06-13,delivered,Card
4883,1032,2025-05-04,shipped,COD
4884,1164,2024-07-07,delivered,Card
4885,57,2024-08-09,delivered,UPI
4886,481,2024-11-21,delivered,UPI
4887,140,2024-03-25,delivered,NetBanking
4888,724,2024-12-18,delivered,Card
4889,792,2024-01-10,cancelled,Card
4890,1136,2025-07-22,delivered,UPI
4891,245,2025-09-27,delivered,Card
4892,643,2025-02-16,delivered,NetBanking
4893,368,2024-06-28,delivered,COD
4894,249,2025-02-26,delivered,Card
4895,4,2023-07-14,delivered,COD
4896,343,2024-02-11,delivered,UPI
4897,747,2025-03-13,delivered,UPI
4898,220,2023-07-02,delivered,Card
4899,307,2024-08-10,delivered,Card
4900,422,2024-08-07,delivered,COD
4901,1186,2024-07-26,delivered,Card
4902,805,2025-02-01,delivered,UPI
4903,777,2023-10-27,shipped,UPI
4904,700,2025-09-17,delivered,NetBanking
4905,186,2025-11-05,delivered,COD
4906,970,2025-07-05,shipped,UPI
4907,1143,2024-08-05,delivered,COD
4908,414,2024-12-05,delivered,NetBanking
4909,43,2024-11-15,returned,UPI
4910,644,2024-08-04,delivered,Card
4911,60,2025-03-13,delivered,COD
4912,460,2025-11-28,delivered,COD
4913,245,2025-10-20,returned,COD
4914,784,2025-08-26,delivered,UPI
4915,780,2023-08-13,delivered,NetBanking
4916,668,2025-02-11,delivered,UPI
4917,618,2024-06-05,delivered,UPI
4918,87,2025-12-10,delivered,NetBanking
4919,317,2024-09-06,delivered,COD
4920,68,2023-12-22,delivered,COD
4921,719,2024-03-31,delivered,UPI
4922,294,2024-01-24,shipped,COD
4923,451,2024-08-10,delivered,Card
4924,237,2025-05-19,delivered,UPI
4925,675,2025-07-17,delivered,UPI
4926,833,2025-03-31,delivered,NetBanking
4927,1105,2025-02-20,delivered,UPI
4928,303,2025-05-28,delivered,UPI
4929,1191,2024-12-18,delivered,UPI
4930,697,2023-11-19,delivered,COD
4931,747,2025-01-08,delivered,COD
4932,591,2023-09-24,delivered,Card
4933,750,2025-03-29,cancelled,Card
4934,556,2025-09-05,delivered,NetBanking
4935,770,2024-05-09,delivered,UPI
4936,173,2025-08-25,delivered,UPI
4937,159,2025-01-02,delivered,UPI
4938,775,2025-03-22,delivered,UPI
4939,320,2025-04-05,delivered,UPI
4940,200,2024-12-14,delivered,Card
4941,4,2023-05-22,cancelled,UPI
4942,1125,2024-10-11,cancelled,UPI
4943,325,2025-03-03,delivered,UPI
4944,228,2024-11-18,delivered,UPI
4945,451,2024-05-05,delivered,Card
4946,1126,2024-02-25,delivered,UPI
4947,592,2025-09-15,shipped,Card
4948,1191,2024-07-21,cancelled,COD
4949,58,2024-03-17,delivered,Card
4950,59,2025-05-21,delivered,Card
4951,777,2024-02-27,delivered,Card
4952,315,2024-12-17,delivered,Card
4953,56,2025-01-31,delivered,UPI
4954,127,2025-06-02,delivered,COD
4955,627,2025-01-24,delivered,NetBanking
4956,403,2025-05-10,cancelled,UPI
4957,1086,2024-08-05,shipped,UPI
4958,683,2024-08-30,delivered,UPI
4959,234,2025-08-31,delivered,UPI
4960,425,2024-08-25,delivered,COD
4961,331,2025-10-01,delivered,UPI
4962,1047,2025-03-13,delivered,COD
4963,52,2024-01-27,delivered,UPI
4964,1026,2025-06-11,delivered,Card
4965,1009,2025-01-04,delivered,NetBanking
4966,165,2024-06-18,delivered,Card
4967,112,2024-11-23,delivered,UPI
4968,17,2025-01-27,delivered,UPI
4969,1191,2025-07-31,delivered,UPI
4970,159,2025-08-13,delivered,COD
4971,1181,2025-02-21,delivered,UPI
4972,692,2025-01-04,delivered,Card
4973,847,2024-08-03,shipped,COD
4974,1191,2025-07-26,delivered,NetBanking
4975,257,2025-01-24,delivered,Card
4976,187,2024-03-27,delivered,UPI
4977,184,2025-12-24,delivered,COD
4978,4,2023-03-31,delivered,UPI
4979,741,2024-09-09,delivered,UPI
4980,1191,2025-09-17,shipped,COD
4981,173,2025-08-06,delivered,UPI
4982,173,2024-05-12,delivered,COD
4983,433,2024-05-12,delivered,UPI
4984,224,2025-03-16,delivered,UPI
4985,1171,2025-03-17,delivered,UPI
4986,738,2025-06-21,cancelled,UPI
4987,1191,2025-01-20,delivered,UPI
4988,720,2023-11-04,delivered,COD
4989,87,2025-11-08,delivered,Card
4990,1191,2025-10-05,delivered,UPI
4991,115,2025-08-25,delivered,COD
4992,328,2024-04-07,delivered,Card
4993,1191,2024-08-10,delivered,UPI
4994,291,2025-06-29,delivered,COD
4995,173,2025-08-28,delivered,UPI
4996,994,2024-01-22,delivered,UPI
4997,1003,2024-06-18,delivered,Card
4998,452,2024-10-10,delivered,UPI
4999,1010,2025-05-24,delivered,Card
5000,775,2024-12-01,delivered,Card
5001,1186,2025-07-05,delivered,Card
5002,443,2025-04-08,returned,UPI
5003,1191,2025-12-08,delivered,NetBanking
5004,1191,2025-12-17,delivered,COD
5005,267,2024-07-09,delivered,UPI
5006,994,2025-04-07,delivered,UPI
5007,618,2025-01-22,delivered,UPI
5008,1191,2025-03-12,delivered,COD
5009,177,2024-11-17,delivered,COD
5010,514,2024-07-26,shipped,Card
5011,782,2025-03-03,returned,UPI
5012,907,2023-12-21,delivered,COD
5013,365,2024-07-02,delivered,UPI
5014,1078,2025-09-29,delivered,Card
5015,173,2024-08-26,delivered,UPI
5016,1191,2024-11-14,delivered,UPI
5017,1191,2025-06-04,delivered,Card
5018,29,2024-06-29,delivered,Card
5019,383,2025-11-04,cancelled,COD
5020,913,2024-10-12,cancelled,UPI
5021,1007,2024-03-17,delivered,UPI
5022,58,2024-12-12,delivered,COD
5023,255,2025-11-15,delivered,UPI
5024,1022,2024-03-28,delivered,COD
5025,958,2025-03-16,delivered,NetBanking
5026,410,2023-10-16,delivered,UPI
5027,1135,2023-07-11,delivered,Card
5028,758,2023-12-26,delivered,COD
5029,392,2024-08-16,delivered,COD
5030,290,2025-08-05,delivered,UPI
5031,220,2023-06-11,delivered,NetBanking
5032,559,2024-11-11,delivered,UPI
5033,1191,2024-12-13,shipped,UPI
5034,195,2024-08-30,delivered,COD
5035,253,2024-02-10,delivered,NetBanking
5036,1097,2024-05-13,returned,Card
5037,776,2024-01-01,delivered,Card
5038,523,2025-05-19,cancelled,UPI
5039,1191,2024-12-13,shipped,Card
5040,173,2024-02-10,shipped,COD
5041,157,2023-10-09,delivered,COD
5042,643,2025-09-01,delivered,NetBanking
5043,1191,2025-07-17,delivered,Card
5044,173,2025-05-10,cancelled,NetBanking
5045,173,2024-02-20,shipped,UPI
5046,1191,2024-09-27,delivered,COD
5047,433,2023-09-27,delivered,COD
5048,992,2023-08-01,delivered,UPI
5049,417,2023-10-17,delivered,UPI
5050,692,2024-12-26,delivered,Card
5051,191,2025-07-27,delivered,UPI
5052,317,2024-08-28,delivered,UPI
5053,386,2025-02-26,shipped,Card
5054,159,2024-12-25,delivered,Card
5055,1191,2025-05-24,delivered,NetBanking
5056,134,2024-10-23,delivered,COD
5057,927,2024-09-18,delivered,UPI
5058,180,2025-07-06,shipped,COD
5059,184,2025-03-05,delivered,UPI
5060,519,2025-11-30,delivered,Card
5061,929,2024-05-17,delivered,UPI
5062,324,2025-12-11,cancelled,Card
5063,343,2024-03-25,delivered,UPI
5064,1041,2025-05-04,returned,Card
5065,719,2024-12-16,delivered,Card
5066,1058,2025-02-04,delivered,Card
5067,459,2023-06-27,delivered,COD
5068,173,2025-03-08,delivered,Card
5069,904,2024-07-13,delivered,UPI
5070,241,2023-11-23,delivered,UPI
5071,574,2024-11-28,delivered,NetBanking
5072,850,2025-02-11,delivered,UPI
5073,311,2025-06-30,cancelled,NetBanking
5074,777,2023-11-04,delivered,UPI
5075,999,2024-10-19,delivered,Card
5076,1052,2024-04-26,delivered,COD
5077,289,2025-01-21,delivered,Card
5078,189,2024-08-25,delivered,COD
5079,173,2024-09-21,delivered,UPI
5080,704,2024-02-07,delivered,UPI
5081,878,2024-03-11,delivered,UPI
5082,748,2024-05-19,delivered,UPI
5083,414,2025-03-21,delivered,UPI
5084,1000,2025-05-07,delivered,UPI
5085,1191,2025-03-26,delivered,Card
5086,1019,2023-10-04,delivered,COD
5087,173,2025-01-22,delivered,Card
5088,1180,2025-04-27,delivered,COD
5089,451,2025-02-17,shipped,UPI
5090,46,2025-03-03,delivered,UPI
5091,338,2025-12-31,delivered,UPI
5092,1148,2024-11-08,delivered,COD
5093,1020,2023-12-30,delivered,Card
5094,1191,2025-11-19,delivered,COD
5095,970,2024-04-24,delivered,Card
5096,392,2024-06-27,delivered,Card
5097,31,2024-03-30,shipped,Card
5098,1040,2024-06-20,delivered,UPI
5099,844,2025-11-08,delivered,NetBanking
5100,512,2025-07-09,delivered,Card
5101,374,2023-08-25,cancelled,COD
5102,325,2024-11-08,delivered,Card
5103,173,2025-10-04,delivered,NetBanking
5104,67,2024-10-25,delivered,UPI
5105,354,2024-11-27,shipped,UPI
5106,680,2023-12-27,delivered,Card
5107,157,2023-10-19,delivered,Card
5108,481,2024-04-22,shipped,COD
5109,1176,2024-04-27,delivered,Card
5110,1020,2024-03-23,shipped,UPI
5111,835,2024-03-29,delivered,Card
5112,937,2024-09-10,delivered,Card
5113,109,2023-12-18,delivered,COD
5114,57,2024-04-18,delivered,UPI
5115,173,2024-09-18,delivered,UPI
5116,727,2024-03-06,delivered,UPI
5117,169,2023-12-05,delivered,COD
5118,381,2024-05-23,delivered,UPI
5119,6,2024-11-15,delivered,NetBanking
5120,922,2024-12-14,delivered,Card
5121,988,2025-05-17,delivered,UPI
5122,665,2023-06-19,delivered,Card
5123,82,2024-04-22,delivered,UPI
5124,617,2025-10-21,delivered,Card
5125,905,2024-10-18,delivered,UPI
5126,224,2024-11-03,delivered,Card
5127,311,2025-03-05,delivered,NetBanking
5128,451,2024-08-08,delivered,Card
5129,951,2025-03-16,delivered,UPI
5130,474,2024-08-06,delivered,UPI
5131,183,2025-09-09,delivered,UPI
5132,1146,2024-06-09,delivered,UPI
5133,433,2024-08-13,delivered,COD
5134,81,2025-08-01,delivered,UPI
5135,535,2024-05-19,delivered,Card
5136,153,2025-02-25,delivered,UPI
5137,972,2024-09-21,delivered,Card
5138,287,2025-09-22,delivered,UPI
5139,549,2025-09-17,delivered,COD
5140,1020,2024-09-13,delivered,COD
5141,954,2023-11-24,delivered,COD
5142,1191,2024-08-03,delivered,UPI
5143,97,2024-08-27,delivered,Card
5144,780,2025-01-25,delivered,Card
5145,834,2025-11-24,delivered,COD
5146,1093,2025-10-01,delivered,UPI
5147,1191,2025-01-07,delivered,UPI
5148,758,2024-04-28,delivered,COD
5149,39,2024-10-25,delivered,UPI
5150,720,2024-05-14,delivered,NetBanking
5151,249,2023-10-15,delivered,Card
5152,142,2025-04-10,delivered,COD
5153,1191,2025-09-12,delivered,Card
5154,805,2025-07-23,delivered,Card
5155,1035,2024-09-27,delivered,UPI
5156,671,2024-12-24,delivered,UPI
5157,313,2024-01-29,delivered,COD
5158,124,2023-07-04,delivered,UPI
5159,990,2023-05-18,delivered,UPI
5160,816,2025-06-18,delivered,UPI
5161,1114,2023-05-05,delivered,COD
5162,1191,2025-03-04,delivered,NetBanking
5163,550,2025-03-10,delivered,NetBanking
5164,249,2023-07-31,delivered,UPI
5165,229,2024-08-29,delivered,NetBanking
5166,933,2025-02-26,delivered,UPI
5167,1083,2024-10-04,delivered,COD
5168,838,2025-02-07,delivered,UPI
5169,392,2025-11-03,delivered,Card
5170,173,2025-09-30,shipped,UPI
5171,540,2023-08-07,delivered,UPI
5172,631,2024-10-25,delivered,Card
5173,10,2025-10-29,delivered,Card
5174,41,2024-07-12,delivered,UPI
5175,1191,2025-08-16,cancelled,UPI
5176,890,2025-04-21,delivered,COD
5177,367,2025-09-24,delivered,Card
5178,482,2024-10-31,delivered,COD
5179,553,2024-10-09,delivered,UPI
5180,173,2025-08-22,shipped,UPI
5181,431,2025-04-30,delivered,UPI
5182,844,2024-11-19,delivered,UPI
5183,1191,2025-04-06,delivered,UPI
5184,1191,2024-10-26,delivered,COD
5185,684,2024-04-10,delivered,UPI
5186,533,2024-08-10,delivered,Card
5187,355,2025-09-08,shipped,COD
5188,514,2025-10-09,delivered,UPI
5189,1191,2024-07-21,returned,NetBanking
5190,987,2025-05-20,returned,UPI
5191,745,2025-05-26,shipped,COD
5192,18,2024-06-08,delivered,UPI
5193,4,2024-03-07,delivered,UPI
5194,780,2023-12-03,cancelled,UPI
5195,778,2025-02-14,returned,UPI
5196,1191,2024-07-12,delivered,UPI
5197,369,2025-09-16,delivered,UPI
5198,851,2024-03-25,delivered,Card
5199,1191,2025-04-29,delivered,Card
5200,1198,2025-03-23,delivered,Card
5201,195,2025-08-20,delivered,UPI
5202,1191,2025-07-06,delivered,UPI
5203,978,2024-09-14,delivered,COD
5204,184,2025-10-13,shipped,UPI
5205,432,2024-04-23,delivered,COD
5206,631,2024-10-24,delivered,UPI
5207,949,2025-10-14,cancelled,UPI
5208,221,2025-12-15,delivered,Card
5209,886,2024-11-29,delivered,UPI
5210,282,2024-04-07,delivered,Card
5211,377,2024-08-25,delivered,COD
5212,847,2024-01-30,delivered,UPI
5213,106,2024-10-30,delivered,NetBanking
5214,49,2024-12-19,delivered,Card
5215,1191,2025-02-24,delivered,UPI
5216,180,2024-10-16,delivered,COD
5217,821,2025-12-11,delivered,COD
5218,1016,2024-11-22,returned,Card
5219,749,2023-10-19,delivered,UPI
5220,827,2025-11-06,delivered,UPI
5221,173,2024-03-20,delivered,Card
5222,337,2023-12-13,delivered,Card
5223,1043,2025-01-10,delivered,COD
5224,322,2024-11-23,delivered,NetBanking
5225,628,2024-12-17,shipped,COD
5226,284,2025-04-18,delivered,COD
5227,417,2024-01-28,delivered,COD
5228,453,2024-09-01,returned,UPI
5229,764,2025-07-22,cancelled,UPI
5230,817,2025-02-17,delivered,Card
5231,540,2023-03-23,delivered,Card
5232,143,2025-12-11,shipped,UPI
5233,1009,2024-10-10,delivered,Card
5234,655,2024-06-27,delivered,COD
5235,1191,2025-10-04,returned,UPI
5236,219,2025-05-12,delivered,Card
5237,237,2024-08-31,shipped,COD
5238,433,2025-03-25,returned,Card
5239,722,2025-05-09,delivered,Card
5240,41,2024-10-21,cancelled,Card
5241,451,2024-11-09,delivered,UPI
5242,309,2023-11-21,delivered,Card
5243,1191,2025-07-29,delivered,NetBanking
5244,939,2024-10-23,delivered,NetBanking
5245,831,2023-11-14,delivered,UPI
5246,65,2025-01-21,delivered,COD
5247,1132,2024-03-26,delivered,UPI
5248,929,2024-11-12,delivered,UPI
5249,460,2025-07-02,cancelled,UPI
5250,264,2025-10-03,delivered,UPI
5251,1186,2025-12-17,delivered,Card
5252,1047,2024-05-26,delivered,NetBanking
5253,1191,2025-12-19,delivered,Card
5254,730,2025-07-26,delivered,COD
5255,90,2025-03-20,delivered,UPI
5256,4,2024-11-18,delivered,Card
5257,264,2024-12-18,returned,UPI
5258,1191,2024-08-06,delivered,UPI
5259,703,2025-06-12,delivered,UPI
5260,784,2025-11-10,delivered,COD
5261,109,2023-11-19,delivered,Card
5262,757,2024-06-24,delivered,UPI
5263,657,2024-07-06,delivered,COD
5264,940,2024-07-06,delivered,Card
5265,1191,2025-11-17,delivered,UPI
5266,368,2024-10-08,delivered,UPI
5267,173,2024-03-18,delivered,UPI
5268,32,2024-05-12,delivered,UPI
5269,157,2023-11-07,delivered,UPI
5270,576,2024-03-04,delivered,Card
5271,921,2024-05-16,delivered,UPI
5272,82,2023-07-19,shipped,UPI
5273,70,2025-07-24,delivered,NetBanking
5274,173,2025-05-11,delivered,UPI
5275,1191,2025-08-12,delivered,UPI
5276,1191,2025-06-14,delivered,UPI
5277,234,2025-10-31,delivered,Card
5278,972,2024-02-12,shipped,UPI
5279,262,2023-12-22,delivered,COD
5280,81,2025-06-03,delivered,COD
5281,1037,2025-03-13,delivered,UPI
5282,724,2024-04-10,delivered,UPI
5283,173,2025-04-16,cancelled,COD
5284,631,2024-05-25,delivered,UPI
5285,47,2025-02-10,delivered,NetBanking
5286,1133,2024-01-27,returned,NetBanking
5287,474,2024-07-28,delivered,UPI
5288,776,2024-11-21,delivered,Card
5289,624,2025-04-18,cancelled,COD
5290,1008,2025-03-31,delivered,UPI
5291,744,2025-09-29,delivered,COD
5292,1191,2025-09-24,delivered,COD
5293,358,2025-02-14,delivered,UPI
5294,1094,2024-11-06,delivered,COD
5295,355,2024-03-02,delivered,COD
5296,934,2025-03-26,delivered,UPI
5297,167,2024-02-11,delivered,COD
5298,172,2023-11-12,delivered,Card
5299,500,2024-03-02,delivered,UPI
5300,66,2024-11-17,returned,UPI
5301,156,2023-08-19,delivered,COD
5302,784,2024-09-18,delivered,UPI
5303,60,2024-02-10,delivered,UPI
5304,66,2024-04-19,delivered,COD
5305,1020,2025-03-10,delivered,COD
5306,18,2023-09-14,delivered,NetBanking
5307,669,2025-10-02,delivered,UPI
5308,258,2024-10-05,shipped,UPI
5309,1191,2025-07-30,cancelled,Card
5310,638,2024-07-20,delivered,Card
5311,954,2024-10-28,delivered,UPI
5312,95,2025-05-21,delivered,Card
5313,793,2024-11-05,cancelled,Card
5314,1191,2025-10-25,delivered,Card
5315,372,2024-01-30,delivered,UPI
5316,1186,2024-08-30,delivered,NetBanking
5317,145,2024-09-09,delivered,COD
5318,805,2024-06-19,delivered,COD
5319,942,2024-01-11,delivered,UPI
5320,173,2025-02-21,delivered,COD
5321,719,2023-10-22,delivered,COD
5322,1054,2023-04-18,delivered,COD
5323,890,2024-04-14,delivered,NetBanking
5324,829,2024-05-13,delivered,Card
5325,972,2023-10-22,cancelled,UPI
5326,207,2025-01-25,delivered,UPI
5327,4,2023-09-13,delivered,UPI
5328,512,2025-09-04,delivered,COD
5329,474,2024-06-08,delivered,UPI
5330,1191,2025-03-31,delivered,Card
5331,45,2025-05-03,delivered,Card
5332,66,2024-01-19,delivered,UPI
5333,1042,2024-12-31,returned,Card
5334,113,2023-11-15,delivered,UPI
5335,474,2024-12-11,delivered,UPI
5336,1127,2024-10-14,delivered,UPI
5337,1024,2023-04-20,delivered,UPI
5338,230,2024-08-23,delivered,Card
5339,157,2023-09-23,cancelled,Card
5340,559,2024-11-12,delivered,Card
5341,183,2025-02-26,delivered,UPI
5342,284,2025-08-11,returned,UPI
5343,165,2024-10-27,delivered,Card
5344,103,2024-11-14,delivered,Card
5345,55,2024-08-04,delivered,COD
5346,730,2024-09-05,delivered,Card
5347,802,2025-04-19,delivered,Card
5348,383,2025-10-30,delivered,UPI
5349,366,2025-06-10,delivered,Card
5350,627,2025-08-23,delivered,UPI
5351,451,2024-06-27,delivered,UPI
5352,686,2025-07-27,delivered,UPI
5353,860,2025-08-17,delivered,UPI
5354,1137,2023-07-21,delivered,COD
5355,280,2024-08-18,shipped,UPI
5356,904,2023-09-19,delivered,UPI
5357,130,2024-05-26,delivered,COD
5358,173,2024-08-22,delivered,UPI
5359,1023,2025-10-07,delivered,Card
5360,313,2025-02-18,delivered,UPI
5361,537,2024-09-06,delivered,UPI
5362,758,2025-04-10,delivered,NetBanking
5363,1191,2024-09-05,delivered,COD
5364,631,2024-01-21,cancelled,COD
5365,227,2024-05-19,delivered,UPI
5366,1038,2024-05-06,delivered,UPI
5367,231,2024-10-14,delivered,UPI
5368,134,2024-08-20,delivered,UPI
5369,871,2024-11-29,delivered,COD
5370,607,2024-08-17,delivered,UPI
5371,378,2024-11-28,delivered,UPI
5372,823,2024-05-23,delivered,COD
5373,1191,2025-04-19,delivered,Card
5374,1182,2025-01-19,delivered,Card
5375,106,2025-01-05,delivered,COD
5376,110,2023-08-08,delivered,UPI
5377,1191,2024-11-28,delivered,NetBanking
5378,1191,2025-04-08,delivered,UPI
5379,1180,2025-08-19,delivered,Card
5380,1122,2025-10-27,delivered,UPI
5381,39,2025-01-22,delivered,UPI
5382,173,2025-08-06,cancelled,Card
5383,1186,2024-12-21,delivered,UPI
5384,49,2024-12-21,delivered,Card
5385,996,2025-05-11,delivered,UPI
5386,688,2023-10-10,delivered,Card
5387,263,2024-05-10,delivered,NetBanking
5388,652,2025-10-05,delivered,UPI
5389,1066,2025-10-01,delivered,UPI
5390,305,2025-08-29,delivered,UPI
5391,1164,2025-06-09,delivered,UPI
5392,790,2025-09-20,delivered,COD
5393,166,2024-06-27,returned,UPI
5394,180,2025-08-27,delivered,COD
5395,451,2024-02-16,delivered,COD
5396,15,2024-08-29,shipped,UPI
5397,1191,2024-07-28,shipped,Card
5398,1029,2024-07-03,delivered,UPI
5399,847,2025-04-03,delivered,UPI
5400,184,2025-09-04,delivered,Card
5401,1084,2024-03-12,delivered,NetBanking
5402,249,2024-03-23,delivered,COD
5403,1137,2023-12-21,delivered,Card
5404,800,2024-11-17,delivered,UPI
5405,4,2023-11-09,delivered,NetBanking
5406,451,2024-06-08,delivered,UPI
5407,4,2024-11-15,delivered,UPI
5408,1070,2025-06-14,delivered,COD
5409,29,2024-07-25,delivered,Card
5410,1148,2025-11-04,delivered,UPI
5411,313,2024-05-20,delivered,UPI
5412,1191,2025-10-21,delivered,COD
5413,665,2024-02-15,returned,UPI
5414,1133,2023-09-16,delivered,NetBanking
5415,675,2024-05-23,delivered,NetBanking
5416,680,2023-12-26,delivered,UPI
5417,22,2025-08-02,delivered,Card
5418,927,2025-06-01,delivered,Card
5419,451,2025-02-05,delivered,COD
5420,423,2024-12-25,delivered,UPI
5421,88,2025-06-09,delivered,Card
5422,579,2025-04-21,delivered,Card
5423,1,2024-06-07,cancelled,NetBanking
5424,127,2025-03-19,cancelled,COD
5425,540,2023-09-29,delivered,UPI
5426,672,2024-08-30,delivered,UPI
5427,307,2025-02-12,delivered,Card
5428,700,2024-10-11,delivered,COD
5429,1137,2023-06-10,delivered,UPI
5430,1191,2025-04-20,delivered,Card
5431,1162,2024-06-24,delivered,Card
5432,954,2023-06-07,delivered,NetBanking
5433,546,2025-12-01,delivered,NetBanking
5434,805,2024-03-05,delivered,NetBanking
5435,858,2024-12-03,delivered,UPI
5436,686,2024-10-09,delivered,UPI
5437,999,2024-04-22,delivered,UPI
5438,241,2024-05-29,delivered,UPI
5439,693,2025-03-05,delivered,UPI
5440,271,2025-03-07,shipped,COD
5441,110,2023-08-21,delivered,Card
5442,740,2023-10-24,delivered,UPI
5443,1191,2025-05-21,delivered,UPI
5444,949,2025-01-21,delivered,UPI
5445,484,2024-11-02,delivered,UPI
5446,412,2023-02-18,delivered,UPI
5447,12,2025-12-15,delivered,UPI
5448,523,2023-11-08,returned,UPI
5449,1191,2025-08-19,delivered,UPI
5450,742,2023-05-30,returned,NetBanking
5451,935,2025-03-12,delivered,UPI
5452,660,2024-12-18,delivered,Card
5453,512,2025-12-25,delivered,UPI
5454,1191,2025-08-16,shipped,Card
5455,430,2023-07-26,delivered,Card
5456,1157,2024-03-14,delivered,COD
5457,1125,2024-04-11,delivered,UPI
5458,173,2025-06-02,delivered,UPI
5459,177,2024-04-30,delivered,UPI
5460,674,2024-01-12,delivered,Card
5461,1191,2025-04-12,cancelled,UPI
5462,509,2024-03-13,delivered,COD
5463,230,2024-10-06,delivered,NetBanking
5464,968,2024-01-08,delivered,UPI
5465,1097,2025-09-25,delivered,Card
5466,723,2024-08-18,delivered,NetBanking
5467,1145,2025-04-08,delivered,Card
5468,618,2024-02-05,delivered,UPI
5469,540,2023-08-18,delivered,UPI
5470,719,2023-10-20,delivered,COD
5471,1191,2024-10-06,delivered,UPI
5472,1165,2024-09-28,delivered,Card
5473,218,2024-06-19,delivered,COD
5474,173,2025-09-15,delivered,COD
5475,977,2024-11-27,delivered,UPI
5476,145,2024-12-15,delivered,COD
5477,343,2025-01-08,delivered,UPI
5478,32,2025-02-02,cancelled,UPI
5479,173,2025-04-07,delivered,NetBanking
5480,653,2025-09-14,delivered,Card
5481,237,2025-12-27,delivered,NetBanking
5482,998,2025-01-19,delivered,UPI
5483,468,2024-08-30,delivered,COD
5484,410,2024-04-26,delivered,Card
5485,692,2025-09-26,delivered,UPI
5486,1191,2024-07-15,cancelled,UPI
5487,847,2023-10-09,delivered,UPI
5488,1043,2024-04-07,cancelled,NetBanking
5489,886,2024-11-22,delivered,UPI
5490,1078,2025-04-29,delivered,UPI
5491,1134,2025-03-11,delivered,UPI
5492,18,2024-07-20,delivered,UPI
5493,892,2024-04-24,shipped,Card
5494,4,2024-11-20,delivered,UPI
5495,1143,2024-12-07,delivered,Card
5496,1191,2024-07-25,shipped,UPI
5497,65,2025-05-08,shipped,Card
5498,376,2024-08-07,delivered,UPI
5499,576,2024-08-10,cancelled,UPI
5500,1093,2025-04-08,cancelled,COD
5501,748,2024-05-21,delivered,COD
5502,1186,2025-08-03,delivered,COD
5503,148,2025-10-09,delivered,UPI
5504,530,2025-06-22,shipped,UPI
5505,778,2025-07-14,delivered,UPI
5506,234,2024-10-23,returned,UPI
5507,124,2023-06-03,returned,UPI
5508,1191,2025-11-07,delivered,Card
5509,1105,2025-11-27,delivered,UPI
5510,1191,2025-04-12,delivered,Card
5511,12,2025-12-25,cancelled,UPI
5512,66,2023-09-02,delivered,Card
5513,173,2024-11-25,delivered,COD
5514,173,2024-10-11,delivered,UPI
5515,135,2025-05-20,delivered,UPI
5516,846,2023-07-04,delivered,NetBanking
5517,713,2024-12-02,returned,UPI
5518,292,2023-08-27,delivered,UPI
5519,506,2024-05-27,delivered,Card
5520,173,2024-01-21,delivered,UPI
5521,539,2024-01-11,delivered,UPI
5522,157,2023-04-16,delivered,Card
5523,985,2023-06-15,delivered,Card
5524,1010,2025-02-25,delivered,Card
5525,317,2024-05-30,delivered,COD
5526,536,2024-08-08,delivered,UPI
5527,480,2024-07-13,delivered,Card
5528,450,2023-02-15,shipped,NetBanking
5529,497,2024-10-16,delivered,NetBanking
5530,991,2024-11-25,delivered,UPI
5531,301,2025-03-12,delivered,Card
5532,793,2025-03-15,delivered,UPI
5533,29,2023-09-11,delivered,UPI
5534,990,2024-07-28,delivered,Card
5535,753,2023-05-23,returned,Card
5536,384,2023-12-05,delivered,NetBanking
5537,348,2024-12-10,returned,UPI
5538,631,2025-03-24,delivered,UPI
5539,985,2023-07-07,delivered,NetBanking
5540,802,2025-10-15,delivered,Card
5541,93,2024-08-14,returned,COD
5542,159,2024-08-31,delivered,COD
5543,719,2025-01-05,delivered,COD
5544,290,2025-11-24,returned,NetBanking
5545,738,2024-07-15,delivered,UPI
5546,1182,2025-07-11,delivered,COD
5547,669,2025-09-17,shipped,UPI
5548,1191,2025-11-06,delivered,UPI
5549,661,2024-12-15,cancelled,COD
5550,195,2024-10-30,delivered,UPI
5551,681,2023-12-28,delivered,Card
5552,999,2023-05-03,delivered,UPI
5553,106,2024-05-30,delivered,UPI
5554,352,2024-11-24,delivered,UPI
5555,1191,2025-08-31,delivered,UPI
5556,1191,2025-11-06,cancelled,UPI
5557,727,2025-07-08,delivered,COD
5558,983,2025-06-02,delivered,UPI
5559,771,2024-08-17,shipped,UPI
5560,765,2025-03-21,delivered,Card
5561,1176,2025-12-01,delivered,UPI
5562,1166,2025-02-09,delivered,Card
5563,1191,2024-12-04,delivered,UPI
5564,392,2025-04-24,delivered,Card
5565,486,2023-03-31,delivered,UPI
5566,1196,2024-12-27,delivered,UPI
5567,392,2025-07-01,shipped,UPI
5568,302,2025-05-24,returned,UPI
5569,249,2024-07-07,delivered,COD
5570,489,2023-12-13,delivered,UPI
5571,868,2025-11-07,delivered,COD
5572,600,2024-11-02,delivered,UPI
5573,461,2024-07-07,delivered,UPI
5574,383,2025-10-08,delivered,NetBanking
5575,255,2024-08-29,delivered,COD
5576,723,2024-05-30,delivered,UPI
5577,1166,2024-12-06,delivered,UPI
5578,963,2024-04-22,delivered,UPI
5579,559,2025-06-10,delivered,UPI
5580,793,2023-12-19,delivered,Card
5581,533,2024-02-01,delivered,Card
5582,343,2024-05-09,shipped,Card
5583,436,2023-09-09,delivered,Card
5584,106,2025-02-15,delivered,UPI
5585,874,2024-12-21,delivered,UPI
5586,1126,2024-05-11,delivered,NetBanking
5587,157,2023-08-16,delivered,COD
5588,255,2025-08-13,delivered,COD
5589,1127,2025-01-07,delivered,Card
5590,29,2024-06-13,delivered,NetBanking
5591,634,2025-01-10,delivered,UPI
5592,911,2024-03-28,delivered,UPI
5593,1148,2024-06-08,shipped,UPI
5594,852,2024-09-02,delivered,Card
5595,173,2024-01-16,delivered,Card
5596,1191,2025-05-10,delivered,UPI
5597,935,2024-10-14,delivered,UPI
5598,736,2024-03-23,delivered,Card
5599,559,2025-03-06,delivered,Card
5600,847,2024-02-08,delivered,UPI
5601,160,2024-10-01,delivered,UPI
5602,873,2023-11-12,delivered,COD
5603,603,2025-04-08,shipped,Card
5604,1191,2025-05-06,delivered,UPI
5605,811,2024-12-07,cancelled,Card
5606,432,2023-09-12,delivered,COD
5607,747,2024-06-27,delivered,COD
5608,451,2023-08-25,delivered,UPI
5609,1081,2024-05-19,delivered,Card
5610,873,2024-12-19,delivered,UPI
5611,760,2023-07-21,delivered,UPI
5612,969,2024-04-09,cancelled,Card
5613,130,2024-02-23,delivered,Card
5614,969,2024-06-01,delivered,UPI
5615,931,2023-06-07,delivered,COD
5616,326,2025-09-29,delivered,Card
5617,377,2023-09-30,delivered,Card
5618,833,2024-12-24,delivered,NetBanking
5619,588,2024-05-21,delivered,UPI
5620,1191,2025-08-12,delivered,COD
5621,1021,2023-04-15,delivered,COD
5622,692,2024-12-03,delivered,COD
5623,1119,2023-12-26,delivered,COD
5624,451,2025-01-24,delivered,UPI
5625,101,2025-05-09,delivered,Card
5626,1152,2024-11-14,delivered,Card
5627,392,2025-05-06,delivered,UPI
5628,777,2023-11-08,delivered,COD
5629,785,2024-12-01,delivered,NetBanking
5630,1148,2024-12-03,delivered,UPI
5631,891,2024-06-06,delivered,Card
5632,618,2023-08-22,delivered,NetBanking
5633,512,2025-06-04,returned,UPI
5634,393,2025-08-25,delivered,UPI
5635,608,2024-09-11,delivered,UPI
5636,421,2024-08-18,delivered,Card
5637,886,2025-07-29,delivered,Card
5638,463,2023-11-20,delivered,COD
5639,95,2025-04-08,cancelled,NetBanking
5640,1047,2025-03-15,delivered,UPI
5641,1191,2025-05-20,delivered,UPI
5642,799,2025-08-09,delivered,UPI
5643,650,2024-05-30,delivered,UPI
5644,559,2025-11-14,delivered,COD
5645,261,2024-09-14,delivered,COD
5646,1191,2025-12-24,delivered,COD
5647,285,2025-03-11,delivered,UPI
5648,547,2025-05-18,delivered,UPI
5649,451,2024-05-10,delivered,UPI
5650,1192,2024-02-16,delivered,Card
5651,946,2023-10-03,delivered,COD
5652,1087,2024-11-17,delivered,UPI
5653,65,2023-11-28,delivered,UPI
5654,204,2024-07-25,delivered,UPI
5655,108,2023-09-27,delivered,UPI
5656,180,2024-11-10,cancelled,NetBanking
5657,173,2025-08-06,delivered,UPI
5658,921,2023-09-02,delivered,UPI
5659,189,2025-01-10,shipped,Card
5660,98,2024-05-06,delivered,Card
5661,956,2025-03-14,delivered,UPI
5662,451,2024-09-24,delivered,COD
5663,534,2024-03-06,delivered,NetBanking
5664,530,2025-04-06,delivered,UPI
5665,262,2024-05-20,delivered,NetBanking
5666,173,2024-08-17,cancelled,Card
5667,992,2024-03-06,delivered,NetBanking
5668,396,2025-01-22,delivered,UPI
5669,128,2023-08-19,delivered,Card
5670,740,2023-05-02,delivered,UPI
5671,1176,2024-06-09,delivered,NetBanking
5672,482,2025-09-23,delivered,COD
5673,901,2024-11-05,delivered,Card
5674,1191,2025-05-27,returned,UPI
5675,850,2025-05-25,shipped,Card
5676,891,2024-09-25,delivered,COD
5677,429,2025-12-21,cancelled,UPI
5678,661,2024-12-26,delivered,Card
5679,451,2025-01-18,delivered,Card
5680,782,2025-01-09,delivered,UPI
5681,723,2024-10-26,delivered,UPI
5682,19,2025-11-14,delivered,Card
5683,514,2024-09-25,delivered,UPI
5684,1048,2024-05-01,delivered,UPI
5685,590,2024-11-09,delivered,UPI
5686,20,2023-02-26,delivered,UPI
5687,354,2023-08-06,delivered,UPI
5688,1191,2025-07-24,delivered,COD
5689,655,2024-04-23,delivered,Card
5690,415,2024-03-30,delivered,NetBanking
5691,317,2024-05-27,shipped,UPI
5692,463,2025-03-26,delivered,UPI
5693,54,2025-08-24,delivered,UPI
5694,746,2024-12-05,delivered,UPI
5695,918,2025-03-04,delivered,UPI
5696,249,2023-10-09,delivered,UPI
5697,238,2025-06-01,delivered,COD
5698,313,2024-04-11,returned,UPI
5699,908,2024-06-27,delivered,UPI
5700,59,2024-11-17,delivered,NetBanking
5701,410,2025-05-14,shipped,UPI
5702,545,2025-05-11,delivered,Card
5703,507,2023-07-22,delivered,Card
5704,409,2024-12-03,cancelled,UPI
5705,572,2025-07-16,delivered,UPI
5706,292,2023-04-21,delivered,Card
5707,139,2024-09-20,delivered,COD
5708,412,2023-04-06,delivered,UPI
5709,1100,2025-04-23,delivered,COD
5710,173,2024-03-18,delivered,COD
5711,627,2025-04-07,delivered,UPI
5712,887,2023-03-28,delivered,UPI
5713,1194,2024-06-29,delivered,Card
5714,835,2025-08-23,cancelled,UPI
5715,869,2024-06-21,delivered,UPI
5716,1191,2025-10-23,cancelled,Card
5717,482,2025-03-24,delivered,NetBanking
5718,48,2024-06-29,delivered,Card
5719,1191,2025-03-31,delivered,UPI
5720,451,2024-09-29,delivered,Card
5721,452,2025-09-01,delivered,Card
5722,1063,2024-03-13,cancelled,UPI
5723,1068,2023-10-29,delivered,UPI
5724,362,2024-08-14,delivered,COD
5725,249,2024-09-21,delivered,UPI
5726,127,2025-08-01,delivered,UPI
5727,4,2024-02-10,delivered,UPI
5728,173,2024-06-27,delivered,UPI
5729,1088,2025-01-09,delivered,COD
5730,457,2024-11-04,shipped,Card
5731,497,2025-11-28,delivered,UPI
5732,137,2024-08-27,cancelled,UPI
5733,628,2024-12-12,shipped,UPI
5734,329,2025-07-28,delivered,UPI
5735,42,2025-02-14,delivered,UPI
5736,1191,2025-11-27,delivered,Card
5737,1191,2025-06-13,delivered,NetBanking
5738,1191,2024-12-30,delivered,UPI
5739,482,2024-11-20,delivered,UPI
5740,999,2024-10-14,cancelled,NetBanking
5741,545,2025-02-23,delivered,Card
5742,925,2025-07-06,delivered,Card
5743,173,2025-05-22,delivered,UPI
5744,749,2024-12-22,delivered,Card
5745,1016,2025-12-05,delivered,NetBanking
5746,1137,2024-10-05,delivered,UPI
5747,734,2024-04-28,delivered,COD
5748,443,2024-03-24,delivered,Card
5749,949,2025-07-27,delivered,NetBanking
5750,482,2025-08-25,delivered,COD
5751,31,2025-08-26,delivered,UPI
5752,796,2023-05-20,delivered,Card
5753,989,2025-08-21,delivered,UPI
5754,358,2024-09-21,delivered,NetBanking
5755,624,2024-12-26,cancelled,UPI
5756,791,2024-08-04,delivered,Card
5757,565,2025-08-05,delivered,UPI
5758,802,2025-05-19,delivered,Card
5759,187,2024-10-15,delivered,COD
5760,1091,2024-08-04,cancelled,NetBanking
5761,157,2023-10-26,delivered,UPI
5762,210,2024-01-18,delivered,NetBanking
5763,425,2024-07-07,delivered,NetBanking
5764,1191,2025-04-14,delivered,UPI
5765,1069,2024-08-06,delivered,UPI
5766,1000,2025-10-02,delivered,COD
5767,937,2025-01-03,delivered,UPI
5768,819,2023-06-10,delivered,COD
5769,343,2025-05-02,delivered,UPI
5770,772,2025-01-12,delivered,COD
5771,390,2024-04-11,delivered,COD
5772,137,2024-11-09,shipped,UPI
5773,563,2024-12-28,delivered,UPI
5774,1191,2025-02-02,delivered,COD
5775,972,2023-05-25,delivered,Card
5776,516,2024-11-29,delivered,Card
5777,1191,2024-08-09,delivered,UPI
5778,8,2025-01-20,shipped,COD
5779,18,2023-08-24,delivered,Card
5780,1093,2025-02-04,delivered,NetBanking
5781,517,2024-01-30,delivered,Card
5782,991,2025-07-07,cancelled,COD
5783,476,2025-12-13,delivered,Card
5784,281,2025-02-04,delivered,UPI
5785,1186,2025-03-08,delivered,UPI
5786,1041,2024-11-18,returned,Card
5787,104,2025-03-07,delivered,Card
5788,1133,2024-04-23,delivered,UPI
5789,576,2024-06-12,delivered,COD
5790,146,2024-01-10,delivered,Card
5791,474,2025-01-25,delivered,UPI
5792,778,2025-09-11,delivered,Card
5793,1050,2024-10-25,delivered,UPI
5794,1117,2025-06-14,delivered,Card
5795,788,2024-04-09,delivered,UPI
5796,631,2024-04-03,delivered,COD
5797,985,2023-11-06,delivered,Card
5798,1197,2024-10-16,delivered,UPI
5799,426,2024-12-17,delivered,Card
5800,868,2025-02-21,delivered,COD
5801,603,2024-12-09,shipped,NetBanking
5802,459,2024-05-08,delivered,COD
5803,802,2025-12-21,delivered,UPI
5804,173,2024-05-27,delivered,UPI
5805,603,2024-10-17,delivered,COD
5806,1083,2023-10-22,delivered,Card
5807,939,2025-01-06,delivered,Card
5808,724,2024-02-19,delivered,COD
5809,1191,2025-02-05,cancelled,COD
5810,1003,2023-09-17,delivered,UPI
5811,154,2025-02-20,delivered,UPI
5812,570,2023-05-20,delivered,UPI
5813,1137,2023-04-20,delivered,Card
5814,1191,2025-11-11,delivered,UPI
5815,587,2025-07-22,delivered,Card
5816,55,2024-06-13,delivered,Card
5817,1197,2024-06-02,delivered,UPI
5818,1017,2024-12-07,delivered,COD
5819,425,2023-11-13,delivered,UPI
5820,343,2025-08-20,delivered,COD
5821,627,2025-03-13,cancelled,Card
5822,1116,2024-01-27,delivered,COD
5823,373,2024-09-23,delivered,UPI
5824,988,2024-10-02,delivered,UPI
5825,874,2024-07-29,delivered,Card
5826,78,2024-09-27,delivered,UPI
5827,277,2023-11-01,returned,UPI
5828,1191,2025-09-02,shipped,COD
5829,383,2024-09-27,delivered,Card
5830,487,2024-12-01,delivered,UPI
5831,1191,2025-03-17,delivered,UPI
5832,462,2024-11-12,delivered,Card
5833,917,2025-06-30,delivered,Card
5834,1064,2024-10-14,delivered,UPI
5835,420,2024-12-17,delivered,COD
5836,922,2024-11-24,delivered,NetBanking
5837,1191,2025-12-28,delivered,UPI
5838,451,2025-01-16,delivered,Card
5839,952,2024-08-07,delivered,UPI
5840,874,2024-05-13,delivered,COD
5841,410,2025-05-13,delivered,Card
5842,615,2024-09-17,delivered,Card
5843,328,2025-08-25,delivered,COD
5844,4,2024-11-09,delivered,Card
5845,1191,2025-02-04,delivered,UPI
5846,658,2024-10-31,cancelled,NetBanking
5847,1191,2024-10-05,delivered,COD
5848,913,2024-01-27,shipped,UPI
5849,249,2024-06-07,delivered,UPI
5850,37,2025-06-26,delivered,Card
5851,1191,2024-09-15,delivered,UPI
5852,423,2025-10-03,delivered,COD
5853,157,2023-11-03,delivered,UPI
5854,758,2025-03-22,shipped,UPI
5855,949,2025-07-19,delivered,Card
5856,681,2024-03-21,delivered,UPI
5857,817,2025-01-08,delivered,UPI
5858,68,2024-09-11,delivered,Card
5859,1191,2025-09-15,delivered,UPI
5860,787,2025-08-31,delivered,COD
5861,1116,2023-11-25,delivered,Card
5862,427,2025-11-14,delivered,UPI
5863,150,2023-09-08,delivered,COD
5864,1152,2025-08-19,shipped,UPI
5865,963,2024-03-12,delivered,Card
5866,87,2025-01-15,delivered,UPI
5867,1139,2024-02-16,delivered,UPI
5868,992,2025-03-25,delivered,UPI
5869,1097,2025-11-15,delivered,UPI
5870,1191,2025-09-13,delivered,Card
5871,1191,2024-09-27,delivered,UPI
5872,540,2024-01-30,delivered,COD
5873,788,2024-12-26,delivered,UPI
5874,847,2024-04-21,delivered,Card
5875,231,2024-07-11,shipped,UPI
5876,424,2024-09-06,delivered,Card
5877,229,2025-07-27,delivered,Card
5878,315,2025-01-03,delivered,UPI
5879,208,2025-09-08,delivered,UPI
5880,411,2025-04-16,delivered,COD
5881,17,2024-03-22,delivered,UPI
5882,65,2024-12-02,delivered,Card
5883,392,2024-05-30,cancelled,UPI
5884,265,2025-01-12,delivered,UPI
5885,58,2024-06-26,delivered,UPI
5886,382,2024-07-23,delivered,NetBanking
5887,106,2023-12-29,cancelled,UPI
5888,258,2025-08-18,delivered,Card
5889,660,2024-07-08,cancelled,COD
5890,1120,2024-08-26,delivered,UPI
5891,148,2024-03-27,delivered,COD
5892,903,2025-01-05,shipped,UPI
5893,229,2025-11-18,delivered,UPI
5894,719,2024-09-23,delivered,Card
5895,1166,2024-10-19,delivered,Card
5896,1197,2025-05-29,delivered,Card
5897,1186,2025-10-01,delivered,UPI
5898,195,2024-03-22,delivered,COD
5899,1191,2025-06-07,delivered,UPI
5900,346,2025-05-16,delivered,UPI
5901,63,2025-09-02,delivered,Card
5902,1191,2025-07-12,returned,UPI
5903,738,2024-05-30,delivered,COD
5904,545,2025-03-18,delivered,NetBanking
5905,65,2024-03-18,delivered,Card
5906,419,2024-06-19,shipped,NetBanking
5907,45,2024-09-15,delivered,Card
5908,241,2024-08-31,cancelled,UPI
5909,1165,2024-05-25,delivered,NetBanking
5910,1191,2025-12-12,delivered,Card
5911,1191,2025-03-28,delivered,UPI
5912,173,2025-06-15,delivered,UPI
5913,1025,2025-04-29,cancelled,UPI
5914,330,2024-07-06,returned,Card
5915,626,2025-09-20,delivered,UPI
5916,1026,2025-10-31,delivered,COD
5917,1197,2024-08-03,cancelled,UPI
5918,325,2024-10-10,delivered,Card
5919,618,2023-11-20,delivered,Card
5920,573,2025-08-30,delivered,UPI
5921,4,2024-08-12,returned,Card
5922,622,2025-04-26,delivered,UPI
5923,869,2025-01-21,delivered,UPI
5924,1191,2025-11-08,delivered,UPI
5925,1186,2024-11-28,delivered,COD
5926,129,2024-11-19,delivered,COD
5927,482,2024-10-23,delivered,COD
5928,559,2025-04-30,delivered,Card
5929,541,2025-06-13,delivered,UPI
5930,701,2024-06-24,cancelled,UPI
5931,154,2025-12-29,delivered,UPI
5932,937,2025-04-23,delivered,Card
5933,1191,2025-06-01,delivered,Card
5934,392,2025-07-31,delivered,Card
5935,634,2025-05-16,shipped,COD
5936,1080,2024-06-20,delivered,UPI
5937,127,2024-08-16,delivered,COD
5938,362,2025-02-13,delivered,Card
5939,349,2024-11-03,delivered,COD
5940,685,2024-01-23,delivered,UPI
5941,451,2025-01-18,delivered,UPI
5942,963,2024-12-22,delivered,UPI
5943,1133,2024-06-02,delivered,Card
5944,118,2024-07-18,delivered,UPI
5945,772,2024-09-18,delivered,Card
5946,697,2023-09-06,delivered,NetBanking
5947,527,2024-10-08,shipped,UPI
5948,743,2025-06-01,delivered,UPI
5949,323,2024-08-12,delivered,COD
5950,1016,2024-08-08,delivered,UPI
5951,812,2024-05-16,delivered,COD
5952,194,2024-02-01,delivered,UPI
5953,624,2024-12-05,delivered,UPI
5954,113,2024-06-04,delivered,Card
5955,359,2025-02-12,delivered,Card
5956,1191,2025-02-25,delivered,NetBanking
5957,578,2025-09-09,delivered,NetBanking
5958,494,2024-12-24,delivered,UPI
5959,972,2024-11-20,delivered,UPI
5960,765,2025-04-10,delivered,UPI
5961,1137,2023-09-10,delivered,UPI
5962,391,2024-12-29,delivered,UPI
5963,18,2025-01-30,delivered,UPI
5964,1191,2025-11-01,cancelled,NetBanking
5965,801,2025-04-19,delivered,Card
5966,912,2024-03-24,delivered,UPI
5967,509,2024-07-27,delivered,COD
5968,1195,2024-08-05,delivered,UPI
5969,141,2023-07-13,delivered,Card
5970,1191,2025-09-19,delivered,COD
5971,935,2025-09-24,delivered,NetBanking
5972,68,2023-10-15,delivered,COD
5973,617,2025-12-21,delivered,UPI
5974,724,2024-03-07,delivered,UPI
5975,156,2025-02-22,delivered,UPI
5976,424,2025-09-09,delivered,COD
5977,350,2024-08-23,delivered,UPI
5978,374,2023-07-16,delivered,UPI
5979,173,2025-09-23,delivered,UPI
5980,505,2024-06-05,shipped,UPI
5981,1186,2025-09-30,delivered,COD
5982,847,2023-12-04,delivered,UPI
5983,127,2024-11-07,delivered,COD
5984,972,2024-09-16,delivered,Card
5985,474,2025-04-04,delivered,UPI
5986,1108,2024-03-03,delivered,UPI
5987,1191,2025-06-14,delivered,NetBanking
5988,1034,2025-10-19,delivered,UPI
5989,4,2023-11-17,delivered,UPI
5990,865,2024-02-25,delivered,Card
5991,971,2023-10-30,returned,COD
5992,506,2024-08-27,returned,Card
5993,1093,2024-10-20,delivered,Card
5994,245,2025-08-14,delivered,COD
5995,367,2024-12-10,cancelled,UPI
5996,1191,2025-08-02,delivered,COD
5997,540,2024-10-18,delivered,NetBanking
5998,564,2023-11-26,delivered,UPI
5999,1167,2023-09-30,delivered,UPI
6000,1191,2025-11-05,delivered,Card
6001,732,2025-01-16,delivered,UPI
6002,1134,2025-02-19,shipped,UPI
6003,1191,2024-08-25,delivered,NetBanking
6004,517,2023-08-19,delivered,Card
6005,1064,2024-04-15,delivered,NetBanking
6006,47,2024-11-23,delivered,Card
6007,918,2025-12-28,delivered,UPI
6008,631,2024-03-05,delivered,COD
6009,683,2025-06-22,delivered,COD
6010,335,2024-04-07,delivered,UPI
6011,707,2023-10-28,delivered,COD
6012,723,2024-06-30,cancelled,UPI
6013,737,2025-03-07,delivered,UPI
6014,584,2024-03-03,delivered,Card
6015,972,2023-09-15,cancelled,UPI
6016,535,2024-07-16,delivered,UPI
6017,173,2025-03-30,cancelled,UPI
6018,971,2024-03-19,delivered,UPI
6019,850,2025-01-31,cancelled,COD
6020,495,2024-06-17,delivered,UPI
6021,252,2025-01-04,delivered,UPI
6022,90,2025-10-11,delivered,UPI
6023,280,2024-10-13,cancelled,UPI
6024,510,2023-08-07,delivered,Card
6025,965,2024-07-30,shipped,UPI
6026,134,2025-01-07,delivered,UPI
6027,675,2025-02-19,delivered,Card
6028,1191,2025-01-06,shipped,COD
6029,1191,2025-11-26,cancelled,UPI
6030,173,2024-12-16,delivered,COD
6031,654,2025-11-02,delivered,COD
6032,631,2025-01-22,delivered,COD
6033,100,2025-06-29,delivered,UPI
6034,830,2023-12-15,delivered,NetBanking
6035,68,2023-06-05,delivered,UPI
6036,265,2024-07-24,delivered,UPI
6037,323,2024-02-17,delivered,UPI
6038,583,2025-02-14,delivered,Card
6039,512,2025-04-30,delivered,COD
6040,194,2024-09-01,delivered,UPI
6041,121,2025-11-22,delivered,UPI
6042,585,2024-12-31,delivered,COD
6043,936,2024-10-02,delivered,COD
6044,618,2023-12-14,delivered,UPI
6045,441,2024-07-12,delivered,Card
6046,1191,2024-10-28,delivered,UPI
6047,650,2023-03-13,delivered,Card
6048,148,2024-12-14,delivered,COD
6049,1093,2024-11-17,delivered,Card
6050,236,2024-07-19,delivered,Card
6051,833,2024-12-04,delivered,Card
6052,474,2025-02-10,delivered,UPI
6053,127,2025-08-10,delivered,Card
6054,1191,2025-04-09,delivered,UPI
6055,1083,2024-02-26,delivered,Card
6056,608,2023-10-12,delivered,Card
6057,163,2024-03-29,delivered,UPI
6058,67,2023-12-03,delivered,Card
6059,1191,2024-08-15,delivered,UPI
6060,173,2024-08-02,cancelled,UPI
6061,780,2024-05-25,delivered,UPI
6062,878,2024-01-13,delivered,UPI
6063,1020,2025-08-20,delivered,UPI
6064,1176,2025-12-02,delivered,UPI
6065,1186,2025-07-20,delivered,UPI
6066,53,2023-05-16,delivered,NetBanking
6067,213,2024-12-08,delivered,Card
6068,304,2024-10-02,delivered,UPI
6069,1116,2024-03-01,delivered,UPI
6070,1133,2024-10-11,delivered,COD
6071,255,2025-04-17,delivered,COD
6072,405,2024-01-03,delivered,UPI
6073,540,2024-04-26,delivered,UPI
6074,389,2025-03-30,delivered,Card
6075,154,2024-12-06,delivered,UPI
6076,238,2025-11-29,delivered,UPI
6077,382,2024-04-22,cancelled,UPI
6078,173,2024-11-22,shipped,UPI
6079,680,2025-01-24,delivered,NetBanking
6080,351,2024-01-20,delivered,COD
6081,1080,2024-02-14,shipped,UPI
6082,180,2025-10-19,delivered,NetBanking
6083,49,2025-05-06,delivered,Card
6084,730,2025-04-24,delivered,UPI
6085,394,2025-07-03,delivered,UPI
6086,405,2024-11-23,cancelled,Card
6087,268,2024-01-15,delivered,UPI
6088,1014,2023-07-21,delivered,COD
6089,1155,2024-08-11,returned,UPI
6090,250,2023-11-06,delivered,COD
6091,778,2024-11-24,delivered,COD
6092,541,2024-11-20,delivered,UPI
6093,50,2025-04-19,delivered,UPI
6094,331,2025-06-27,returned,UPI
6095,888,2024-02-14,delivered,UPI
6096,55,2023-10-22,shipped,Card
6097,795,2024-08-02,delivered,COD
6098,1174,2024-08-29,shipped,UPI
6099,17,2025-07-16,delivered,Card
6100,758,2024-04-05,delivered,Card
6101,316,2025-02-14,cancelled,UPI
6102,200,2025-04-23,delivered,NetBanking
6103,730,2023-12-11,delivered,UPI
6104,173,2024-01-30,returned,NetBanking
6105,1191,2024-11-14,delivered,COD
6106,735,2024-05-06,shipped,NetBanking
6107,199,2025-06-25,delivered,UPI
6108,157,2024-07-09,delivered,Card
6109,938,2024-09-28,delivered,UPI
6110,777,2023-12-26,delivered,COD
6111,293,2024-03-28,delivered,UPI
6112,1094,2024-02-16,delivered,UPI
6113,111,2025-02-09,delivered,NetBanking
6114,692,2024-12-01,delivered,UPI
6115,613,2024-11-05,delivered,Card
6116,188,2024-12-05,delivered,NetBanking
6117,127,2025-05-04,cancelled,Card
6118,720,2023-08-10,delivered,COD
6119,246,2024-06-24,delivered,UPI
6120,1191,2025-12-03,delivered,UPI
6121,625,2023-10-24,delivered,UPI
6122,149,2024-09-08,delivered,UPI
6123,1191,2025-08-01,delivered,Card
6124,1081,2025-01-12,shipped,Card
6125,696,2025-01-10,delivered,UPI
6126,171,2025-05-05,delivered,NetBanking
6127,949,2025-01-31,delivered,UPI
6128,783,2024-02-04,delivered,UPI
6129,847,2025-01-16,cancelled,Card
6130,1045,2025-01-18,delivered,Card
6131,406,2024-10-12,delivered,UPI
6132,587,2025-02-22,delivered,UPI
6133,419,2025-04-18,delivered,UPI
6134,1191,2025-12-10,delivered,UPI
6135,173,2025-02-16,shipped,COD
6136,874,2024-05-01,delivered,NetBanking
6137,1191,2024-12-22,delivered,Card
6138,1176,2025-10-13,delivered,Card
6139,1040,2024-12-06,cancelled,COD
6140,184,2025-11-17,delivered,NetBanking
6141,249,2025-02-22,delivered,UPI
6142,442,2023-09-20,delivered,UPI
6143,246,2024-06-02,delivered,COD
6144,1191,2024-11-22,delivered,UPI
6145,176,2024-09-24,delivered,UPI
6146,451,2024-01-20,delivered,UPI
6147,912,2024-06-07,delivered,Card
6148,793,2024-06-14,shipped,UPI
6149,1191,2025-02-07,delivered,COD
6150,782,2024-12-18,delivered,UPI
6151,173,2024-12-17,delivered,UPI
6152,886,2025-10-19,delivered,Card
6153,660,2024-10-05,cancelled,UPI
6154,421,2023-07-18,delivered,UPI
6155,1099,2025-05-09,delivered,UPI
6156,1093,2025-08-22,delivered,UPI
6157,451,2025-01-27,delivered,UPI
6158,747,2025-05-07,delivered,UPI
6159,1047,2024-11-04,delivered,UPI
6160,588,2024-07-30,delivered,COD
6161,874,2024-01-28,returned,UPI
6162,730,2025-02-22,delivered,Card
6163,173,2024-06-03,delivered,COD
6164,313,2023-12-26,delivered,UPI
6165,173,2024-10-12,delivered,UPI
6166,867,2023-05-26,delivered,Card
6167,1062,2024-11-14,cancelled,Card
6168,115,2024-02-10,delivered,UPI
6169,230,2024-04-17,delivered,UPI
6170,112,2025-02-09,delivered,Card
6171,743,2025-02-21,delivered,COD
6172,985,2023-10-21,delivered,UPI
6173,917,2025-01-16,delivered,UPI
6174,955,2025-07-21,delivered,NetBanking
6175,629,2024-08-20,delivered,UPI
6176,1061,2025-10-13,delivered,Card
6177,1192,2025-07-18,delivered,UPI
6178,162,2024-09-25,delivered,Card
6179,627,2024-09-21,delivered,COD
6180,961,2023-09-09,delivered,Card
6181,230,2025-11-06,delivered,Card
6182,735,2024-11-23,delivered,COD
6183,173,2025-05-11,delivered,Card
6184,204,2024-11-02,delivered,Card
6185,452,2025-10-26,delivered,Card
6186,385,2024-08-15,delivered,NetBanking
6187,1197,2024-09-23,delivered,UPI
6188,759,2025-07-13,delivered,Card
6189,904,2023-05-08,delivered,COD
6190,993,2024-06-24,delivered,COD
6191,608,2023-12-03,delivered,Card
6192,881,2025-04-29,delivered,NetBanking
6193,516,2023-09-07,delivered,UPI
6194,1128,2023-03-19,delivered,UPI
6195,442,2024-06-01,delivered,Card
6196,285,2024-11-18,delivered,UPI
6197,1191,2024-07-13,delivered,UPI
6198,705,2024-05-05,delivered,Card
6199,991,2025-12-06,delivered,UPI
6200,590,2024-12-26,shipped,COD
6201,219,2024-04-14,delivered,Card
6202,1197,2024-12-29,delivered,UPI
6203,251,2023-10-21,delivered,COD
6204,276,2025-07-19,delivered,Card
6205,453,2024-10-17,delivered,Card
6206,1094,2024-10-21,delivered,UPI
6207,241,2025-01-16,delivered,Card
6208,724,2025-01-03,delivered,UPI
6209,967,2025-07-24,delivered,UPI
6210,263,2023-07-31,shipped,UPI
6211,173,2024-06-18,delivered,COD
6212,644,2024-08-19,delivered,COD
6213,541,2025-03-18,delivered,COD
6214,237,2024-10-13,delivered,UPI
6215,1191,2024-08-01,delivered,NetBanking
6216,470,2024-12-01,delivered,Card
6217,173,2024-09-20,delivered,Card
6218,387,2025-11-17,delivered,Card
6219,249,2024-12-24,cancelled,Card
6220,67,2024-03-24,delivered,Card
6221,917,2024-12-20,delivered,UPI
6222,325,2024-04-14,cancelled,UPI
6223,1191,2024-11-14,delivered,Card
6224,368,2024-08-23,delivered,COD
6225,78,2024-05-15,delivered,NetBanking
6226,457,2025-02-08,delivered,UPI
6227,1191,2025-03-02,delivered,Card
6228,489,2023-06-08,delivered,UPI
6229,641,2025-11-03,delivered,UPI
6230,1020,2024-04-02,delivered,UPI
6231,157,2024-10-18,cancelled,Card
6232,1040,2023-12-08,delivered,UPI
6233,869,2024-03-04,delivered,UPI
6234,563,2025-06-16,delivered,UPI
6235,294,2024-09-18,delivered,UPI
6236,513,2023-12-22,delivered,UPI
6237,1191,2024-07-31,delivered,COD
6238,451,2024-11-12,delivered,COD
6239,173,2024-05-26,delivered,UPI
6240,551,2025-02-10,delivered,UPI
6241,67,2024-02-21,delivered,UPI
6242,479,2024-07-05,delivered,UPI
6243,955,2024-06-04,delivered,UPI
6244,631,2023-11-22,delivered,Card
6245,639,2023-03-19,cancelled,UPI
6246,596,2025-03-18,delivered,COD
6247,889,2024-07-20,delivered,COD
6248,146,2024-04-12,delivered,COD
6249,401,2025-09-20,delivered,COD
6250,1191,2025-12-14,delivered,UPI
6251,524,2024-02-12,shipped,COD
6252,726,2025-02-25,delivered,COD
6253,618,2023-09-09,delivered,UPI
6254,1027,2023-04-04,delivered,Card
6255,934,2024-12-02,delivered,UPI
6256,1186,2025-04-20,delivered,UPI
6257,1033,2024-03-20,delivered,COD
6258,66,2024-10-26,delivered,COD
6259,85,2025-02-28,delivered,NetBanking
6260,615,2024-07-13,delivered,UPI
6261,913,2025-06-02,delivered,UPI
6262,451,2024-06-21,delivered,UPI
6263,1138,2023-04-14,delivered,UPI
6264,311,2025-08-29,delivered,UPI
6265,269,2023-10-26,delivered,COD
6266,612,2025-10-30,delivered,Card
6267,1133,2024-05-22,delivered,COD
6268,1191,2025-09-17,delivered,Card
6269,1186,2025-11-08,delivered,Card
6270,631,2025-04-10,delivered,UPI
6271,166,2023-03-27,delivered,UPI
6272,1166,2025-12-15,delivered,Card
6273,419,2025-03-10,delivered,COD
6274,1191,2025-08-15,delivered,UPI
6275,325,2025-05-19,delivered,Card
6276,1163,2025-04-14,delivered,UPI
6277,540,2023-05-20,delivered,COD
6278,486,2023-12-01,delivered,Card
6279,349,2025-06-21,delivered,UPI
6280,777,2023-12-18,delivered,UPI
6281,913,2024-04-13,delivered,COD
6282,400,2024-06-27,delivered,NetBanking
6283,1082,2025-08-12,delivered,Card
6284,1191,2024-08-16,delivered,Card
6285,1186,2024-11-12,delivered,Card
6286,4,2024-03-05,delivered,COD
6287,913,2024-04-01,shipped,COD
6288,49,2024-01-24,delivered,Card
6289,181,2024-10-15,delivered,UPI
6290,870,2024-06-28,delivered,UPI
6291,1020,2025-06-23,cancelled,COD
6292,730,2024-03-14,delivered,UPI
6293,111,2025-03-30,delivered,Card
6294,451,2024-10-12,delivered,Card
6295,675,2024-09-04,delivered,NetBanking
6296,546,2025-02-03,delivered,Card
6297,322,2024-10-05,delivered,Card
6298,67,2023-09-28,delivered,UPI
6299,844,2025-10-13,delivered,UPI
6300,95,2025-06-26,delivered,COD
6301,477,2024-06-04,delivered,UPI
6302,507,2024-08-30,delivered,NetBanking
6303,1191,2025-07-11,delivered,COD
6304,268,2025-08-26,delivered,UPI
6305,855,2024-12-22,cancelled,COD
6306,502,2024-09-04,delivered,UPI
6307,396,2025-12-16,delivered,NetBanking
6308,1191,2025-06-19,cancelled,UPI
6309,1020,2025-02-09,cancelled,UPI
6310,313,2024-01-22,delivered,UPI
6311,81,2025-09-28,delivered,Card
6312,201,2023-12-07,delivered,Card
6313,527,2024-10-01,cancelled,UPI
6314,401,2025-05-23,delivered,UPI
6315,638,2025-06-06,delivered,COD
6316,747,2024-01-12,cancelled,NetBanking
6317,1093,2025-08-03,delivered,COD
6318,443,2025-06-17,delivered,UPI
6319,533,2023-12-28,delivered,Card
6320,173,2024-08-18,delivered,COD
6321,634,2025-11-12,delivered,UPI
6322,41,2025-06-06,delivered,Card
6323,309,2024-03-19,delivered,Card
6324,1153,2024-04-11,delivered,UPI
6325,474,2025-01-11,delivered,UPI
6326,875,2024-04-07,returned,COD
6327,176,2024-10-23,returned,COD
6328,717,2024-01-28,delivered,COD
6329,1191,2025-11-01,delivered,Card
6330,339,2024-05-20,delivered,Card
6331,538,2024-09-27,delivered,UPI
6332,1186,2025-05-20,delivered,NetBanking
6333,1149,2024-03-22,shipped,COD
6334,676,2024-01-12,delivered,NetBanking
6335,520,2024-04-07,delivered,Card
6336,873,2025-02-24,delivered,COD
6337,1191,2025-12-05,delivered,Card
6338,277,2023-04-19,delivered,COD
6339,669,2025-11-10,delivered,COD
6340,173,2025-02-03,delivered,UPI
6341,627,2024-08-16,delivered,NetBanking
6342,1073,2025-06-17,delivered,UPI
6343,601,2025-04-07,delivered,UPI
6344,1191,2025-05-27,delivered,UPI
6345,98,2024-01-18,delivered,COD
6346,1047,2025-05-08,delivered,COD
6347,679,2024-10-12,delivered,UPI
6348,638,2024-05-09,delivered,UPI
6349,1077,2023-06-26,cancelled,Card
6350,1191,2025-06-17,delivered,UPI
6351,684,2025-05-13,delivered,Card
6352,707,2024-05-15,cancelled,UPI
6353,423,2025-04-04,delivered,UPI
6354,1087,2025-05-30,delivered,UPI
6355,903,2024-11-01,delivered,UPI
6356,216,2023-12-12,delivered,Card
6357,157,2023-06-17,delivered,COD
6358,309,2025-05-04,delivered,Card
6359,858,2024-08-22,cancelled,Card
6360,812,2025-05-10,delivered,COD
6361,55,2024-03-21,delivered,UPI
6362,1020,2025-06-20,delivered,UPI
6363,971,2023-08-08,delivered,COD
6364,860,2025-08-24,delivered,COD
6365,541,2025-01-04,delivered,COD
6366,173,2024-02-04,delivered,Card
6367,631,2024-07-16,delivered,COD
6368,1193,2025-11-11,delivered,Card
6369,874,2024-10-26,delivered,NetBanking
6370,442,2024-12-29,delivered,Card
6371,148,2025-01-01,delivered,UPI
6372,192,2024-09-19,delivered,UPI
6373,847,2024-10-01,delivered,UPI
6374,136,2023-08-09,delivered,UPI
6375,45,2025-06-25,delivered,UPI
6376,367,2025-04-12,delivered,UPI
6377,744,2025-06-03,delivered,COD
6378,210,2024-10-31,delivered,UPI
6379,541,2025-09-19,delivered,UPI
6380,173,2024-08-11,delivered,COD
6381,833,2024-11-27,delivered,UPI
6382,784,2024-08-04,delivered,COD
6383,4,2024-11-16,cancelled,UPI
6384,520,2024-10-17,delivered,UPI
6385,184,2025-08-13,delivered,NetBanking
6386,940,2023-08-05,delivered,Card
6387,899,2024-09-26,cancelled,NetBanking
6388,631,2024-08-21,delivered,Card
6389,583,2023-09-03,delivered,Card
6390,758,2025-01-25,delivered,COD
6391,1034,2024-07-21,delivered,UPI
6392,346,2025-07-25,delivered,UPI
6393,371,2023-10-29,returned,NetBanking
6394,1191,2024-08-03,delivered,UPI
6395,452,2024-07-26,delivered,Card
6396,392,2024-03-20,delivered,UPI
6397,1125,2024-06-11,delivered,UPI
6398,1171,2025-02-05,delivered,UPI
6399,1191,2025-01-31,delivered,UPI
6400,1027,2024-03-18,delivered,UPI
6401,1191,2024-10-22,returned,Card
6402,1192,2025-06-22,delivered,Card
6403,1186,2024-10-23,delivered,UPI
6404,44,2025-12-23,delivered,UPI
6405,618,2024-09-20,cancelled,COD
6406,1103,2024-10-17,delivered,UPI
6407,624,2024-04-20,delivered,UPI
6408,1095,2024-03-30,delivered,COD
6409,1085,2024-07-16,shipped,UPI
6410,750,2024-05-19,delivered,UPI
6411,1123,2025-05-09,delivered,UPI
6412,8,2024-01-05,delivered,COD
6413,777,2024-03-15,delivered,UPI
6414,1191,2024-11-23,delivered,COD
6415,1191,2024-08-27,delivered,COD
6416,1077,2023-06-04,delivered,Card
6417,792,2023-04-20,delivered,Card
6418,181,2025-06-10,delivered,NetBanking
6419,1020,2024-04-10,delivered,NetBanking
6420,630,2025-11-27,delivered,COD
6421,452,2025-03-25,returned,Card
6422,1191,2025-03-02,delivered,UPI
6423,173,2024-11-11,delivered,COD
6424,1191,2025-02-16,delivered,UPI
6425,901,2024-08-05,delivered,COD
6426,38,2024-12-25,delivered,UPI
6427,891,2025-01-10,delivered,Card
6428,847,2024-06-05,delivered,UPI
6429,413,2025-09-24,delivered,UPI
6430,1191,2025-07-11,delivered,UPI
6431,906,2025-10-17,delivered,UPI
6432,1023,2024-05-15,delivered,UPI
6433,71,2024-08-31,delivered,COD
6434,157,2023-07-08,delivered,UPI
6435,126,2024-12-16,delivered,Card
6436,4,2024-09-14,shipped,UPI
6437,706,2025-04-16,delivered,Card
6438,433,2024-04-03,delivered,UPI
6439,195,2024-09-30,delivered,COD
6440,95,2025-11-21,delivered,UPI
6441,1094,2024-03-05,delivered,Card
6442,87,2025-09-27,delivered,UPI
6443,747,2024-12-20,delivered,UPI
6444,1159,2024-09-03,delivered,UPI
6445,1132,2025-08-20,delivered,UPI
6446,433,2024-02-04,delivered,COD
6447,1124,2023-08-12,cancelled,UPI
6448,1191,2024-12-13,delivered,UPI
6449,451,2024-11-02,delivered,UPI
6450,451,2024-10-09,delivered,COD
6451,119,2024-04-02,delivered,UPI
6452,853,2024-05-24,delivered,Card
6453,560,2024-10-31,delivered,UPI
6454,1191,2024-10-20,delivered,UPI
6455,1191,2025-03-18,delivered,Card
6456,133,2025-03-11,delivered,COD
6457,1191,2025-11-06,delivered,UPI
6458,205,2025-04-10,cancelled,NetBanking
6459,934,2025-05-22,shipped,COD
6460,892,2025-01-14,delivered,UPI
6461,1191,2025-04-28,delivered,UPI
6462,957,2025-03-02,delivered,Card
6463,169,2025-04-07,delivered,COD
6464,1191,2025-12-04,delivered,Card
6465,317,2024-10-06,delivered,UPI
6466,794,2025-01-08,delivered,COD
6467,1186,2025-09-12,delivered,NetBanking
6468,268,2025-01-03,delivered,Card
6469,325,2025-09-26,delivered,Card
6470,1166,2025-02-12,delivered,COD
6471,147,2024-01-28,delivered,UPI
6472,811,2024-01-08,delivered,COD
6473,252,2024-11-04,delivered,UPI
6474,846,2024-06-21,delivered,COD
6475,451,2025-03-06,delivered,COD
6476,857,2024-06-05,shipped,Card
6477,777,2024-12-15,delivered,UPI
6478,1126,2024-02-27,delivered,Card
6479,1191,2024-11-13,delivered,Card
6480,451,2024-10-16,delivered,COD
6481,937,2025-05-08,delivered,UPI
6482,803,2024-10-22,delivered,Card
6483,313,2025-07-01,delivered,Card
6484,913,2025-04-28,delivered,UPI
6485,127,2024-09-23,delivered,NetBanking
6486,108,2024-05-11,delivered,Card
6487,478,2025-02-25,delivered,Card
6488,255,2025-09-20,cancelled,Card
6489,921,2024-04-04,cancelled,UPI
6490,891,2025-01-25,delivered,Card
6491,415,2023-06-15,delivered,Card
6492,660,2024-11-20,shipped,COD
6493,1123,2025-03-11,delivered,COD
6494,1137,2024-08-31,delivered,Card
6495,196,2024-05-13,delivered,UPI
6496,1191,2024-10-20,delivered,Card
6497,793,2024-09-04,delivered,Card
6498,130,2024-07-10,delivered,COD
6499,618,2024-12-15,cancelled,UPI
6500,1186,2025-05-03,delivered,NetBanking
6501,493,2024-03-26,delivered,COD
6502,1191,2025-07-10,delivered,NetBanking
6503,433,2024-09-25,delivered,UPI
6504,473,2023-09-18,delivered,UPI
6505,474,2025-07-20,delivered,UPI
6506,178,2023-07-19,delivered,UPI
6507,360,2024-05-29,shipped,UPI
6508,176,2025-02-25,delivered,UPI
6509,883,2025-06-29,delivered,UPI
6510,46,2025-06-30,delivered,COD
6511,18,2024-11-04,delivered,Card
6512,618,2025-01-07,delivered,UPI
6513,1020,2024-03-10,delivered,UPI
6514,173,2025-08-21,delivered,Card
6515,49,2024-03-17,delivered,COD
6516,388,2025-07-01,cancelled,Card
6517,1155,2024-06-06,cancelled,UPI
6518,519,2025-05-24,delivered,COD
6519,180,2024-05-26,delivered,COD
6520,598,2024-08-22,cancelled,UPI
6521,481,2024-09-24,delivered,NetBanking
6522,933,2024-05-15,delivered,COD
6523,619,2025-07-24,delivered,UPI
6524,150,2023-07-22,delivered,UPI
6525,738,2025-06-10,delivered,UPI
6526,341,2024-04-17,cancelled,COD
6527,481,2025-09-04,delivered,Card
6528,135,2025-08-03,delivered,UPI
6529,1027,2023-12-28,delivered,Card
6530,451,2024-09-24,delivered,UPI
6531,635,2025-11-19,delivered,NetBanking
6532,4,2023-12-27,delivered,COD
6533,726,2025-06-18,delivered,Card
6534,383,2025-11-06,delivered,UPI
6535,721,2023-09-03,delivered,COD
6536,250,2023-08-20,shipped,NetBanking
6537,1191,2024-10-28,delivered,COD
6538,509,2024-02-23,delivered,UPI
6539,1191,2025-09-21,returned,NetBanking
6540,113,2024-07-08,delivered,Card
6541,1191,2025-09-01,delivered,UPI
6542,1191,2025-06-14,delivered,UPI
6543,90,2025-11-25,delivered,NetBanking
6544,1045,2025-05-06,delivered,Card
6545,1191,2025-03-02,delivered,UPI
6546,805,2025-08-17,delivered,NetBanking
6547,1117,2025-05-12,delivered,Card
6548,647,2025-05-09,delivered,Card
6549,723,2023-06-13,delivered,Card
6550,691,2025-03-15,delivered,UPI
6551,451,2023-12-11,delivered,UPI
6552,306,2025-12-06,delivered,Card
6553,1011,2024-08-06,cancelled,UPI
6554,1191,2025-01-13,delivered,NetBanking
6555,1191,2025-12-08,delivered,COD
6556,638,2024-02-21,delivered,UPI
6557,227,2025-02-19,delivered,Card
6558,1191,2024-08-17,delivered,NetBanking
6559,718,2024-05-19,delivered,NetBanking
6560,1054,2023-07-23,returned,UPI
6561,434,2024-01-05,shipped,Card
6562,184,2025-09-03,delivered,Card
6563,747,2024-06-22,delivered,UPI
6564,312,2024-04-05,cancelled,UPI
6565,313,2024-11-08,delivered,UPI
6566,675,2024-04-13,delivered,UPI
6567,314,2023-02-16,delivered,Card
6568,942,2023-11-16,shipped,Card
6569,777,2024-04-13,delivered,UPI
6570,1133,2024-10-29,delivered,UPI
6571,692,2025-06-26,delivered,UPI
6572,474,2024-12-02,delivered,Card
6573,50,2025-03-08,delivered,COD
6574,417,2025-03-18,delivered,Card
6575,916,2025-02-20,cancelled,COD
6576,959,2024-03-30,delivered,NetBanking
6577,796,2024-08-27,delivered,UPI
6578,220,2023-03-02,delivered,UPI
6579,1191,2025-11-14,delivered,COD
6580,50,2024-09-27,delivered,COD
6581,180,2025-11-27,delivered,COD
6582,1,2024-11-28,delivered,COD
6583,737,2025-07-12,delivered,UPI
6584,1192,2023-11-22,returned,UPI
6585,17,2025-12-07,delivered,Card
6586,632,2024-04-29,delivered,Card
6587,21,2023-08-23,delivered,UPI
6588,209,2025-03-24,delivered,UPI
6589,755,2025-03-27,delivered,UPI
6590,935,2025-11-12,cancelled,UPI
6591,282,2025-01-05,delivered,UPI
6592,745,2024-01-06,shipped,COD
6593,1191,2025-12-18,cancelled,COD
6594,67,2025-02-21,delivered,UPI
6595,530,2024-08-28,delivered,UPI
6596,1051,2024-04-18,delivered,UPI
6597,1041,2025-01-06,delivered,COD
6598,1191,2024-12-31,delivered,Card
6599,868,2025-10-25,delivered,COD
6600,1040,2023-08-26,delivered,UPI
6601,460,2024-06-28,delivered,UPI
6602,618,2024-05-22,delivered,Card
6603,1181,2023-08-08,delivered,UPI
6604,1182,2024-10-23,delivered,UPI
6605,377,2024-11-20,delivered,UPI
6606,474,2023-12-04,delivered,Card
6607,1068,2024-03-01,delivered,UPI
6608,4,2023-04-09,delivered,UPI
6609,434,2024-07-07,delivered,Card
6610,506,2023-06-05,delivered,Card
6611,1191,2025-08-12,delivered,Card
6612,719,2024-05-10,delivered,UPI
6613,581,2024-11-01,delivered,Card
6614,628,2024-08-03,delivered,COD
6615,1175,2023-10-16,delivered,COD
6616,1014,2024-06-21,shipped,COD
6617,546,2025-11-01,delivered,Card
6618,202,2025-05-28,delivered,UPI
6619,17,2024-06-11,delivered,NetBanking
6620,679,2024-04-27,delivered,Card
6621,228,2025-04-02,delivered,COD
6622,1191,2025-07-31,delivered,Card
6623,1191,2025-06-22,delivered,COD
6624,227,2024-08-20,delivered,COD
6625,173,2024-06-01,delivered,UPI
6626,173,2025-01-05,delivered,UPI
6627,454,2025-08-19,delivered,UPI
6628,603,2024-03-28,cancelled,Card
6629,1095,2024-08-03,delivered,UPI
6630,331,2025-01-15,delivered,Card
6631,976,2025-03-06,delivered,COD
6632,255,2024-09-12,delivered,UPI
6633,1191,2024-08-05,delivered,UPI
6634,746,2025-10-16,delivered,UPI
6635,313,2025-07-09,delivered,COD
6636,1040,2024-12-03,delivered,UPI
6637,527,2025-07-28,delivered,UPI
6638,102,2025-02-19,delivered,Card
6639,926,2024-11-24,delivered,COD
6640,1077,2023-03-11,delivered,UPI
6641,1053,2025-12-30,delivered,Card
6642,328,2025-05-05,cancelled,UPI
6643,451,2024-03-16,delivered,Card
6644,978,2025-04-20,delivered,UPI
6645,57,2024-11-15,delivered,UPI
6646,495,2024-04-11,cancelled,COD
6647,40,2024-06-17,delivered,Card
6648,572,2024-10-01,delivered,NetBanking
6649,655,2025-05-04,delivered,COD
6650,538,2024-09-06,shipped,Card
6651,1137,2023-11-14,delivered,Card
6652,1044,2025-06-19,delivered,NetBanking
6653,1042,2025-11-18,shipped,COD
6654,1191,2024-09-19,delivered,UPI
6655,883,2024-02-25,delivered,COD
6656,4,2024-11-08,delivered,COD
6657,583,2025-02-17,cancelled,UPI
6658,1191,2025-12-25,delivered,Card
6659,1191,2025-01-04,delivered,NetBanking
6660,540,2023-08-11,delivered,UPI
6661,460,2024-06-15,delivered,UPI
6662,421,2023-10-24,delivered,COD
6663,26,2025-07-03,delivered,UPI
6664,1109,2025-06-29,shipped,COD
6665,992,2023-12-29,returned,COD
6666,821,2025-12-23,delivered,NetBanking
6667,719,2025-01-18,delivered,UPI
6668,929,2024-10-22,shipped,Card
6669,641,2025-02-25,delivered,Card
6670,184,2025-09-16,delivered,UPI
6671,419,2024-05-30,returned,Card
6672,1191,2025-08-21,delivered,COD
6673,92,2025-04-21,delivered,Card
6674,910,2024-12-06,delivered,COD
6675,323,2024-06-27,delivered,COD
6676,1186,2024-11-12,delivered,NetBanking
6677,1009,2024-12-07,delivered,UPI
6678,87,2025-02-16,delivered,Card
6679,639,2023-02-13,delivered,COD
6680,249,2024-05-07,delivered,COD
6681,594,2023-12-25,delivered,UPI
6682,397,2025-08-15,delivered,COD
6683,765,2025-12-13,delivered,NetBanking
6684,888,2025-06-22,delivered,UPI
6685,173,2024-10-13,shipped,UPI
6686,173,2024-03-12,delivered,UPI
6687,992,2023-08-12,delivered,UPI
6688,1191,2025-07-12,delivered,COD
6689,495,2025-02-22,delivered,NetBanking
6690,1186,2025-06-11,delivered,UPI
6691,636,2025-01-10,delivered,UPI
6692,887,2023-12-25,shipped,Card
6693,1133,2024-02-16,delivered,Card
6694,923,2024-09-09,delivered,Card
6695,1191,2025-11-06,cancelled,UPI
6696,316,2024-09-02,delivered,COD
6697,181,2025-07-15,delivered,COD
6698,633,2025-10-20,delivered,UPI
6699,777,2024-11-05,delivered,UPI
6700,876,2024-05-04,delivered,Card
6701,922,2025-07-18,delivered,NetBanking
6702,1148,2024-10-12,shipped,COD
6703,955,2025-07-18,delivered,COD
6704,559,2025-03-27,delivered,COD
6705,945,2024-04-17,delivered,COD
6706,724,2024-11-02,delivered,Card
6707,91,2024-10-12,delivered,COD
6708,631,2025-01-28,delivered,Card
6709,624,2024-07-17,delivered,UPI
6710,198,2025-12-12,delivered,COD
6711,1191,2025-02-08,delivered,UPI
6712,830,2023-07-09,delivered,COD
6713,832,2025-05-14,delivered,COD
6714,1175,2024-08-18,delivered,NetBanking
6715,173,2024-01-30,delivered,COD
6716,1138,2024-10-23,delivered,UPI
6717,227,2024-11-27,delivered,UPI
6718,1191,2025-08-15,delivered,COD
6719,232,2023-09-20,delivered,COD
6720,1191,2024-12-06,delivered,Card
6721,645,2023-02-10,delivered,UPI
6722,313,2024-03-09,delivered,UPI
6723,540,2023-04-10,delivered,UPI
6724,1176,2024-04-26,delivered,UPI
6725,1000,2025-01-26,delivered,Card
6726,88,2025-02-02,delivered,COD
6727,681,2024-04-03,delivered,UPI
6728,581,2025-01-29,delivered,Card
6729,419,2025-03-07,delivered,Card
6730,253,2025-06-16,delivered,NetBanking
6731,173,2025-06-28,delivered,NetBanking
6732,874,2024-05-19,delivered,Card
6733,143,2024-10-13,cancelled,UPI
6734,1191,2025-11-22,delivered,NetBanking
6735,1067,2025-03-24,delivered,COD
