order_item_id,order_id,product_id,quantity,unit_price,discount,line_total
1,1,25,3,1719.78,0.0,5159.34
2,1,2,2,3911.93,0.0,7823.86
3,2,31,1,440.79,0.0,440.79
4,3,8,3,7478.19,0.0,22434.57
5,4,29,1,438.5,0.2,350.8
6,4,5,1,7323.99,0.0,7323.99
7,5,18,3,316.88,0.0,950.64
8,5,8,3,7478.19,0.0,22434.57
9,6,44,2,1675.89,0.0,3351.78
10,6,17,3,425.94,0.05,1213.93
11,7,26,1,1412.65,0.1,1271.39
12,7,40,2,16569.14,0.0,33138.28
13,8,31,1,440.79,0.0,440.79
14,9,27,3,1246.0,0.0,3738.0
15,9,14,2,1335.52,0.0,2671.04
16,9,7,1,11903.44,0.0,11903.44
17,10,1,3,4311.34,0.0,12934.02
18,10,2,3,3911.93,0.0,11735.79
19,10,33,2,3763.53,0.0,7527.06
20,11,1,3,4311.34,0.05,12287.32
21,12,47,2,32443.0,0.05,61641.7
22,12,39,1,22252.18,0.0,22252.18
23,13,17,2,425.94,0.0,851.88
24,13,52,2,35725.17,0.1,64305.31
25,14,38,1,21688.29,0.0,21688.29
26,14,29,1,438.5,0.0,438.5
27,14,9,3,4533.34,0.1,12240.02
28,14,39,3,22252.18,0.0,66756.54
29,15,42,1,1783.38,0.0,1783.38
30,15,14,3,1335.52,0.0,4006.56
31,15,3,1,4598.39,0.2,3678.71
32,16,9,1,4533.34,0.0,4533.34
33,16,47,1,32443.0,0.0,32443.0
34,16,50,2,32122.03,0.1,57819.65
35,16,20,3,337.55,0.1,911.39
36,17,39,2,22252.18,0.05,42279.14
37,17,30,3,448.49,0.2,1076.38
38,17,8,3,7478.19,0.0,22434.57
39,18,17,2,425.94,0.1,766.69
40,19,49,2,24383.87,0.0,48767.74
41,19,11,2,4853.64,0.0,9707.28
42,19,34,2,3937.59,0.05,7481.42
43,20,8,2,7478.19,0.2,11965.1
44,20,41,3,1458.5,0.05,4156.72
45,20,20,2,337.55,0.0,675.1
46,20,11,1,4853.64,0.05,4610.96
47,21,34,1,3937.59,0.0,3937.59
48,22,8,1,7478.19,0.2,5982.55
49,22,7,3,11903.44,0.0,35710.32
50,22,18,2,316.88,0.0,633.76
51,23,28,3,2077.38,0.05,5920.53
52,23,5,1,7323.99,0.0,7323.99
53,23,19,1,301.26,0.05,286.2
54,24,39,3,22252.18,0.1,60080.89
55,24,12,1,5553.73,0.1,4998.36
56,24,48,2,48857.09,0.0,97714.18
57,25,6,3,8439.67,0.05,24053.06
58,25,25,3,1719.78,0.05,4901.37
59,26,6,1,8439.67,0.0,8439.67
60,26,44,1,1675.89,0.0,1675.89
61,27,17,3,425.94,0.05,1213.93
62,27,40,1,16569.14,0.1,14912.23
63,27,19,2,301.26,0.05,572.39
64,27,6,1,8439.67,0.0,8439.67
65,28,14,3,1335.52,0.05,3806.23
66,29,6,3,8439.67,0.0,25319.01
67,29,43,3,1480.37,0.1,3997.0
68,29,10,1,5058.33,0.0,5058.33
69,30,18,1,316.88,0.0,316.88
70,30,36,3,2924.06,0.0,8772.18
71,31,28,3,2077.38,0.0,6232.14
72,31,41,3,1458.5,0.2,3500.4
73,31,24,1,291.78,0.0,291.78
74,31,41,2,1458.5,0.05,2771.15
75,32,1,2,4311.34,0.0,8622.68
76,33,47,3,32443.0,0.05,92462.55
77,34,22,1,256.1,0.0,256.1
78,34,7,2,11903.44,0.0,23806.88
79,35,17,1,425.94,0.1,383.35
80,36,7,1,11903.44,0.2,9522.75
81,36,8,3,7478.19,0.0,22434.57
82,36,3,1,4598.39,0.0,4598.39
83,37,35,3,3039.94,0.0,9119.82
84,37,48,2,48857.09,0.0,97714.18
85,38,46,3,44103.32,0.0,132309.96
86,39,3,1,4598.39,0.2,3678.71
87,40,28,3,2077.38,0.1,5608.93
88,40,18,2,316.88,0.0,633.76
89,40,6,3,8439.67,0.1,22787.11
90,41,25,3,1719.78,0.1,4643.41
91,41,17,3,425.94,0.0,1277.82
92,41,5,2,7323.99,0.0,14647.98
93,42,40,1,16569.14,0.0,16569.14
94,42,1,3,4311.34,0.05,12287.32
95,42,12,2,5553.73,0.0,11107.46
96,43,45,2,50632.32,0.2,81011.71
97,43,3,2,4598.39,0.0,9196.78
98,43,20,3,337.55,0.0,1012.65
99,44,21,3,395.89,0.1,1068.9
100,44,20,3,337.55,0.0,1012.65
101,44,10,3,5058.33,0.0,15174.99
102,45,50,2,32122.03,0.2,51395.25
103,46,37,1,20338.2,0.0,20338.2
104,47,32,3,403.22,0.2,967.73
105,47,47,2,32443.0,0.2,51908.8
106,47,5,2,7323.99,0.0,14647.98
107,47,35,2,3039.94,0.0,6079.88
108,48,10,2,5058.33,0.0,10116.66
109,48,29,1,438.5,0.0,438.5
110,48,9,2,4533.34,0.0,9066.68
111,49,49,2,24383.87,0.0,48767.74
112,49,52,3,35725.17,0.0,107175.51
113,49,2,1,3911.93,0.2,3129.54
114,50,12,3,5553.73,0.0,16661.19
115,50,32,3,403.22,0.1,1088.69
116,51,17,1,425.94,0.05,404.64
117,51,1,2,4311.34,0.0,8622.68
118,51,10,1,5058.33,0.1,4552.5
119,52,14,3,1335.52,0.0,4006.56
120,52,32,2,403.22,0.1,725.8
121,52,9,3,4533.34,0.05,12920.02
122,52,24,2,291.78,0.0,583.56
123,53,13,2,1356.94,0.05,2578.19
124,53,10,2,5058.33,0.0,10116.66
125,54,48,1,48857.09,0.05,46414.24
126,54,14,1,1335.52,0.1,1201.97
127,54,16,3,1147.33,0.0,3441.99
128,55,51,3,29838.95,0.0,89516.85
129,55,38,2,21688.29,0.1,39038.92
130,55,42,3,1783.38,0.1,4815.13
131,56,20,3,337.55,0.0,1012.65
132,56,25,1,1719.78,0.2,1375.82
133,56,47,3,32443.0,0.0,97329.0
134,57,19,1,301.26,0.1,271.13
135,57,51,3,29838.95,0.2,71613.48
136,57,30,3,448.49,0.0,1345.47
137,58,22,2,256.1,0.0,512.2
138,58,3,2,4598.39,0.2,7357.42
139,58,7,2,11903.44,0.05,22616.54
140,59,4,1,4078.93,0.0,4078.93
141,60,18,1,316.88,0.0,316.88
142,60,45,2,50632.32,0.1,91138.18
143,60,50,3,32122.03,0.2,77092.87
144,61,45,2,50632.32,0.0,101264.64
145,61,37,1,20338.2,0.0,20338.2
146,62,47,1,32443.0,0.0,32443.0
147,62,25,3,1719.78,0.0,5159.34
148,62,29,3,438.5,0.1,1183.95
149,63,47,3,32443.0,0.1,87596.1
150,63,46,3,44103.32,0.0,132309.96
151,63,51,3,29838.95,0.2,71613.48
152,64,47,3,32443.0,0.05,92462.55
153,64,9,2,4533.34,0.1,8160.01
154,65,34,1,3937.59,0.0,3937.59
155,65,37,2,20338.2,0.0,40676.4
156,65,23,2,381.96,0.0,763.92
157,66,14,3,1335.52,0.0,4006.56
158,66,37,1,20338.2,0.2,16270.56
159,67,23,2,381.96,0.05,725.72
160,67,32,1,403.22,0.0,403.22
161,68,36,3,2924.06,0.1,7894.96
162,69,19,1,301.26,0.0,301.26
163,69,45,1,50632.32,0.0,50632.32
164,69,47,3,32443.0,0.0,97329.0
165,70,40,2,16569.14,0.0,33138.28
166,70,24,1,291.78,0.2,233.42
167,71,26,2,1412.65,0.0,2825.3
168,71,50,2,32122.03,0.0,64244.06
169,71,46,2,44103.32,0.1,79385.98
170,72,13,2,1356.94,0.0,2713.88
171,72,37,2,20338.2,0.2,32541.12
172,73,21,3,395.89,0.1,1068.9
173,73,35,1,3039.94,0.0,3039.94
174,74,12,1,5553.73,0.0,5553.73
175,75,28,1,2077.38,0.0,2077.38
176,75,46,1,44103.32,0.0,44103.32
177,75,33,2,3763.53,0.0,7527.06
178,75,52,2,35725.17,0.2,57160.27
179,76,1,2,4311.34,0.0,8622.68
180,76,22,2,256.1,0.2,409.76
181,76,20,2,337.55,0.0,675.1
182,76,5,3,7323.99,0.05,20873.37
183,77,52,2,35725.17,0.2,57160.27
184,77,10,1,5058.33,0.1,4552.5
185,78,12,2,5553.73,0.0,11107.46
186,78,8,2,7478.19,0.05,14208.56
187,79,22,1,256.1,0.0,256.1
188,80,43,1,1480.37,0.05,1406.35
189,80,18,3,316.88,0.05,903.11
190,81,51,3,29838.95,0.1,80565.17
191,81,24,3,291.78,0.05,831.57
192,81,20,2,337.55,0.0,675.1
193,81,7,1,11903.44,0.0,11903.44
194,82,40,3,16569.14,0.0,49707.42
195,82,46,1,44103.32,0.0,44103.32
196,82,20,3,337.55,0.2,810.12
197,82,49,3,24383.87,0.1,65836.45
198,83,48,1,48857.09,0.05,46414.24
199,83,21,3,395.89,0.0,1187.67
200,83,38,2,21688.29,0.0,43376.58
201,83,45,2,50632.32,0.0,101264.64
202,84,21,2,395.89,0.0,791.78
203,84,1,1,4311.34,0.0,4311.34
204,85,40,1,16569.14,0.05,15740.68
205,85,40,2,16569.14,0.05,31481.37
206,85,44,3,1675.89,0.2,4022.14
207,86,32,2,403.22,0.0,806.44
208,86,25,2,1719.78,0.1,3095.6
209,86,4,3,4078.93,0.0,12236.79
210,86,29,1,438.5,0.0,438.5
211,87,8,3,7478.19,0.0,22434.57
212,88,14,3,1335.52,0.0,4006.56
213,88,39,2,22252.18,0.2,35603.49
214,88,11,1,4853.64,0.0,4853.64
215,89,41,1,1458.5,0.0,1458.5
216,89,10,2,5058.33,0.0,10116.66
217,90,10,1,5058.33,0.0,5058.33
218,90,45,2,50632.32,0.0,101264.64
219,90,47,2,32443.0,0.05,61641.7
220,91,37,3,20338.2,0.2,48811.68
221,91,51,3,29838.95,0.05,85041.01
222,92,33,3,3763.53,0.0,11290.59
223,92,15,3,1717.5,0.05,4894.88
224,92,3,3,4598.39,0.05,13105.41
225,93,47,3,32443.0,0.0,97329.0
226,93,20,3,337.55,0.0,1012.65
227,93,15,2,1717.5,0.0,3435.0
228,93,10,3,5058.33,0.2,12139.99
229,94,3,1,4598.39,0.1,4138.55
230,95,52,1,35725.17,0.0,35725.17
231,95,3,2,4598.39,0.2,7357.42
232,95,6,1,8439.67,0.1,7595.7
233,96,18,3,316.88,0.1,855.58
234,96,4,3,4078.93,0.0,12236.79
235,97,33,1,3763.53,0.0,3763.53
236,97,5,1,7323.99,0.1,6591.59
237,97,5,3,7323.99,0.1,19774.77
238,98,47,2,32443.0,0.0,64886.0
239,98,1,2,4311.34,0.0,8622.68
240,99,13,1,1356.94,0.05,1289.09
241,99,34,2,3937.59,0.05,7481.42
242,100,30,3,448.49,0.1,1210.92
243,100,48,1,48857.09,0.05,46414.24
244,101,37,2,20338.2,0.05,38642.58
245,101,51,1,29838.95,0.2,23871.16
246,101,21,2,395.89,0.0,791.78
247,101,1,1,4311.34,0.2,3449.07
248,102,1,2,4311.34,0.1,7760.41
249,102,43,1,1480.37,0.0,1480.37
250,102,25,1,1719.78,0.0,1719.78
251,102,34,1,3937.59,0.1,3543.83
252,103,37,3,20338.2,0.1,54913.14
253,103,5,2,7323.99,0.05,13915.58
254,104,15,1,1717.5,0.1,1545.75
255,104,20,3,337.55,0.0,1012.65
256,104,20,1,337.55,0.0,337.55
257,104,48,1,48857.09,0.0,48857.09
258,105,45,1,50632.32,0.0,50632.32
259,105,7,2,11903.44,0.0,23806.88
260,106,14,1,1335.52,0.05,1268.74
261,106,40,2,16569.14,0.0,33138.28
262,106,6,3,8439.67,0.1,22787.11
263,106,48,3,48857.09,0.05,139242.71
264,107,19,1,301.26,0.2,241.01
265,107,52,3,35725.17,0.05,101816.73
266,108,23,3,381.96,0.05,1088.59
267,108,9,3,4533.34,0.0,13600.02
268,109,12,2,5553.73,0.0,11107.46
269,109,48,2,48857.09,0.1,87942.76
270,109,37,2,20338.2,0.1,36608.76
271,110,29,1,438.5,0.0,438.5
272,110,11,2,4853.64,0.1,8736.55
273,110,32,1,403.22,0.0,403.22
274,110,15,2,1717.5,0.05,3263.25
275,111,34,2,3937.59,0.0,7875.18
276,111,5,1,7323.99,0.0,7323.99
277,112,15,2,1717.5,0.0,3435.0
278,112,2,3,3911.93,0.1,10562.21
279,112,8,2,7478.19,0.0,14956.38
280,112,12,1,5553.73,0.05,5276.04
281,113,31,3,440.79,0.0,1322.37
282,114,15,2,1717.5,0.0,3435.0
283,114,29,3,438.5,0.0,1315.5
284,115,18,3,316.88,0.0,950.64
285,115,48,3,48857.09,0.05,139242.71
286,115,39,1,22252.18,0.1,20026.96
287,115,26,2,1412.65,0.05,2684.04
288,116,33,1,3763.53,0.2,3010.82
289,117,22,1,256.1,0.1,230.49
290,117,46,2,44103.32,0.0,88206.64
291,117,3,3,4598.39,0.0,13795.17
292,117,7,1,11903.44,0.0,11903.44
293,118,36,3,2924.06,0.1,7894.96
294,118,12,3,5553.73,0.1,14995.07
295,119,40,3,16569.14,0.05,47222.05
296,119,13,1,1356.94,0.0,1356.94
297,120,35,3,3039.94,0.0,9119.82
298,121,40,1,16569.14,0.1,14912.23
299,121,29,3,438.5,0.0,1315.5
300,122,16,3,1147.33,0.0,3441.99
301,122,15,2,1717.5,0.0,3435.0
302,123,22,3,256.1,0.05,729.88
303,123,34,3,3937.59,0.1,10631.49
304,123,5,1,7323.99,0.0,7323.99
305,124,52,1,35725.17,0.0,35725.17
306,124,2,3,3911.93,0.0,11735.79
307,124,36,2,2924.06,0.05,5555.71
308,124,52,2,35725.17,0.05,67877.82
309,125,21,3,395.89,0.0,1187.67
310,125,37,3,20338.2,0.0,61014.6
311,126,40,1,16569.14,0.1,14912.23
312,126,26,3,1412.65,0.0,4237.95
313,126,50,3,32122.03,0.0,96366.09
314,126,26,3,1412.65,0.0,4237.95
315,127,12,2,5553.73,0.0,11107.46
316,127,9,3,4533.34,0.1,12240.02
317,127,33,3,3763.53,0.0,11290.59
318,127,33,2,3763.53,0.1,6774.35
319,128,8,2,7478.19,0.1,13460.74
320,128,10,2,5058.33,0.1,9104.99
321,129,11,3,4853.64,0.1,13104.83
322,130,20,1,337.55,0.05,320.67
323,130,43,1,1480.37,0.0,1480.37
324,131,15,3,1717.5,0.05,4894.88
325,131,50,1,32122.03,0.1,28909.83
326,131,51,3,29838.95,0.2,71613.48
327,132,48,3,48857.09,0.0,146571.27
328,132,30,2,448.49,0.2,717.58
329,132,28,2,2077.38,0.0,4154.76
330,133,49,1,24383.87,0.2,19507.1
331,133,40,1,16569.14,0.2,13255.31
332,134,42,1,1783.38,0.05,1694.21
333,135,42,1,1783.38,0.2,1426.7
334,135,40,3,16569.14,0.0,49707.42
335,136,34,2,3937.59,0.0,7875.18
336,137,7,1,11903.44,0.1,10713.1
337,137,3,1,4598.39,0.0,4598.39
338,137,21,2,395.89,0.0,791.78
339,138,37,2,20338.2,0.0,40676.4
340,138,48,1,48857.09,0.05,46414.24
341,139,2,3,3911.93,0.0,11735.79
342,140,33,3,3763.53,0.2,9032.47
343,140,16,1,1147.33,0.0,1147.33
344,140,30,2,448.49,0.0,896.98
345,140,43,1,1480.37,0.1,1332.33
346,141,16,3,1147.33,0.05,3269.89
347,141,2,3,3911.93,0.0,11735.79
348,142,37,3,20338.2,0.1,54913.14
349,142,31,3,440.79,0.0,1322.37
350,143,24,2,291.78,0.0,583.56
351,143,20,1,337.55,0.05,320.67
352,143,50,1,32122.03,0.05,30515.93
353,144,49,2,24383.87,0.2,39014.19
354,144,32,3,403.22,0.05,1149.18
355,144,50,1,32122.03,0.0,32122.03
356,144,29,1,438.5,0.0,438.5
357,145,19,2,301.26,0.05,572.39
358,145,38,1,21688.29,0.05,20603.88
359,145,16,3,1147.33,0.0,3441.99
360,145,35,3,3039.94,0.05,8663.83
361,146,36,2,2924.06,0.0,5848.12
362,147,43,3,1480.37,0.0,4441.11
363,147,45,3,50632.32,0.1,136707.26
364,148,3,3,4598.39,0.0,13795.17
365,148,9,1,4533.34,0.05,4306.67
366,149,26,1,1412.65,0.2,1130.12
367,149,29,2,438.5,0.0,877.0
368,149,49,1,24383.87,0.0,24383.87
369,149,34,3,3937.59,0.05,11222.13
370,150,35,1,3039.94,0.0,3039.94
371,150,52,2,35725.17,0.2,57160.27
372,150,26,1,1412.65,0.0,1412.65
373,150,10,1,5058.33,0.0,5058.33
374,151,36,1,2924.06,0.05,2777.86
375,152,50,2,32122.03,0.0,64244.06
376,152,13,1,1356.94,0.0,1356.94
377,153,25,1,1719.78,0.2,1375.82
378,153,1,1,4311.34,0.0,4311.34
379,154,8,2,7478.19,0.1,13460.74
380,154,11,2,4853.64,0.1,8736.55
381,155,22,3,256.1,0.0,768.3
382,155,1,2,4311.34,0.0,8622.68
383,155,43,2,1480.37,0.0,2960.74
384,155,20,3,337.55,0.0,1012.65
385,156,27,2,1246.0,0.0,2492.0
386,157,15,1,1717.5,0.05,1631.62
387,157,46,1,44103.32,0.1,39692.99
388,157,49,2,24383.87,0.05,46329.35
389,158,17,2,425.94,0.0,851.88
390,158,22,3,256.1,0.0,768.3
391,158,13,3,1356.94,0.0,4070.82
392,158,33,3,3763.53,0.05,10726.06
393,159,4,2,4078.93,0.0,8157.86
394,159,20,3,337.55,0.0,1012.65
395,159,29,3,438.5,0.0,1315.5
396,159,4,3,4078.93,0.0,12236.79
397,160,52,2,35725.17,0.1,64305.31
398,160,8,2,7478.19,0.05,14208.56
399,160,19,1,301.26,0.0,301.26
400,161,39,2,22252.18,0.1,40053.92
401,161,24,3,291.78,0.0,875.34
402,161,16,1,1147.33,0.1,1032.6
403,162,37,1,20338.2,0.0,20338.2
404,162,43,1,1480.37,0.0,1480.37
405,162,15,3,1717.5,0.05,4894.88
406,163,5,1,7323.99,0.0,7323.99
407,164,29,1,438.5,0.0,438.5
408,164,21,1,395.89,0.1,356.3
409,164,25,1,1719.78,0.05,1633.79
410,164,25,3,1719.78,0.0,5159.34
411,165,4,1,4078.93,0.0,4078.93
412,166,14,3,1335.52,0.0,4006.56
413,166,33,2,3763.53,0.05,7150.71
414,166,29,3,438.5,0.0,1315.5
415,166,34,1,3937.59,0.0,3937.59
416,167,41,1,1458.5,0.0,1458.5
417,167,17,2,425.94,0.05,809.29
418,167,33,1,3763.53,0.05,3575.35
419,167,38,3,21688.29,0.0,65064.87
420,168,46,1,44103.32,0.0,44103.32
421,169,45,3,50632.32,0.2,121517.57
422,169,38,2,21688.29,0.0,43376.58
423,169,36,3,2924.06,0.1,7894.96
424,169,36,2,2924.06,0.05,5555.71
425,170,29,1,438.5,0.1,394.65
426,170,52,3,35725.17,0.0,107175.51
427,170,27,3,1246.0,0.05,3551.1
428,170,3,1,4598.39,0.05,4368.47
429,171,52,3,35725.17,0.0,107175.51
430,172,49,2,24383.87,0.05,46329.35
431,172,37,3,20338.2,0.0,61014.6
432,173,47,2,32443.0,0.05,61641.7
433,174,29,1,438.5,0.1,394.65
434,174,36,3,2924.06,0.05,8333.57
435,174,22,2,256.1,0.0,512.2
436,175,29,3,438.5,0.0,1315.5
437,176,10,3,5058.33,0.05,14416.24
438,176,19,1,301.26,0.0,301.26
439,177,15,2,1717.5,0.05,3263.25
440,177,5,3,7323.99,0.1,19774.77
441,177,52,3,35725.17,0.0,107175.51
442,177,47,3,32443.0,0.0,97329.0
443,178,46,3,44103.32,0.0,132309.96
444,178,49,2,24383.87,0.0,48767.74
445,179,38,3,21688.29,0.05,61811.63
446,179,34,1,3937.59,0.05,3740.71
447,179,41,1,1458.5,0.0,1458.5
448,180,38,1,21688.29,0.1,19519.46
449,180,11,2,4853.64,0.0,9707.28
450,181,25,1,1719.78,0.0,1719.78
451,181,36,3,2924.06,0.0,8772.18
452,182,37,2,20338.2,0.0,40676.4
453,182,43,1,1480.37,0.0,1480.37
454,182,8,2,7478.19,0.0,14956.38
455,183,29,3,438.5,0.2,1052.4
456,183,52,3,35725.17,0.05,101816.73
457,183,24,3,291.78,0.1,787.81
458,183,32,1,403.22,0.2,322.58
459,184,27,1,1246.0,0.1,1121.4
460,184,50,3,32122.03,0.1,86729.48
461,185,27,3,1246.0,0.1,3364.2
462,185,49,3,24383.87,0.1,65836.45
463,185,35,3,3039.94,0.0,9119.82
464,186,28,2,2077.38,0.0,4154.76
465,186,30,1,448.49,0.1,403.64
466,187,29,3,438.5,0.05,1249.72
467,187,43,2,1480.37,0.0,2960.74
468,188,19,2,301.26,0.0,602.52
469,188,50,3,32122.03,0.0,96366.09
470,188,49,2,24383.87,0.1,43890.97
471,188,48,1,48857.09,0.05,46414.24
472,189,25,1,1719.78,0.0,1719.78
473,189,3,2,4598.39,0.0,9196.78
474,189,27,3,1246.0,0.05,3551.1
475,189,24,2,291.78,0.0,583.56
476,190,27,2,1246.0,0.0,2492.0
477,190,2,3,3911.93,0.05,11149.0
478,190,36,1,2924.06,0.0,2924.06
479,190,41,2,1458.5,0.0,2917.0
480,191,9,1,4533.34,0.05,4306.67
481,191,48,2,48857.09,0.1,87942.76
482,191,26,3,1412.65,0.1,3814.16
483,192,16,2,1147.33,0.0,2294.66
484,192,5,2,7323.99,0.0,14647.98
485,192,47,1,32443.0,0.0,32443.0
486,192,50,3,32122.03,0.0,96366.09
487,193,36,3,2924.06,0.1,7894.96
488,193,8,3,7478.19,0.0,22434.57
489,193,18,2,316.88,0.0,633.76
490,194,14,1,1335.52,0.05,1268.74
491,194,31,3,440.79,0.0,1322.37
492,194,4,2,4078.93,0.1,7342.07
493,194,33,1,3763.53,0.2,3010.82
494,195,23,2,381.96,0.1,687.53
495,195,25,3,1719.78,0.0,5159.34
496,196,16,3,1147.33,0.0,3441.99
497,196,46,3,44103.32,0.1,119078.96
498,197,50,2,32122.03,0.2,51395.25
499,197,1,3,4311.34,0.0,12934.02
500,197,7,2,11903.44,0.2,19045.5
501,198,47,2,32443.0,0.0,64886.0
502,198,41,3,1458.5,0.0,4375.5
503,198,30,1,448.49,0.2,358.79
504,198,6,3,8439.67,0.0,25319.01
505,199,14,1,1335.52,0.1,1201.97
506,199,8,3,7478.19,0.0,22434.57
507,200,1,3,4311.34,0.1,11640.62
508,200,51,1,29838.95,0.1,26855.06
509,201,17,2,425.94,0.1,766.69
510,202,27,3,1246.0,0.1,3364.2
511,202,36,2,2924.06,0.0,5848.12
512,202,2,1,3911.93,0.0,3911.93
513,202,10,1,5058.33,0.0,5058.33
514,203,1,1,4311.34,0.0,4311.34
515,203,16,1,1147.33,0.05,1089.96
516,204,19,3,301.26,0.1,813.4
517,205,50,1,32122.03,0.05,30515.93
518,205,43,2,1480.37,0.0,2960.74
519,206,9,2,4533.34,0.0,9066.68
520,206,11,1,4853.64,0.0,4853.64
521,206,51,2,29838.95,0.2,47742.32
522,206,42,3,1783.38,0.1,4815.13
523,207,51,3,29838.95,0.0,89516.85
524,207,21,2,395.89,0.05,752.19
525,207,40,3,16569.14,0.0,49707.42
526,208,45,1,50632.32,0.0,50632.32
527,208,16,1,1147.33,0.05,1089.96
528,208,51,3,29838.95,0.0,89516.85
529,209,24,1,291.78,0.0,291.78
530,209,31,2,440.79,0.0,881.58
531,209,12,3,5553.73,0.0,16661.19
532,209,27,3,1246.0,0.2,2990.4
533,210,18,2,316.88,0.1,570.38
534,210,41,3,1458.5,0.1,3937.95
535,211,41,2,1458.5,0.2,2333.6
536,212,8,1,7478.19,0.0,7478.19
537,213,33,3,3763.53,0.2,9032.47
538,213,40,1,16569.14,0.1,14912.23
539,213,44,1,1675.89,0.1,1508.3
540,214,43,1,1480.37,0.0,1480.37
541,215,13,2,1356.94,0.0,2713.88
542,215,9,3,4533.34,0.1,12240.02
543,215,35,3,3039.94,0.0,9119.82
544,215,6,1,8439.67,0.0,8439.67
545,216,34,1,3937.59,0.0,3937.59
546,216,38,2,21688.29,0.0,43376.58
547,216,10,3,5058.33,0.05,14416.24
548,216,36,3,2924.06,0.0,8772.18
549,217,2,2,3911.93,0.1,7041.47
550,217,27,2,1246.0,0.0,2492.0
551,218,46,1,44103.32,0.0,44103.32
552,218,45,3,50632.32,0.0,151896.96
553,218,18,2,316.88,0.1,570.38
554,219,10,1,5058.33,0.2,4046.66
555,219,51,3,29838.95,0.05,85041.01
556,220,44,1,1675.89,0.0,1675.89
557,220,31,2,440.79,0.05,837.5
558,221,26,2,1412.65,0.0,2825.3
559,221,4,2,4078.93,0.05,7749.97
560,222,18,1,316.88,0.0,316.88
561,223,30,1,448.49,0.0,448.49
562,223,28,1,2077.38,0.0,2077.38
563,223,41,2,1458.5,0.0,2917.0
564,223,45,1,50632.32,0.0,50632.32
565,224,46,2,44103.32,0.0,88206.64
566,224,46,1,44103.32,0.0,44103.32
567,225,18,3,316.88,0.05,903.11
568,225,8,1,7478.19,0.0,7478.19
569,226,26,1,1412.65,0.0,1412.65
570,226,32,1,403.22,0.2,322.58
571,227,16,2,1147.33,0.05,2179.93
572,227,16,3,1147.33,0.0,3441.99
573,228,30,3,448.49,0.0,1345.47
574,228,34,2,3937.59,0.05,7481.42
575,228,9,1,4533.34,0.05,4306.67
576,228,48,1,48857.09,0.05,46414.24
577,229,18,1,316.88,0.0,316.88
578,230,29,1,438.5,0.0,438.5
579,230,12,1,5553.73,0.0,5553.73
580,230,24,2,291.78,0.05,554.38
581,230,22,2,256.1,0.0,512.2
582,231,32,2,403.22,0.1,725.8
583,231,15,1,1717.5,0.0,1717.5
584,231,32,1,403.22,0.0,403.22
585,232,10,1,5058.33,0.0,5058.33
586,232,5,3,7323.99,0.2,17577.58
587,232,50,2,32122.03,0.05,61031.86
588,233,30,2,448.49,0.0,896.98
589,233,48,1,48857.09,0.05,46414.24
590,233,9,2,4533.34,0.0,9066.68
591,234,9,2,4533.34,0.1,8160.01
592,234,10,3,5058.33,0.0,15174.99
593,235,2,1,3911.93,0.0,3911.93
594,235,15,1,1717.5,0.0,1717.5
595,235,18,3,316.88,0.2,760.51
596,236,46,3,44103.32,0.05,125694.46
597,236,44,3,1675.89,0.0,5027.67
598,236,31,3,440.79,0.1,1190.13
599,237,44,3,1675.89,0.0,5027.67
600,237,26,2,1412.65,0.0,2825.3
601,237,51,2,29838.95,0.0,59677.9
602,237,32,3,403.22,0.2,967.73
603,238,23,1,381.96,0.0,381.96
604,238,4,2,4078.93,0.1,7342.07
605,238,13,2,1356.94,0.1,2442.49
606,239,22,3,256.1,0.0,768.3
607,239,42,2,1783.38,0.0,3566.76
608,240,36,1,2924.06,0.05,2777.86
609,240,52,3,35725.17,0.1,96457.96
610,240,50,2,32122.03,0.1,57819.65
611,241,15,2,1717.5,0.0,3435.0
612,241,42,3,1783.38,0.0,5350.14
613,241,32,3,403.22,0.1,1088.69
614,242,45,1,50632.32,0.0,50632.32
615,242,43,2,1480.37,0.05,2812.7
616,242,43,1,1480.37,0.1,1332.33
617,243,45,3,50632.32,0.0,151896.96
618,244,21,2,395.89,0.0,791.78
619,244,12,3,5553.73,0.05,15828.13
620,244,22,3,256.1,0.0,768.3
621,245,17,1,425.94,0.1,383.35
622,245,28,1,2077.38,0.0,2077.38
623,246,36,1,2924.06,0.0,2924.06
624,247,41,2,1458.5,0.2,2333.6
625,247,9,1,4533.34,0.1,4080.01
626,247,10,1,5058.33,0.0,5058.33
627,247,11,1,4853.64,0.0,4853.64
628,248,32,2,403.22,0.0,806.44
629,249,2,1,3911.93,0.1,3520.74
630,249,26,1,1412.65,0.0,1412.65
631,249,22,2,256.1,0.0,512.2
632,249,18,3,316.88,0.0,950.64
633,250,51,3,29838.95,0.0,89516.85
634,251,23,1,381.96,0.0,381.96
635,251,31,2,440.79,0.0,881.58
636,252,13,1,1356.94,0.0,1356.94
637,252,41,1,1458.5,0.1,1312.65
638,252,28,2,2077.38,0.0,4154.76
639,252,9,1,4533.34,0.2,3626.67
640,253,38,3,21688.29,0.1,58558.38
641,253,39,1,22252.18,0.05,21139.57
642,254,1,2,4311.34,0.0,8622.68
643,254,22,1,256.1,0.1,230.49
644,254,2,3,3911.93,0.0,11735.79
645,254,26,1,1412.65,0.1,1271.39
646,255,14,2,1335.52,0.0,2671.04
647,255,13,1,1356.94,0.0,1356.94
648,256,43,2,1480.37,0.0,2960.74
649,256,7,1,11903.44,0.0,11903.44
650,257,8,1,7478.19,0.1,6730.37
651,257,4,2,4078.93,0.0,8157.86
652,258,6,1,8439.67,0.0,8439.67
653,258,38,3,21688.29,0.0,65064.87
654,259,3,3,4598.39,0.05,13105.41
655,260,51,1,29838.95,0.05,28347.0
656,260,47,2,32443.0,0.2,51908.8
657,261,25,3,1719.78,0.0,5159.34
658,261,18,1,316.88,0.1,285.19
659,261,38,1,21688.29,0.2,17350.63
660,262,38,3,21688.29,0.05,61811.63
661,262,40,1,16569.14,0.0,16569.14
662,262,10,1,5058.33,0.0,5058.33
663,263,9,2,4533.34,0.0,9066.68
664,264,47,3,32443.0,0.1,87596.1
665,264,19,1,301.26,0.0,301.26
666,264,30,3,448.49,0.0,1345.47
667,264,45,1,50632.32,0.0,50632.32
668,265,2,2,3911.93,0.0,7823.86
669,265,12,2,5553.73,0.0,11107.46
670,265,14,3,1335.52,0.2,3205.25
671,265,9,1,4533.34,0.05,4306.67
672,266,28,2,2077.38,0.05,3947.02
673,266,26,3,1412.65,0.0,4237.95
674,266,23,3,381.96,0.05,1088.59
675,267,25,3,1719.78,0.0,5159.34
676,268,52,3,35725.17,0.2,85740.41
677,268,5,2,7323.99,0.0,14647.98
678,269,14,1,1335.52,0.0,1335.52
679,270,13,3,1356.94,0.0,4070.82
680,270,34,3,3937.59,0.0,11812.77
681,271,19,2,301.26,0.0,602.52
682,271,52,3,35725.17,0.05,101816.73
683,271,18,3,316.88,0.0,950.64
684,272,23,1,381.96,0.0,381.96
685,273,22,3,256.1,0.0,768.3
686,273,18,2,316.88,0.05,602.07
687,274,22,1,256.1,0.0,256.1
688,274,16,1,1147.33,0.0,1147.33
689,275,3,2,4598.39,0.2,7357.42
690,275,37,2,20338.2,0.2,32541.12
691,275,5,3,7323.99,0.0,21971.97
692,276,17,3,425.94,0.05,1213.93
693,276,29,3,438.5,0.0,1315.5
694,277,45,3,50632.32,0.05,144302.11
695,277,52,3,35725.17,0.0,107175.51
696,278,17,1,425.94,0.05,404.64
697,278,13,3,1356.94,0.05,3867.28
698,278,21,1,395.89,0.2,316.71
699,279,52,1,35725.17,0.0,35725.17
700,280,38,2,21688.29,0.05,41207.75
701,280,26,1,1412.65,0.0,1412.65
702,281,28,2,2077.38,0.1,3739.28
703,281,46,2,44103.32,0.05,83796.31
704,281,49,3,24383.87,0.05,69494.03
705,282,41,3,1458.5,0.1,3937.95
706,282,1,2,4311.34,0.0,8622.68
707,283,13,2,1356.94,0.05,2578.19
708,283,48,1,48857.09,0.0,48857.09
709,284,33,2,3763.53,0.1,6774.35
710,285,31,2,440.79,0.0,881.58
711,285,40,1,16569.14,0.0,16569.14
712,286,11,3,4853.64,0.0,14560.92
713,286,45,1,50632.32,0.2,40505.86
714,287,44,2,1675.89,0.0,3351.78
715,288,38,3,21688.29,0.0,65064.87
716,288,11,1,4853.64,0.05,4610.96
717,289,34,2,3937.59,0.0,7875.18
718,289,43,2,1480.37,0.05,2812.7
719,289,17,1,425.94,0.0,425.94
720,289,34,3,3937.59,0.1,10631.49
721,290,44,3,1675.89,0.0,5027.67
722,290,31,1,440.79,0.0,440.79
723,291,34,2,3937.59,0.0,7875.18
724,291,40,1,16569.14,0.0,16569.14
725,291,41,1,1458.5,0.1,1312.65
726,292,34,3,3937.59,0.0,11812.77
727,293,17,2,425.94,0.0,851.88
728,293,21,3,395.89,0.1,1068.9
729,293,38,2,21688.29,0.2,34701.26
730,293,28,2,2077.38,0.0,4154.76
731,294,47,2,32443.0,0.1,58397.4
732,295,51,2,29838.95,0.0,59677.9
733,296,30,1,448.49,0.2,358.79
734,296,38,3,21688.29,0.0,65064.87
735,297,4,3,4078.93,0.1,11013.11
736,297,47,1,32443.0,0.0,32443.0
737,297,21,1,395.89,0.1,356.3
738,297,2,2,3911.93,0.2,6259.09
739,298,7,3,11903.44,0.05,33924.8
740,298,23,3,381.96,0.0,1145.88
741,298,3,1,4598.39,0.05,4368.47
742,299,8,1,7478.19,0.1,6730.37
743,299,30,1,448.49,0.0,448.49
744,300,43,1,1480.37,0.0,1480.37
745,300,32,1,403.22,0.1,362.9
746,300,43,2,1480.37,0.1,2664.67
747,301,18,1,316.88,0.0,316.88
748,302,41,2,1458.5,0.05,2771.15
749,302,37,3,20338.2,0.0,61014.6
750,303,4,1,4078.93,0.05,3874.98
751,303,34,3,3937.59,0.1,10631.49
752,304,43,2,1480.37,0.05,2812.7
753,305,12,1,5553.73,0.0,5553.73
754,305,7,3,11903.44,0.1,32139.29
755,305,45,2,50632.32,0.05,96201.41
756,306,4,3,4078.93,0.0,12236.79
757,306,52,3,35725.17,0.0,107175.51
758,306,9,3,4533.34,0.05,12920.02
759,307,38,1,21688.29,0.0,21688.29
760,308,10,1,5058.33,0.05,4805.41
761,308,37,2,20338.2,0.2,32541.12
762,309,16,3,1147.33,0.05,3269.89
763,309,20,2,337.55,0.1,607.59
764,310,4,1,4078.93,0.0,4078.93
765,311,33,3,3763.53,0.0,11290.59
766,312,11,1,4853.64,0.0,4853.64
767,313,16,3,1147.33,0.0,3441.99
768,313,38,1,21688.29,0.0,21688.29
769,313,25,3,1719.78,0.0,5159.34
770,313,18,1,316.88,0.0,316.88
771,314,29,2,438.5,0.05,833.15
772,314,6,2,8439.67,0.1,15191.41
773,314,28,3,2077.38,0.05,5920.53
774,314,27,2,1246.0,0.1,2242.8
775,315,44,1,1675.89,0.0,1675.89
776,315,22,3,256.1,0.05,729.88
777,316,12,1,5553.73,0.0,5553.73
778,316,27,2,1246.0,0.0,2492.0
779,317,37,1,20338.2,0.0,20338.2
780,317,26,1,1412.65,0.0,1412.65
781,317,35,1,3039.94,0.0,3039.94
782,317,43,3,1480.37,0.0,4441.11
783,318,52,3,35725.17,0.0,107175.51
784,318,38,1,21688.29,0.0,21688.29
785,318,48,1,48857.09,0.1,43971.38
786,318,9,3,4533.34,0.1,12240.02
787,319,19,2,301.26,0.0,602.52
788,320,29,1,438.5,0.0,438.5
789,320,22,3,256.1,0.0,768.3
790,320,19,1,301.26,0.1,271.13
791,321,52,3,35725.17,0.0,107175.51
792,321,35,2,3039.94,0.0,6079.88
793,321,45,3,50632.32,0.0,151896.96
794,321,26,1,1412.65,0.0,1412.65
795,322,50,3,32122.03,0.0,96366.09
796,322,32,3,403.22,0.0,1209.66
797,323,4,1,4078.93,0.0,4078.93
798,324,3,3,4598.39,0.1,12415.65
799,324,6,3,8439.67,0.05,24053.06
800,324,15,2,1717.5,0.0,3435.0
801,325,20,3,337.55,0.0,1012.65
802,326,49,2,24383.87,0.0,48767.74
803,326,47,1,32443.0,0.0,32443.0
804,326,48,3,48857.09,0.1,131914.14
805,326,36,2,2924.06,0.0,5848.12
806,327,40,2,16569.14,0.05,31481.37
807,327,52,3,35725.17,0.0,107175.51
808,327,3,1,4598.39,0.05,4368.47
809,327,20,1,337.55,0.1,303.8
810,328,43,1,1480.37,0.0,1480.37
811,328,30,2,448.49,0.0,896.98
812,329,7,1,11903.44,0.2,9522.75
813,329,48,1,48857.09,0.0,48857.09
814,330,48,3,48857.09,0.05,139242.71
815,330,22,2,256.1,0.0,512.2
816,330,36,2,2924.06,0.05,5555.71
817,331,19,3,301.26,0.0,903.78
818,331,8,1,7478.19,0.1,6730.37
819,331,20,3,337.55,0.0,1012.65
820,332,4,3,4078.93,0.0,12236.79
821,332,34,2,3937.59,0.0,7875.18
822,333,3,1,4598.39,0.0,4598.39
823,333,44,2,1675.89,0.1,3016.6
824,334,52,3,35725.17,0.0,107175.51
825,334,15,2,1717.5,0.0,3435.0
826,334,45,1,50632.32,0.0,50632.32
827,335,6,2,8439.67,0.05,16035.37
828,335,51,2,29838.95,0.05,56694.0
829,336,28,3,2077.38,0.05,5920.53
830,336,11,1,4853.64,0.1,4368.28
831,336,28,2,2077.38,0.0,4154.76
832,337,4,2,4078.93,0.1,7342.07
833,337,29,2,438.5,0.0,877.0
834,337,39,2,22252.18,0.0,44504.36
835,337,4,3,4078.93,0.05,11624.95
836,338,42,3,1783.38,0.05,5082.63
837,339,35,3,3039.94,0.1,8207.84
838,339,2,1,3911.93,0.2,3129.54
839,340,47,3,32443.0,0.1,87596.1
840,340,21,2,395.89,0.0,791.78
841,340,38,2,21688.29,0.0,43376.58
842,341,3,3,4598.39,0.05,13105.41
843,341,7,2,11903.44,0.0,23806.88
844,341,38,2,21688.29,0.0,43376.58
845,342,34,1,3937.59,0.1,3543.83
846,342,45,1,50632.32,0.1,45569.09
847,342,51,1,29838.95,0.0,29838.95
848,342,15,1,1717.5,0.1,1545.75
849,343,18,2,316.88,0.0,633.76
850,343,31,1,440.79,0.2,352.63
851,343,47,1,32443.0,0.0,32443.0
852,343,44,1,1675.89,0.1,1508.3
853,344,36,2,2924.06,0.05,5555.71
854,344,1,2,4311.34,0.05,8191.55
855,344,18,3,316.88,0.1,855.58
856,344,25,3,1719.78,0.1,4643.41
857,345,31,3,440.79,0.2,1057.9
858,345,7,3,11903.44,0.1,32139.29
859,345,25,2,1719.78,0.2,2751.65
860,346,22,1,256.1,0.0,256.1
861,347,14,1,1335.52,0.0,1335.52
862,348,45,3,50632.32,0.1,136707.26
863,348,4,3,4078.93,0.2,9789.43
864,348,34,1,3937.59,0.05,3740.71
865,349,50,1,32122.03,0.1,28909.83
866,349,35,1,3039.94,0.0,3039.94
867,349,39,1,22252.18,0.2,17801.74
868,349,33,1,3763.53,0.2,3010.82
869,350,29,1,438.5,0.0,438.5
870,350,6,2,8439.67,0.0,16879.34
871,350,35,3,3039.94,0.0,9119.82
872,350,3,2,4598.39,0.0,9196.78
873,351,34,2,3937.59,0.0,7875.18
874,351,42,3,1783.38,0.0,5350.14
875,352,14,2,1335.52,0.0,2671.04
876,353,43,3,1480.37,0.2,3552.89
877,353,18,2,316.88,0.05,602.07
878,354,30,2,448.49,0.1,807.28
879,354,33,1,3763.53,0.05,3575.35
880,354,4,2,4078.93,0.0,8157.86
881,355,34,3,3937.59,0.2,9450.22
882,355,33,2,3763.53,0.0,7527.06
883,356,20,1,337.55,0.0,337.55
884,357,1,1,4311.34,0.05,4095.77
885,358,18,3,316.88,0.0,950.64
886,359,38,2,21688.29,0.2,34701.26
887,359,33,2,3763.53,0.0,7527.06
888,359,39,2,22252.18,0.0,44504.36
889,360,28,2,2077.38,0.05,3947.02
890,360,39,3,22252.18,0.05,63418.71
891,360,21,1,395.89,0.0,395.89
892,360,41,1,1458.5,0.0,1458.5
893,361,27,2,1246.0,0.0,2492.0
894,361,12,1,5553.73,0.0,5553.73
895,362,33,1,3763.53,0.0,3763.53
896,362,26,2,1412.65,0.0,2825.3
897,362,42,2,1783.38,0.0,3566.76
898,362,17,3,425.94,0.0,1277.82
899,363,4,1,4078.93,0.05,3874.98
900,363,24,3,291.78,0.2,700.27
901,363,39,3,22252.18,0.05,63418.71
902,364,17,2,425.94,0.0,851.88
903,365,28,3,2077.38,0.0,6232.14
904,365,36,3,2924.06,0.05,8333.57
905,366,3,3,4598.39,0.0,13795.17
906,366,9,3,4533.34,0.05,12920.02
907,367,10,1,5058.33,0.0,5058.33
908,367,38,1,21688.29,0.1,19519.46
909,368,16,3,1147.33,0.0,3441.99
910,368,23,3,381.96,0.0,1145.88
911,368,23,3,381.96,0.1,1031.29
912,369,51,3,29838.95,0.0,89516.85
913,369,45,2,50632.32,0.0,101264.64
914,370,5,2,7323.99,0.0,14647.98
915,370,6,2,8439.67,0.0,16879.34
916,370,9,2,4533.34,0.0,9066.68
917,371,18,2,316.88,0.0,633.76
918,371,28,3,2077.38,0.0,6232.14
919,371,15,1,1717.5,0.0,1717.5
920,371,17,1,425.94,0.0,425.94
921,372,9,3,4533.34,0.05,12920.02
922,372,5,3,7323.99,0.05,20873.37
923,373,23,2,381.96,0.2,611.14
924,373,12,2,5553.73,0.0,11107.46
925,374,41,3,1458.5,0.0,4375.5
926,374,20,2,337.55,0.05,641.34
927,375,49,2,24383.87,0.0,48767.74
928,375,6,2,8439.67,0.0,16879.34
929,375,37,2,20338.2,0.0,40676.4
930,376,41,1,1458.5,0.1,1312.65
931,376,21,2,395.89,0.05,752.19
932,376,27,3,1246.0,0.05,3551.1
933,376,42,1,1783.38,0.05,1694.21
934,377,37,1,20338.2,0.0,20338.2
935,377,52,1,35725.17,0.05,33938.91
936,377,18,3,316.88,0.2,760.51
937,378,5,1,7323.99,0.0,7323.99
938,379,29,3,438.5,0.05,1249.72
939,379,8,2,7478.19,0.05,14208.56
940,379,17,1,425.94,0.0,425.94
941,379,30,1,448.49,0.0,448.49
942,380,21,2,395.89,0.0,791.78
943,381,1,1,4311.34,0.2,3449.07
944,381,34,3,3937.59,0.0,11812.77
945,381,19,1,301.26,0.0,301.26
946,382,11,1,4853.64,0.05,4610.96
947,383,2,3,3911.93,0.1,10562.21
948,384,44,1,1675.89,0.0,1675.89
949,385,51,3,29838.95,0.0,89516.85
950,385,29,2,438.5,0.1,789.3
951,385,29,1,438.5,0.0,438.5
952,386,37,1,20338.2,0.0,20338.2
953,386,36,2,2924.06,0.05,5555.71
954,386,26,2,1412.65,0.0,2825.3
955,386,8,2,7478.19,0.1,13460.74
956,387,18,1,316.88,0.0,316.88
957,388,17,3,425.94,0.0,1277.82
958,388,39,3,22252.18,0.1,60080.89
959,389,8,2,7478.19,0.05,14208.56
960,389,11,1,4853.64,0.2,3882.91
961,390,5,2,7323.99,0.0,14647.98
962,390,11,3,4853.64,0.1,13104.83
963,391,49,2,24383.87,0.1,43890.97
964,391,1,2,4311.34,0.1,7760.41
965,392,15,2,1717.5,0.2,2748.0
966,392,39,2,22252.18,0.1,40053.92
967,393,48,2,48857.09,0.0,97714.18
968,394,29,3,438.5,0.0,1315.5
969,395,6,2,8439.67,0.05,16035.37
970,395,42,1,1783.38,0.0,1783.38
971,395,24,3,291.78,0.0,875.34
972,395,21,2,395.89,0.05,752.19
973,396,49,1,24383.87,0.1,21945.48
974,396,4,1,4078.93,0.0,4078.93
975,396,26,3,1412.65,0.0,4237.95
976,397,9,3,4533.34,0.0,13600.02
977,397,7,3,11903.44,0.1,32139.29
978,398,10,2,5058.33,0.0,10116.66
979,399,2,3,3911.93,0.05,11149.0
980,399,24,1,291.78,0.0,291.78
981,399,1,1,4311.34,0.0,4311.34
982,400,1,3,4311.34,0.05,12287.32
983,401,43,3,1480.37,0.0,4441.11
984,401,1,1,4311.34,0.0,4311.34
985,401,25,3,1719.78,0.0,5159.34
986,401,35,1,3039.94,0.1,2735.95
987,402,49,2,24383.87,0.1,43890.97
988,402,27,1,1246.0,0.05,1183.7
989,403,16,3,1147.33,0.1,3097.79
990,403,13,2,1356.94,0.05,2578.19
991,403,12,1,5553.73,0.0,5553.73
992,403,9,1,4533.34,0.1,4080.01
993,404,27,2,1246.0,0.0,2492.0
994,404,46,3,44103.32,0.0,132309.96
995,404,19,2,301.26,0.05,572.39
996,404,38,3,21688.29,0.0,65064.87
997,405,37,2,20338.2,0.05,38642.58
998,405,12,1,5553.73,0.0,5553.73
999,406,44,2,1675.89,0.0,3351.78
1000,406,16,1,1147.33,0.05,1089.96
1001,406,49,2,24383.87,0.0,48767.74
1002,407,29,2,438.5,0.1,789.3
1003,408,36,3,2924.06,0.05,8333.57
1004,408,8,1,7478.19,0.05,7104.28
1005,408,11,1,4853.64,0.0,4853.64
1006,408,29,1,438.5,0.1,394.65
1007,409,38,2,21688.29,0.05,41207.75
1008,409,50,1,32122.03,0.0,32122.03
1009,409,45,1,50632.32,0.05,48100.7
1010,409,13,3,1356.94,0.2,3256.66
1011,410,24,1,291.78,0.0,291.78
1012,411,28,2,2077.38,0.0,4154.76
1013,411,43,2,1480.37,0.2,2368.59
1014,411,51,3,29838.95,0.2,71613.48
1015,412,31,1,440.79,0.0,440.79
1016,412,27,1,1246.0,0.0,1246.0
1017,412,40,1,16569.14,0.05,15740.68
1018,413,33,2,3763.53,0.0,7527.06
1019,414,12,2,5553.73,0.05,10552.09
1020,414,26,3,1412.65,0.1,3814.16
1021,414,12,1,5553.73,0.0,5553.73
1022,415,48,2,48857.09,0.1,87942.76
1023,415,51,2,29838.95,0.0,59677.9
1024,415,13,2,1356.94,0.1,2442.49
1025,415,9,3,4533.34,0.2,10880.02
1026,416,25,3,1719.78,0.05,4901.37
1027,417,14,1,1335.52,0.0,1335.52
1028,417,15,2,1717.5,0.05,3263.25
1029,418,33,2,3763.53,0.1,6774.35
1030,418,47,1,32443.0,0.0,32443.0
1031,418,22,3,256.1,0.0,768.3
1032,419,52,1,35725.17,0.1,32152.65
1033,419,9,1,4533.34,0.2,3626.67
1034,419,19,1,301.26,0.05,286.2
1035,420,25,1,1719.78,0.0,1719.78
1036,420,52,1,35725.17,0.0,35725.17
1037,421,34,1,3937.59,0.1,3543.83
1038,421,9,2,4533.34,0.0,9066.68
1039,422,3,2,4598.39,0.0,9196.78
1040,422,49,1,24383.87,0.0,24383.87
1041,422,38,1,21688.29,0.1,19519.46
1042,422,22,1,256.1,0.05,243.3
1043,423,50,3,32122.03,0.05,91547.79
1044,423,41,3,1458.5,0.0,4375.5
1045,423,45,2,50632.32,0.0,101264.64
1046,423,1,3,4311.34,0.1,11640.62
1047,424,52,1,35725.17,0.2,28580.14
1048,424,37,2,20338.2,0.05,38642.58
1049,424,27,3,1246.0,0.0,3738.0
1050,425,17,3,425.94,0.2,1022.26
1051,426,43,2,1480.37,0.05,2812.7
1052,426,28,3,2077.38,0.0,6232.14
1053,426,50,3,32122.03,0.0,96366.09
1054,427,17,2,425.94,0.0,851.88
1055,427,46,1,44103.32,0.05,41898.15
1056,427,4,3,4078.93,0.0,12236.79
1057,427,15,2,1717.5,0.05,3263.25
1058,428,18,2,316.88,0.0,633.76
1059,428,11,1,4853.64,0.0,4853.64
1060,428,33,3,3763.53,0.0,11290.59
1061,429,37,3,20338.2,0.0,61014.6
1062,430,15,3,1717.5,0.2,4122.0
1063,430,50,2,32122.03,0.0,64244.06
1064,430,33,2,3763.53,0.0,7527.06
1065,430,1,3,4311.34,0.05,12287.32
1066,431,24,2,291.78,0.0,583.56
1067,432,12,2,5553.73,0.0,11107.46
1068,432,27,1,1246.0,0.05,1183.7
1069,432,38,1,21688.29,0.0,21688.29
1070,432,12,1,5553.73,0.1,4998.36
1071,433,3,1,4598.39,0.0,4598.39
1072,434,16,3,1147.33,0.0,3441.99
1073,434,30,3,448.49,0.1,1210.92
1074,434,31,1,440.79,0.0,440.79
1075,435,18,3,316.88,0.0,950.64
1076,436,1,2,4311.34,0.1,7760.41
1077,437,40,2,16569.14,0.0,33138.28
1078,438,44,1,1675.89,0.2,1340.71
1079,438,13,2,1356.94,0.2,2171.1
1080,438,36,2,2924.06,0.1,5263.31
1081,438,15,1,1717.5,0.0,1717.5
1082,439,4,3,4078.93,0.0,12236.79
1083,439,39,1,22252.18,0.05,21139.57
1084,439,30,1,448.49,0.0,448.49
1085,439,8,2,7478.19,0.0,14956.38
1086,440,37,2,20338.2,0.1,36608.76
1087,440,7,2,11903.44,0.0,23806.88
1088,440,21,2,395.89,0.0,791.78
1089,440,15,1,1717.5,0.1,1545.75
1090,441,49,1,24383.87,0.0,24383.87
1091,441,13,1,1356.94,0.0,1356.94
1092,441,32,2,403.22,0.05,766.12
1093,441,27,1,1246.0,0.1,1121.4
1094,442,43,3,1480.37,0.0,4441.11
1095,442,30,2,448.49,0.0,896.98
1096,443,5,3,7323.99,0.05,20873.37
1097,443,43,3,1480.37,0.0,4441.11
1098,443,31,3,440.79,0.05,1256.25
1099,443,10,2,5058.33,0.0,10116.66
1100,444,18,2,316.88,0.0,633.76
1101,444,22,1,256.1,0.05,243.3
1102,445,41,1,1458.5,0.05,1385.58
1103,446,2,3,3911.93,0.0,11735.79
1104,446,45,2,50632.32,0.2,81011.71
1105,447,5,2,7323.99,0.2,11718.38
1106,447,6,3,8439.67,0.05,24053.06
1107,447,51,1,29838.95,0.05,28347.0
1108,448,3,2,4598.39,0.2,7357.42
1109,449,15,2,1717.5,0.1,3091.5
1110,449,31,2,440.79,0.05,837.5
1111,450,22,1,256.1,0.0,256.1
1112,450,14,3,1335.52,0.0,4006.56
1113,450,13,2,1356.94,0.0,2713.88
1114,450,50,3,32122.03,0.0,96366.09
1115,451,5,1,7323.99,0.0,7323.99
1116,451,31,2,440.79,0.0,881.58
1117,451,47,1,32443.0,0.0,32443.0
1118,452,45,3,50632.32,0.05,144302.11
1119,452,14,3,1335.52,0.0,4006.56
1120,452,34,1,3937.59,0.1,3543.83
1121,452,26,3,1412.65,0.05,4026.05
1122,453,25,2,1719.78,0.1,3095.6
1123,453,1,2,4311.34,0.0,8622.68
1124,453,52,3,35725.17,0.0,107175.51
1125,454,52,1,35725.17,0.0,35725.17
1126,454,30,1,448.49,0.2,358.79
1127,454,45,3,50632.32,0.0,151896.96
1128,454,10,2,5058.33,0.0,10116.66
1129,455,32,1,403.22,0.05,383.06
1130,455,17,2,425.94,0.0,851.88
1131,455,27,1,1246.0,0.05,1183.7
1132,455,4,2,4078.93,0.1,7342.07
1133,456,5,1,7323.99,0.0,7323.99
1134,456,31,1,440.79,0.1,396.71
1135,457,40,1,16569.14,0.0,16569.14
1136,457,52,1,35725.17,0.0,35725.17
1137,457,25,3,1719.78,0.0,5159.34
1138,457,36,1,2924.06,0.1,2631.65
1139,458,24,1,291.78,0.1,262.6
1140,458,12,2,5553.73,0.1,9996.71
1141,459,1,2,4311.34,0.0,8622.68
1142,459,4,3,4078.93,0.0,12236.79
1143,459,38,3,21688.29,0.0,65064.87
1144,459,3,3,4598.39,0.0,13795.17
1145,460,6,1,8439.67,0.0,8439.67
1146,460,49,3,24383.87,0.0,73151.61
1147,460,2,3,3911.93,0.2,9388.63
1148,461,47,3,32443.0,0.0,97329.0
1149,462,51,3,29838.95,0.05,85041.01
1150,463,14,2,1335.52,0.1,2403.94
1151,463,39,1,22252.18,0.0,22252.18
1152,464,6,3,8439.67,0.1,22787.11
1153,464,44,2,1675.89,0.0,3351.78
1154,464,26,3,1412.65,0.1,3814.16
1155,464,7,1,11903.44,0.0,11903.44
1156,465,5,1,7323.99,0.1,6591.59
1157,466,25,3,1719.78,0.0,5159.34
1158,466,25,2,1719.78,0.1,3095.6
1159,466,49,2,24383.87,0.0,48767.74
1160,466,35,1,3039.94,0.1,2735.95
1161,467,20,3,337.55,0.0,1012.65
1162,467,36,2,2924.06,0.1,5263.31
1163,467,27,2,1246.0,0.0,2492.0
1164,467,5,3,7323.99,0.0,21971.97
1165,468,8,2,7478.19,0.2,11965.1
1166,468,52,1,35725.17,0.1,32152.65
1167,468,15,3,1717.5,0.05,4894.88
1168,468,47,1,32443.0,0.05,30820.85
1169,469,9,3,4533.34,0.0,13600.02
1170,469,5,2,7323.99,0.0,14647.98
1171,470,32,3,403.22,0.0,1209.66
1172,470,7,2,11903.44,0.0,23806.88
1173,470,47,2,32443.0,0.0,64886.0
1174,470,27,1,1246.0,0.05,1183.7
1175,471,2,3,3911.93,0.1,10562.21
1176,472,28,1,2077.38,0.0,2077.38
1177,472,30,3,448.49,0.2,1076.38
1178,473,10,3,5058.33,0.0,15174.99
1179,473,41,1,1458.5,0.1,1312.65
1180,473,52,1,35725.17,0.1,32152.65
1181,474,35,1,3039.94,0.2,2431.95
1182,474,41,3,1458.5,0.0,4375.5
1183,474,3,3,4598.39,0.0,13795.17
1184,474,12,3,5553.73,0.0,16661.19
1185,475,40,2,16569.14,0.0,33138.28
1186,475,30,2,448.49,0.0,896.98
1187,476,51,2,29838.95,0.0,59677.9
1188,476,42,1,1783.38,0.0,1783.38
1189,476,50,3,32122.03,0.0,96366.09
1190,476,22,2,256.1,0.0,512.2
1191,477,19,2,301.26,0.0,602.52
1192,477,17,1,425.94,0.0,425.94
1193,478,4,3,4078.93,0.0,12236.79
1194,478,20,3,337.55,0.2,810.12
1195,479,21,3,395.89,0.0,1187.67
1196,479,14,1,1335.52,0.05,1268.74
1197,479,15,1,1717.5,0.05,1631.62
1198,480,40,2,16569.14,0.05,31481.37
1199,480,33,1,3763.53,0.0,3763.53
1200,480,15,1,1717.5,0.05,1631.62
1201,481,38,2,21688.29,0.2,34701.26
1202,481,20,3,337.55,0.0,1012.65
1203,481,32,1,403.22,0.0,403.22
1204,482,9,1,4533.34,0.0,4533.34
1205,483,6,2,8439.67,0.05,16035.37
1206,483,52,3,35725.17,0.1,96457.96
1207,483,14,3,1335.52,0.0,4006.56
1208,483,14,2,1335.52,0.0,2671.04
1209,484,46,1,44103.32,0.0,44103.32
1210,484,49,2,24383.87,0.0,48767.74
1211,485,39,2,22252.18,0.0,44504.36
1212,486,47,3,32443.0,0.0,97329.0
1213,487,11,1,4853.64,0.2,3882.91
1214,487,35,1,3039.94,0.0,3039.94
1215,487,45,2,50632.32,0.0,101264.64
1216,488,3,3,4598.39,0.05,13105.41
1217,488,40,1,16569.14,0.2,13255.31
1218,488,52,1,35725.17,0.0,35725.17
1219,488,7,2,11903.44,0.0,23806.88
1220,489,9,3,4533.34,0.2,10880.02
1221,489,40,3,16569.14,0.1,44736.68
1222,490,51,3,29838.95,0.0,89516.85
1223,491,48,3,48857.09,0.0,146571.27
1224,491,41,3,1458.5,0.05,4156.72
1225,491,50,3,32122.03,0.0,96366.09
1226,491,52,1,35725.17,0.0,35725.17
1227,492,18,2,316.88,0.05,602.07
1228,493,28,1,2077.38,0.0,2077.38
1229,493,21,1,395.89,0.05,376.1
1230,493,41,2,1458.5,0.1,2625.3
1231,493,27,3,1246.0,0.2,2990.4
1232,494,47,1,32443.0,0.0,32443.0
1233,494,17,2,425.94,0.1,766.69
1234,495,14,2,1335.52,0.0,2671.04
1235,496,41,2,1458.5,0.05,2771.15
1236,497,12,3,5553.73,0.05,15828.13
1237,497,34,3,3937.59,0.0,11812.77
1238,498,19,3,301.26,0.05,858.59
1239,498,47,1,32443.0,0.1,29198.7
1240,498,48,2,48857.09,0.0,97714.18
1241,498,6,2,8439.67,0.0,16879.34
1242,499,50,3,32122.03,0.0,96366.09
1243,499,21,3,395.89,0.0,1187.67
1244,499,47,2,32443.0,0.0,64886.0
1245,499,6,1,8439.67,0.0,8439.67
1246,500,52,3,35725.17,0.0,107175.51
1247,500,29,3,438.5,0.0,1315.5
1248,500,49,2,24383.87,0.0,48767.74
1249,500,33,2,3763.53,0.05,7150.71
1250,501,37,3,20338.2,0.0,61014.6
1251,502,45,2,50632.32,0.1,91138.18
1252,502,1,2,4311.34,0.05,8191.55
1253,503,25,3,1719.78,0.1,4643.41
1254,504,5,1,7323.99,0.0,7323.99
1255,504,44,3,1675.89,0.05,4776.29
1256,505,22,1,256.1,0.0,256.1
1257,505,22,1,256.1,0.1,230.49
1258,505,31,3,440.79,0.0,1322.37
1259,505,33,2,3763.53,0.0,7527.06
1260,506,38,1,21688.29,0.0,21688.29
1261,506,48,2,48857.09,0.0,97714.18
1262,506,40,3,16569.14,0.0,49707.42
1263,507,5,2,7323.99,0.0,14647.98
1264,507,46,2,44103.32,0.0,88206.64
1265,508,16,1,1147.33,0.0,1147.33
1266,508,40,2,16569.14,0.1,29824.45
1267,508,7,2,11903.44,0.05,22616.54
1268,509,34,1,3937.59,0.2,3150.07
1269,509,38,1,21688.29,0.1,19519.46
1270,509,25,3,1719.78,0.0,5159.34
1271,509,14,1,1335.52,0.0,1335.52
1272,510,16,3,1147.33,0.1,3097.79
1273,511,18,1,316.88,0.05,301.04
1274,511,8,3,7478.19,0.05,21312.84
1275,511,6,3,8439.67,0.0,25319.01
1276,512,39,2,22252.18,0.0,44504.36
1277,512,38,1,21688.29,0.0,21688.29
1278,512,31,3,440.79,0.0,1322.37
1279,512,45,1,50632.32,0.0,50632.32
1280,513,33,3,3763.53,0.0,11290.59
1281,513,18,1,316.88,0.05,301.04
1282,513,36,1,2924.06,0.05,2777.86
1283,514,21,2,395.89,0.0,791.78
1284,515,12,1,5553.73,0.0,5553.73
1285,515,1,3,4311.34,0.0,12934.02
1286,515,13,2,1356.94,0.0,2713.88
1287,515,22,3,256.1,0.0,768.3
1288,516,37,2,20338.2,0.0,40676.4
1289,516,13,2,1356.94,0.0,2713.88
1290,516,34,3,3937.59,0.2,9450.22
1291,517,48,3,48857.09,0.05,139242.71
1292,517,39,3,22252.18,0.0,66756.54
1293,517,2,2,3911.93,0.2,6259.09
1294,517,4,1,4078.93,0.05,3874.98
1295,518,25,3,1719.78,0.0,5159.34
1296,518,6,2,8439.67,0.0,16879.34
1297,519,28,1,2077.38,0.05,1973.51
1298,520,43,3,1480.37,0.0,4441.11
1299,521,39,3,22252.18,0.0,66756.54
1300,521,18,1,316.88,0.0,316.88
1301,522,46,1,44103.32,0.1,39692.99
1302,522,50,1,32122.03,0.0,32122.03
1303,522,21,2,395.89,0.1,712.6
1304,522,4,2,4078.93,0.05,7749.97
1305,523,19,3,301.26,0.0,903.78
1306,523,41,1,1458.5,0.0,1458.5
1307,524,32,3,403.22,0.1,1088.69
1308,524,48,3,48857.09,0.1,131914.14
1309,524,15,2,1717.5,0.2,2748.0
1310,524,6,1,8439.67,0.0,8439.67
1311,525,26,2,1412.65,0.0,2825.3
1312,525,50,2,32122.03,0.05,61031.86
1313,525,31,2,440.79,0.2,705.26
1314,525,13,2,1356.94,0.05,2578.19
1315,526,16,3,1147.33,0.0,3441.99
1316,526,12,2,5553.73,0.05,10552.09
1317,526,32,1,403.22,0.0,403.22
1318,527,30,2,448.49,0.0,896.98
1319,527,29,2,438.5,0.0,877.0
1320,527,52,2,35725.17,0.2,57160.27
1321,528,52,3,35725.17,0.0,107175.51
1322,528,37,3,20338.2,0.1,54913.14
1323,528,23,2,381.96,0.0,763.92
1324,528,18,3,316.88,0.0,950.64
1325,529,26,2,1412.65,0.0,2825.3
1326,529,16,2,1147.33,0.05,2179.93
1327,529,34,3,3937.59,0.0,11812.77
1328,530,39,1,22252.18,0.1,20026.96
1329,530,36,3,2924.06,0.1,7894.96
1330,530,29,1,438.5,0.0,438.5
1331,531,38,3,21688.29,0.1,58558.38
1332,531,44,3,1675.89,0.0,5027.67
1333,532,50,3,32122.03,0.05,91547.79
1334,532,44,1,1675.89,0.0,1675.89
1335,532,34,2,3937.59,0.2,6300.14
1336,532,10,2,5058.33,0.1,9104.99
1337,533,43,2,1480.37,0.0,2960.74
1338,533,12,2,5553.73,0.05,10552.09
1339,533,28,2,2077.38,0.2,3323.81
1340,533,34,3,3937.59,0.1,10631.49
1341,534,50,2,32122.03,0.1,57819.65
1342,534,11,2,4853.64,0.0,9707.28
1343,534,47,3,32443.0,0.1,87596.1
1344,535,4,3,4078.93,0.0,12236.79
1345,535,1,1,4311.34,0.0,4311.34
1346,535,42,2,1783.38,0.05,3388.42
1347,536,23,2,381.96,0.0,763.92
1348,536,2,2,3911.93,0.0,7823.86
1349,536,6,3,8439.67,0.1,22787.11
1350,536,40,1,16569.14,0.0,16569.14
1351,537,25,3,1719.78,0.0,5159.34
1352,538,42,2,1783.38,0.0,3566.76
1353,538,50,2,32122.03,0.2,51395.25
1354,538,11,3,4853.64,0.0,14560.92
1355,539,32,2,403.22,0.0,806.44
1356,539,10,2,5058.33,0.0,10116.66
1357,540,32,1,403.22,0.05,383.06
1358,540,47,3,32443.0,0.05,92462.55
1359,540,20,1,337.55,0.05,320.67
1360,540,32,1,403.22,0.0,403.22
1361,541,33,1,3763.53,0.0,3763.53
1362,541,28,1,2077.38,0.1,1869.64
1363,541,40,3,16569.14,0.2,39765.94
1364,541,5,3,7323.99,0.1,19774.77
1365,542,49,1,24383.87,0.2,19507.1
1366,542,42,2,1783.38,0.0,3566.76
1367,543,15,3,1717.5,0.1,4637.25
1368,543,12,3,5553.73,0.0,16661.19
1369,543,8,3,7478.19,0.05,21312.84
1370,543,14,1,1335.52,0.0,1335.52
1371,544,43,1,1480.37,0.05,1406.35
1372,545,3,1,4598.39,0.0,4598.39
1373,545,21,2,395.89,0.05,752.19
1374,546,15,1,1717.5,0.05,1631.62
1375,546,18,3,316.88,0.2,760.51
1376,546,31,3,440.79,0.0,1322.37
1377,547,10,1,5058.33,0.0,5058.33
1378,547,42,1,1783.38,0.1,1605.04
1379,547,26,3,1412.65,0.05,4026.05
1380,547,50,1,32122.03,0.0,32122.03
1381,548,25,1,1719.78,0.0,1719.78
1382,548,44,2,1675.89,0.05,3184.19
1383,549,47,1,32443.0,0.0,32443.0
1384,549,18,1,316.88,0.0,316.88
1385,550,11,1,4853.64,0.0,4853.64
1386,551,49,1,24383.87,0.2,19507.1
1387,551,14,3,1335.52,0.0,4006.56
1388,551,34,2,3937.59,0.1,7087.66
1389,552,26,2,1412.65,0.0,2825.3
1390,552,25,1,1719.78,0.0,1719.78
1391,552,11,2,4853.64,0.0,9707.28
1392,552,30,2,448.49,0.0,896.98
1393,553,52,2,35725.17,0.2,57160.27
1394,553,15,1,1717.5,0.0,1717.5
1395,553,3,3,4598.39,0.05,13105.41
1396,553,35,2,3039.94,0.2,4863.9
1397,554,26,3,1412.65,0.2,3390.36
1398,554,1,1,4311.34,0.0,4311.34
1399,554,37,2,20338.2,0.0,40676.4
1400,555,14,1,1335.52,0.0,1335.52
1401,555,30,1,448.49,0.05,426.07
1402,556,23,3,381.96,0.0,1145.88
1403,556,52,1,35725.17,0.05,33938.91
1404,556,46,2,44103.32,0.1,79385.98
1405,556,31,3,440.79,0.1,1190.13
1406,557,41,1,1458.5,0.0,1458.5
1407,558,37,1,20338.2,0.0,20338.2
1408,558,42,3,1783.38,0.1,4815.13
1409,558,50,3,32122.03,0.0,96366.09
1410,559,41,3,1458.5,0.0,4375.5
1411,560,11,2,4853.64,0.0,9707.28
1412,560,41,1,1458.5,0.0,1458.5
1413,561,49,3,24383.87,0.0,73151.61
1414,561,43,3,1480.37,0.0,4441.11
1415,562,16,3,1147.33,0.0,3441.99
1416,562,10,1,5058.33,0.0,5058.33
1417,563,38,3,21688.29,0.0,65064.87
1418,563,27,3,1246.0,0.05,3551.1
1419,564,15,1,1717.5,0.1,1545.75
1420,564,7,3,11903.44,0.0,35710.32
1421,565,13,2,1356.94,0.1,2442.49
1422,565,21,1,395.89,0.1,356.3
1423,566,36,2,2924.06,0.0,5848.12
1424,566,28,1,2077.38,0.0,2077.38
1425,566,24,3,291.78,0.2,700.27
1426,566,7,2,11903.44,0.0,23806.88
1427,567,10,1,5058.33,0.0,5058.33
1428,567,36,2,2924.06,0.05,5555.71
1429,567,50,3,32122.03,0.2,77092.87
1430,568,4,3,4078.93,0.2,9789.43
1431,569,2,2,3911.93,0.0,7823.86
1432,569,35,2,3039.94,0.0,6079.88
1433,569,27,3,1246.0,0.0,3738.0
1434,569,31,1,440.79,0.0,440.79
1435,570,3,3,4598.39,0.0,13795.17
1436,570,12,1,5553.73,0.1,4998.36
1437,570,6,2,8439.67,0.05,16035.37
1438,570,3,1,4598.39,0.0,4598.39
1439,571,14,2,1335.52,0.05,2537.49
1440,571,9,3,4533.34,0.0,13600.02
1441,572,14,2,1335.52,0.0,2671.04
1442,572,48,3,48857.09,0.1,131914.14
1443,572,5,2,7323.99,0.1,13183.18
1444,573,2,3,3911.93,0.2,9388.63
1445,573,17,1,425.94,0.2,340.75
1446,573,4,3,4078.93,0.2,9789.43
1447,574,30,3,448.49,0.0,1345.47
1448,574,23,2,381.96,0.1,687.53
1449,574,46,3,44103.32,0.1,119078.96
1450,575,34,2,3937.59,0.0,7875.18
1451,575,10,3,5058.33,0.2,12139.99
1452,575,7,3,11903.44,0.0,35710.32
1453,575,39,2,22252.18,0.2,35603.49
1454,576,15,2,1717.5,0.0,3435.0
1455,576,31,2,440.79,0.0,881.58
1456,577,1,3,4311.34,0.0,12934.02
1457,578,43,3,1480.37,0.1,3997.0
1458,578,31,2,440.79,0.0,881.58
1459,578,5,1,7323.99,0.05,6957.79
1460,579,43,3,1480.37,0.0,4441.11
1461,579,33,1,3763.53,0.0,3763.53
1462,580,50,1,32122.03,0.1,28909.83
1463,580,49,2,24383.87,0.0,48767.74
1464,581,8,1,7478.19,0.0,7478.19
1465,581,22,2,256.1,0.0,512.2
1466,581,41,2,1458.5,0.05,2771.15
1467,582,33,1,3763.53,0.0,3763.53
1468,583,37,2,20338.2,0.0,40676.4
1469,584,29,1,438.5,0.05,416.58
1470,585,16,3,1147.33,0.0,3441.99
1471,585,11,1,4853.64,0.0,4853.64
1472,585,12,1,5553.73,0.1,4998.36
1473,585,14,1,1335.52,0.1,1201.97
1474,586,47,3,32443.0,0.0,97329.0
1475,586,13,3,1356.94,0.1,3663.74
1476,586,26,2,1412.65,0.1,2542.77
1477,586,14,2,1335.52,0.0,2671.04
1478,587,15,3,1717.5,0.1,4637.25
1479,587,8,2,7478.19,0.0,14956.38
1480,587,40,1,16569.14,0.2,13255.31
1481,587,27,2,1246.0,0.0,2492.0
1482,588,24,2,291.78,0.0,583.56
1483,588,8,3,7478.19,0.0,22434.57
1484,588,22,3,256.1,0.05,729.88
1485,589,52,1,35725.17,0.0,35725.17
1486,590,8,3,7478.19,0.05,21312.84
1487,591,10,2,5058.33,0.0,10116.66
1488,591,40,1,16569.14,0.1,14912.23
1489,591,11,2,4853.64,0.05,9221.92
1490,591,47,2,32443.0,0.0,64886.0
1491,592,25,1,1719.78,0.0,1719.78
1492,592,39,1,22252.18,0.2,17801.74
1493,592,4,1,4078.93,0.05,3874.98
1494,592,46,2,44103.32,0.1,79385.98
1495,593,27,3,1246.0,0.1,3364.2
1496,593,16,1,1147.33,0.0,1147.33
1497,594,47,2,32443.0,0.1,58397.4
1498,595,2,1,3911.93,0.2,3129.54
1499,595,32,2,403.22,0.0,806.44
1500,595,36,2,2924.06,0.0,5848.12
1501,595,45,1,50632.32,0.0,50632.32
1502,596,44,3,1675.89,0.05,4776.29
1503,596,20,2,337.55,0.1,607.59
1504,596,25,3,1719.78,0.0,5159.34
1505,597,20,1,337.55,0.0,337.55
1506,597,44,2,1675.89,0.0,3351.78
1507,598,16,1,1147.33,0.0,1147.33
1508,598,7,2,11903.44,0.2,19045.5
1509,599,30,2,448.49,0.0,896.98
1510,599,26,2,1412.65,0.0,2825.3
1511,599,24,1,291.78,0.0,291.78
1512,600,46,3,44103.32,0.0,132309.96
1513,600,12,2,5553.73,0.2,8885.97
1514,601,16,3,1147.33,0.05,3269.89
1515,601,3,1,4598.39,0.1,4138.55
1516,602,47,2,32443.0,0.0,64886.0
1517,602,20,1,337.55,0.0,337.55
1518,603,25,1,1719.78,0.0,1719.78
1519,603,47,2,32443.0,0.0,64886.0
1520,604,40,3,16569.14,0.1,44736.68
1521,604,11,3,4853.64,0.2,11648.74
1522,604,38,1,21688.29,0.2,17350.63
1523,605,14,2,1335.52,0.0,2671.04
1524,605,6,2,8439.67,0.0,16879.34
1525,606,13,3,1356.94,0.2,3256.66
1526,606,51,1,29838.95,0.05,28347.0
1527,607,16,3,1147.33,0.1,3097.79
1528,607,39,3,22252.18,0.1,60080.89
1529,607,46,2,44103.32,0.1,79385.98
1530,608,37,1,20338.2,0.2,16270.56
1531,608,34,3,3937.59,0.0,11812.77
1532,608,19,3,301.26,0.0,903.78
1533,609,1,1,4311.34,0.2,3449.07
1534,610,35,2,3039.94,0.0,6079.88
1535,611,39,1,22252.18,0.1,20026.96
1536,612,29,2,438.5,0.0,877.0
1537,612,15,1,1717.5,0.2,1374.0
1538,612,14,1,1335.52,0.0,1335.52
1539,613,30,2,448.49,0.2,717.58
1540,614,30,3,448.49,0.0,1345.47
1541,614,15,3,1717.5,0.0,5152.5
1542,614,39,2,22252.18,0.1,40053.92
1543,614,49,3,24383.87,0.0,73151.61
1544,615,26,3,1412.65,0.0,4237.95
1545,615,18,3,316.88,0.0,950.64
1546,615,35,2,3039.94,0.2,4863.9
1547,615,48,3,48857.09,0.0,146571.27
1548,616,17,1,425.94,0.1,383.35
1549,616,22,3,256.1,0.05,729.88
1550,616,2,1,3911.93,0.05,3716.33
1551,616,33,2,3763.53,0.2,6021.65
1552,617,18,3,316.88,0.1,855.58
1553,617,37,2,20338.2,0.0,40676.4
1554,617,52,1,35725.17,0.2,28580.14
1555,618,33,3,3763.53,0.1,10161.53
1556,618,36,3,2924.06,0.0,8772.18
1557,618,39,1,22252.18,0.0,22252.18
1558,619,22,1,256.1,0.0,256.1
1559,620,11,3,4853.64,0.0,14560.92
1560,620,35,3,3039.94,0.0,9119.82
1561,621,1,1,4311.34,0.1,3880.21
1562,621,31,2,440.79,0.05,837.5
1563,622,41,3,1458.5,0.1,3937.95
1564,622,13,3,1356.94,0.0,4070.82
1565,622,38,1,21688.29,0.0,21688.29
1566,622,9,2,4533.34,0.0,9066.68
1567,623,37,3,20338.2,0.0,61014.6
1568,623,35,1,3039.94,0.1,2735.95
1569,623,27,2,1246.0,0.0,2492.0
1570,624,24,2,291.78,0.0,583.56
1571,624,1,2,4311.34,0.0,8622.68
1572,625,10,3,5058.33,0.0,15174.99
1573,625,21,3,395.89,0.2,950.14
1574,625,50,2,32122.03,0.0,64244.06
1575,626,17,2,425.94,0.05,809.29
1576,626,26,3,1412.65,0.0,4237.95
1577,627,31,3,440.79,0.05,1256.25
1578,627,11,3,4853.64,0.0,14560.92
1579,628,24,2,291.78,0.05,554.38
1580,628,31,2,440.79,0.0,881.58
1581,628,36,1,2924.06,0.05,2777.86
1582,629,9,3,4533.34,0.0,13600.02
1583,630,21,1,395.89,0.1,356.3
1584,630,21,3,395.89,0.1,1068.9
1585,630,52,2,35725.17,0.0,71450.34
1586,631,42,1,1783.38,0.1,1605.04
1587,631,16,3,1147.33,0.0,3441.99
1588,632,27,1,1246.0,0.0,1246.0
1589,633,41,2,1458.5,0.0,2917.0
1590,633,20,3,337.55,0.0,1012.65
1591,634,29,2,438.5,0.05,833.15
1592,634,8,3,7478.19,0.1,20191.11
1593,634,18,3,316.88,0.0,950.64
1594,634,13,3,1356.94,0.1,3663.74
1595,635,29,3,438.5,0.0,1315.5
1596,635,32,1,403.22,0.0,403.22
1597,635,14,3,1335.52,0.2,3205.25
1598,636,26,2,1412.65,0.0,2825.3
1599,636,19,2,301.26,0.0,602.52
1600,636,25,1,1719.78,0.05,1633.79
1601,637,2,1,3911.93,0.05,3716.33
1602,637,50,3,32122.03,0.0,96366.09
1603,638,12,3,5553.73,0.0,16661.19
1604,638,10,2,5058.33,0.05,9610.83
1605,639,3,2,4598.39,0.0,9196.78
1606,639,41,2,1458.5,0.0,2917.0
1607,639,33,1,3763.53,0.0,3763.53
1608,640,35,2,3039.94,0.2,4863.9
1609,641,9,3,4533.34,0.0,13600.02
1610,642,27,2,1246.0,0.1,2242.8
1611,642,3,1,4598.39,0.05,4368.47
1612,642,40,1,16569.14,0.0,16569.14
1613,642,39,3,22252.18,0.05,63418.71
1614,643,13,1,1356.94,0.0,1356.94
1615,643,9,3,4533.34,0.05,12920.02
1616,643,39,3,22252.18,0.1,60080.89
1617,644,52,1,35725.17,0.1,32152.65
1618,644,5,1,7323.99,0.0,7323.99
1619,645,35,1,3039.94,0.05,2887.94
1620,645,10,3,5058.33,0.2,12139.99
1621,645,8,3,7478.19,0.05,21312.84
1622,645,2,2,3911.93,0.0,7823.86
1623,646,14,1,1335.52,0.05,1268.74
1624,646,33,1,3763.53,0.05,3575.35
1625,646,25,3,1719.78,0.1,4643.41
1626,647,46,2,44103.32,0.0,88206.64
1627,647,41,1,1458.5,0.0,1458.5
1628,647,48,2,48857.09,0.2,78171.34
1629,647,51,2,29838.95,0.0,59677.9
1630,648,27,2,1246.0,0.05,2367.4
1631,648,21,3,395.89,0.0,1187.67
1632,648,35,3,3039.94,0.1,8207.84
1633,648,27,1,1246.0,0.0,1246.0
1634,649,46,3,44103.32,0.0,132309.96
1635,649,46,1,44103.32,0.0,44103.32
1636,650,40,1,16569.14,0.0,16569.14
1637,650,48,2,48857.09,0.05,92828.47
1638,650,24,1,291.78,0.0,291.78
1639,651,29,3,438.5,0.2,1052.4
1640,651,5,2,7323.99,0.0,14647.98
1641,652,20,1,337.55,0.0,337.55
1642,652,26,1,1412.65,0.2,1130.12
1643,653,18,1,316.88,0.0,316.88
1644,653,46,1,44103.32,0.0,44103.32
1645,653,45,2,50632.32,0.05,96201.41
1646,653,23,2,381.96,0.2,611.14
1647,654,8,2,7478.19,0.0,14956.38
1648,654,15,1,1717.5,0.0,1717.5
1649,655,20,1,337.55,0.1,303.8
1650,655,30,2,448.49,0.0,896.98
1651,655,29,3,438.5,0.1,1183.95
1652,655,25,2,1719.78,0.0,3439.56
1653,656,24,1,291.78,0.1,262.6
1654,656,10,3,5058.33,0.0,15174.99
1655,656,19,3,301.26,0.0,903.78
1656,656,24,1,291.78,0.05,277.19
1657,657,20,1,337.55,0.05,320.67
1658,657,5,3,7323.99,0.0,21971.97
1659,657,8,3,7478.19,0.05,21312.84
1660,658,47,2,32443.0,0.0,64886.0
1661,658,48,3,48857.09,0.05,139242.71
1662,658,48,2,48857.09,0.05,92828.47
1663,659,26,2,1412.65,0.1,2542.77
1664,659,38,1,21688.29,0.05,20603.88
1665,659,39,2,22252.18,0.05,42279.14
1666,660,5,2,7323.99,0.05,13915.58
1667,660,31,1,440.79,0.0,440.79
1668,661,8,3,7478.19,0.0,22434.57
1669,661,29,3,438.5,0.0,1315.5
1670,661,49,2,24383.87,0.0,48767.74
1671,661,39,2,22252.18,0.2,35603.49
1672,662,12,3,5553.73,0.0,16661.19
1673,662,27,3,1246.0,0.0,3738.0
1674,663,51,2,29838.95,0.1,53710.11
1675,663,31,1,440.79,0.05,418.75
1676,663,47,2,32443.0,0.0,64886.0
1677,663,37,1,20338.2,0.05,19321.29
1678,664,44,1,1675.89,0.0,1675.89
1679,664,18,3,316.88,0.05,903.11
1680,664,17,1,425.94,0.0,425.94
1681,664,19,1,301.26,0.0,301.26
1682,665,40,1,16569.14,0.0,16569.14
1683,666,16,1,1147.33,0.05,1089.96
1684,667,26,1,1412.65,0.05,1342.02
1685,667,6,3,8439.67,0.1,22787.11
1686,667,43,3,1480.37,0.2,3552.89
1687,668,6,2,8439.67,0.2,13503.47
1688,668,49,3,24383.87,0.0,73151.61
1689,668,51,3,29838.95,0.1,80565.17
1690,669,37,3,20338.2,0.05,57963.87
1691,669,34,1,3937.59,0.0,3937.59
1692,669,48,1,48857.09,0.0,48857.09
1693,670,50,1,32122.03,0.0,32122.03
1694,670,28,1,2077.38,0.0,2077.38
1695,671,19,2,301.26,0.0,602.52
1696,671,16,2,1147.33,0.0,2294.66
1697,671,51,3,29838.95,0.0,89516.85
1698,671,19,1,301.26,0.0,301.26
1699,672,33,1,3763.53,0.05,3575.35
1700,672,20,3,337.55,0.0,1012.65
1701,672,39,2,22252.18,0.2,35603.49
1702,673,52,3,35725.17,0.0,107175.51
1703,673,13,2,1356.94,0.0,2713.88
1704,674,7,3,11903.44,0.05,33924.8
1705,674,51,1,29838.95,0.0,29838.95
1706,674,22,2,256.1,0.0,512.2
1707,674,31,3,440.79,0.0,1322.37
1708,675,3,1,4598.39,0.05,4368.47
1709,675,43,1,1480.37,0.0,1480.37
1710,675,30,2,448.49,0.05,852.13
1711,675,27,1,1246.0,0.1,1121.4
1712,676,21,2,395.89,0.1,712.6
1713,677,15,2,1717.5,0.2,2748.0
1714,677,31,1,440.79,0.0,440.79
1715,677,37,1,20338.2,0.1,18304.38
1716,678,8,1,7478.19,0.0,7478.19
1717,679,7,1,11903.44,0.0,11903.44
1718,679,3,1,4598.39,0.0,4598.39
1719,679,50,3,32122.03,0.0,96366.09
1720,680,21,3,395.89,0.1,1068.9
1721,680,36,3,2924.06,0.1,7894.96
1722,680,15,2,1717.5,0.05,3263.25
1723,681,36,3,2924.06,0.0,8772.18
1724,681,52,1,35725.17,0.2,28580.14
1725,681,49,2,24383.87,0.0,48767.74
1726,682,51,3,29838.95,0.0,89516.85
1727,683,38,1,21688.29,0.0,21688.29
1728,684,46,2,44103.32,0.0,88206.64
1729,684,4,1,4078.93,0.0,4078.93
1730,685,29,3,438.5,0.0,1315.5
1731,685,49,1,24383.87,0.0,24383.87
1732,685,34,1,3937.59,0.05,3740.71
1733,686,51,3,29838.95,0.0,89516.85
1734,686,43,3,1480.37,0.1,3997.0
1735,687,22,2,256.1,0.1,460.98
1736,687,50,2,32122.03,0.0,64244.06
1737,688,47,2,32443.0,0.0,64886.0
1738,688,52,2,35725.17,0.1,64305.31
1739,688,12,1,5553.73,0.0,5553.73
1740,688,10,2,5058.33,0.1,9104.99
1741,689,36,1,2924.06,0.0,2924.06
1742,689,40,1,16569.14,0.1,14912.23
1743,690,30,2,448.49,0.0,896.98
1744,690,22,2,256.1,0.2,409.76
1745,690,34,3,3937.59,0.0,11812.77
1746,691,40,1,16569.14,0.0,16569.14
1747,691,5,1,7323.99,0.05,6957.79
1748,691,18,3,316.88,0.1,855.58
1749,691,34,1,3937.59,0.0,3937.59
1750,692,32,3,403.22,0.0,1209.66
1751,692,26,3,1412.65,0.0,4237.95
1752,693,38,3,21688.29,0.0,65064.87
1753,694,37,2,20338.2,0.0,40676.4
1754,695,7,1,11903.44,0.1,10713.1
1755,696,22,1,256.1,0.0,256.1
1756,697,45,3,50632.32,0.0,151896.96
1757,697,20,1,337.55,0.05,320.67
1758,697,13,1,1356.94,0.05,1289.09
1759,698,48,1,48857.09,0.0,48857.09
1760,698,16,1,1147.33,0.0,1147.33
1761,699,27,2,1246.0,0.0,2492.0
1762,699,32,1,403.22,0.0,403.22
1763,699,9,3,4533.34,0.1,12240.02
1764,700,11,2,4853.64,0.2,7765.82
1765,700,6,3,8439.67,0.2,20255.21
1766,701,32,3,403.22,0.0,1209.66
1767,701,25,1,1719.78,0.0,1719.78
1768,701,28,3,2077.38,0.0,6232.14
1769,701,42,1,1783.38,0.0,1783.38
1770,702,24,1,291.78,0.2,233.42
1771,703,36,1,2924.06,0.1,2631.65
1772,703,36,1,2924.06,0.0,2924.06
1773,704,22,3,256.1,0.2,614.64
1774,704,42,3,1783.38,0.0,5350.14
1775,705,45,3,50632.32,0.1,136707.26
1776,705,28,3,2077.38,0.05,5920.53
1777,705,7,1,11903.44,0.0,11903.44
1778,705,34,1,3937.59,0.0,3937.59
1779,706,52,3,35725.17,0.1,96457.96
1780,706,28,2,2077.38,0.2,3323.81
1781,707,22,3,256.1,0.0,768.3
1782,707,17,2,425.94,0.05,809.29
1783,707,10,2,5058.33,0.0,10116.66
1784,707,39,3,22252.18,0.05,63418.71
1785,708,47,3,32443.0,0.05,92462.55
1786,708,43,3,1480.37,0.0,4441.11
1787,708,29,3,438.5,0.05,1249.72
1788,708,30,3,448.49,0.05,1278.2
1789,709,30,3,448.49,0.0,1345.47
1790,709,41,1,1458.5,0.0,1458.5
1791,709,1,1,4311.34,0.1,3880.21
1792,710,32,2,403.22,0.1,725.8
1793,710,35,1,3039.94,0.0,3039.94
1794,711,12,1,5553.73,0.2,4442.98
1795,712,39,2,22252.18,0.1,40053.92
1796,713,21,1,395.89,0.0,395.89
1797,714,24,2,291.78,0.0,583.56
1798,714,50,1,32122.03,0.0,32122.03
1799,714,47,1,32443.0,0.0,32443.0
1800,715,21,1,395.89,0.05,376.1
1801,716,4,2,4078.93,0.0,8157.86
1802,716,36,1,2924.06,0.1,2631.65
1803,717,28,2,2077.38,0.0,4154.76
1804,718,32,3,403.22,0.1,1088.69
1805,718,17,1,425.94,0.2,340.75
1806,718,34,1,3937.59,0.05,3740.71
1807,718,9,1,4533.34,0.05,4306.67
1808,719,41,2,1458.5,0.0,2917.0
1809,719,21,3,395.89,0.05,1128.29
1810,719,27,1,1246.0,0.05,1183.7
1811,719,43,1,1480.37,0.05,1406.35
1812,720,39,2,22252.18,0.1,40053.92
1813,720,28,2,2077.38,0.05,3947.02
1814,721,31,1,440.79,0.1,396.71
1815,721,51,2,29838.95,0.0,59677.9
1816,721,15,3,1717.5,0.0,5152.5
1817,721,19,3,301.26,0.05,858.59
1818,722,43,3,1480.37,0.2,3552.89
1819,723,39,2,22252.18,0.0,44504.36
1820,723,10,2,5058.33,0.05,9610.83
1821,723,45,1,50632.32,0.0,50632.32
1822,723,22,3,256.1,0.0,768.3
1823,724,39,2,22252.18,0.05,42279.14
1824,724,49,2,24383.87,0.05,46329.35
1825,724,40,2,16569.14,0.0,33138.28
1826,725,14,2,1335.52,0.0,2671.04
1827,725,39,3,22252.18,0.0,66756.54
1828,725,12,2,5553.73,0.0,11107.46
1829,726,11,2,4853.64,0.0,9707.28
1830,726,26,1,1412.65,0.1,1271.39
1831,726,25,2,1719.78,0.1,3095.6
1832,726,14,3,1335.52,0.2,3205.25
1833,727,26,2,1412.65,0.05,2684.04
1834,728,45,2,50632.32,0.0,101264.64
1835,728,48,1,48857.09,0.1,43971.38
1836,728,42,2,1783.38,0.0,3566.76
1837,729,8,3,7478.19,0.0,22434.57
1838,730,25,2,1719.78,0.05,3267.58
1839,730,31,3,440.79,0.0,1322.37
1840,730,21,1,395.89,0.1,356.3
1841,731,10,1,5058.33,0.1,4552.5
1842,731,44,1,1675.89,0.0,1675.89
1843,731,11,2,4853.64,0.1,8736.55
1844,732,9,2,4533.34,0.0,9066.68
1845,733,29,2,438.5,0.1,789.3
1846,733,52,1,35725.17,0.0,35725.17
1847,734,51,2,29838.95,0.0,59677.9
1848,735,12,3,5553.73,0.0,16661.19
1849,736,36,2,2924.06,0.0,5848.12
1850,736,29,2,438.5,0.2,701.6
1851,737,14,2,1335.52,0.05,2537.49
1852,738,42,1,1783.38,0.0,1783.38
1853,738,37,2,20338.2,0.1,36608.76
1854,738,11,2,4853.64,0.0,9707.28
1855,738,18,2,316.88,0.1,570.38
1856,739,25,1,1719.78,0.05,1633.79
1857,739,13,3,1356.94,0.0,4070.82
1858,740,31,3,440.79,0.2,1057.9
1859,740,33,2,3763.53,0.0,7527.06
1860,740,3,3,4598.39,0.05,13105.41
1861,741,32,1,403.22,0.1,362.9
1862,741,36,2,2924.06,0.0,5848.12
1863,742,30,3,448.49,0.05,1278.2
1864,743,30,3,448.49,0.0,1345.47
1865,743,24,3,291.78,0.0,875.34
1866,744,16,2,1147.33,0.0,2294.66
1867,745,28,1,2077.38,0.0,2077.38
1868,745,24,3,291.78,0.0,875.34
1869,745,24,2,291.78,0.1,525.2
1870,745,2,2,3911.93,0.05,7432.67
1871,746,8,3,7478.19,0.2,17947.66
1872,746,51,3,29838.95,0.0,89516.85
1873,747,35,1,3039.94,0.1,2735.95
1874,748,15,2,1717.5,0.05,3263.25
1875,748,7,1,11903.44,0.05,11308.27
1876,748,2,1,3911.93,0.0,3911.93
1877,748,41,3,1458.5,0.0,4375.5
1878,749,26,3,1412.65,0.0,4237.95
1879,749,42,3,1783.38,0.0,5350.14
1880,749,33,1,3763.53,0.05,3575.35
1881,750,33,1,3763.53,0.0,3763.53
1882,750,35,2,3039.94,0.05,5775.89
1883,750,22,2,256.1,0.0,512.2
1884,751,32,1,403.22,0.0,403.22
1885,751,28,3,2077.38,0.0,6232.14
1886,752,25,1,1719.78,0.05,1633.79
1887,752,3,3,4598.39,0.2,11036.14
1888,752,27,2,1246.0,0.0,2492.0
1889,752,19,2,301.26,0.0,602.52
1890,753,18,3,316.88,0.05,903.11
1891,753,3,2,4598.39,0.0,9196.78
1892,753,31,3,440.79,0.2,1057.9
1893,753,32,3,403.22,0.05,1149.18
1894,754,39,3,22252.18,0.2,53405.23
1895,754,43,1,1480.37,0.2,1184.3
1896,755,10,3,5058.33,0.0,15174.99
1897,755,37,3,20338.2,0.0,61014.6
1898,755,11,1,4853.64,0.0,4853.64
1899,756,45,1,50632.32,0.0,50632.32
1900,756,43,1,1480.37,0.0,1480.37
1901,756,30,2,448.49,0.05,852.13
1902,756,51,2,29838.95,0.05,56694.0
1903,757,1,2,4311.34,0.05,8191.55
1904,757,6,3,8439.67,0.1,22787.11
1905,757,14,3,1335.52,0.0,4006.56
1906,757,47,2,32443.0,0.0,64886.0
1907,758,18,1,316.88,0.0,316.88
1908,758,47,3,32443.0,0.05,92462.55
1909,758,8,2,7478.19,0.0,14956.38
1910,758,49,3,24383.87,0.1,65836.45
1911,759,25,1,1719.78,0.0,1719.78
1912,759,51,2,29838.95,0.0,59677.9
1913,759,21,3,395.89,0.0,1187.67
1914,760,44,1,1675.89,0.0,1675.89
1915,760,51,3,29838.95,0.05,85041.01
1916,760,47,1,32443.0,0.0,32443.0
1917,761,8,2,7478.19,0.0,14956.38
1918,761,17,3,425.94,0.2,1022.26
1919,761,44,2,1675.89,0.0,3351.78
1920,761,28,2,2077.38,0.0,4154.76
1921,762,50,3,32122.03,0.0,96366.09
1922,763,14,2,1335.52,0.0,2671.04
1923,763,29,2,438.5,0.05,833.15
1924,764,45,1,50632.32,0.0,50632.32
1925,764,47,1,32443.0,0.05,30820.85
1926,764,23,3,381.96,0.0,1145.88
1927,765,4,3,4078.93,0.0,12236.79
1928,765,33,2,3763.53,0.0,7527.06
1929,766,51,2,29838.95,0.1,53710.11
1930,767,5,3,7323.99,0.1,19774.77
1931,767,37,3,20338.2,0.05,57963.87
1932,767,50,1,32122.03,0.0,32122.03
1933,768,46,2,44103.32,0.1,79385.98
1934,769,4,2,4078.93,0.05,7749.97
1935,769,41,3,1458.5,0.0,4375.5
1936,769,48,1,48857.09,0.0,48857.09
1937,770,43,1,1480.37,0.0,1480.37
1938,771,37,2,20338.2,0.0,40676.4
1939,771,2,3,3911.93,0.1,10562.21
1940,772,15,2,1717.5,0.1,3091.5
1941,772,35,1,3039.94,0.0,3039.94
1942,772,34,1,3937.59,0.1,3543.83
1943,772,50,2,32122.03,0.0,64244.06
1944,773,12,1,5553.73,0.0,5553.73
1945,774,36,1,2924.06,0.1,2631.65
1946,775,27,3,1246.0,0.0,3738.0
1947,776,24,1,291.78,0.1,262.6
1948,776,40,1,16569.14,0.0,16569.14
1949,776,26,3,1412.65,0.0,4237.95
1950,776,30,1,448.49,0.05,426.07
1951,777,2,1,3911.93,0.1,3520.74
1952,778,26,1,1412.65,0.0,1412.65
1953,778,20,2,337.55,0.0,675.1
1954,779,17,2,425.94,0.05,809.29
1955,779,6,1,8439.67,0.1,7595.7
1956,779,41,2,1458.5,0.2,2333.6
1957,779,14,3,1335.52,0.0,4006.56
1958,780,46,3,44103.32,0.2,105847.97
1959,780,42,1,1783.38,0.2,1426.7
1960,781,49,1,24383.87,0.0,24383.87
1961,781,38,2,21688.29,0.0,43376.58
1962,781,47,3,32443.0,0.0,97329.0
1963,782,34,2,3937.59,0.05,7481.42
1964,782,50,2,32122.03,0.2,51395.25
1965,783,1,3,4311.34,0.1,11640.62
1966,783,5,1,7323.99,0.0,7323.99
1967,783,15,2,1717.5,0.0,3435.0
1968,784,27,3,1246.0,0.0,3738.0
1969,784,52,3,35725.17,0.0,107175.51
1970,785,43,1,1480.37,0.1,1332.33
1971,786,41,3,1458.5,0.0,4375.5
1972,786,49,1,24383.87,0.0,24383.87
1973,787,38,1,21688.29,0.05,20603.88
1974,787,3,1,4598.39,0.1,4138.55
1975,788,32,2,403.22,0.2,645.15
1976,789,17,2,425.94,0.0,851.88
1977,790,28,2,2077.38,0.2,3323.81
1978,790,33,1,3763.53,0.1,3387.18
1979,791,17,1,425.94,0.0,425.94
1980,791,49,1,24383.87,0.1,21945.48
1981,791,49,3,24383.87,0.2,58521.29
1982,792,31,2,440.79,0.0,881.58
1983,792,23,1,381.96,0.0,381.96
1984,793,28,3,2077.38,0.0,6232.14
1985,794,29,2,438.5,0.0,877.0
1986,795,48,3,48857.09,0.0,146571.27
1987,796,37,2,20338.2,0.0,40676.4
1988,796,36,2,2924.06,0.1,5263.31
1989,796,38,1,21688.29,0.05,20603.88
1990,797,6,2,8439.67,0.2,13503.47
1991,797,12,3,5553.73,0.05,15828.13
1992,798,33,3,3763.53,0.1,10161.53
1993,798,49,1,24383.87,0.0,24383.87
1994,799,5,1,7323.99,0.1,6591.59
1995,799,38,3,21688.29,0.05,61811.63
1996,800,47,1,32443.0,0.2,25954.4
1997,800,41,3,1458.5,0.2,3500.4
1998,800,5,3,7323.99,0.0,21971.97
1999,801,50,1,32122.03,0.2,25697.62
2000,802,8,3,7478.19,0.2,17947.66
2001,802,42,2,1783.38,0.1,3210.08
2002,802,19,1,301.26,0.05,286.2
2003,803,12,1,5553.73,0.0,5553.73
2004,803,21,1,395.89,0.2,316.71
2005,803,24,1,291.78,0.05,277.19
2006,803,8,1,7478.19,0.0,7478.19
2007,804,47,1,32443.0,0.05,30820.85
2008,805,33,1,3763.53,0.05,3575.35
2009,805,21,1,395.89,0.05,376.1
2010,806,27,1,1246.0,0.0,1246.0
2011,807,7,3,11903.44,0.05,33924.8
2012,807,17,1,425.94,0.0,425.94
2013,808,22,3,256.1,0.0,768.3
2014,809,1,1,4311.34,0.0,4311.34
2015,809,41,1,1458.5,0.1,1312.65
2016,809,8,2,7478.19,0.0,14956.38
2017,810,51,2,29838.95,0.0,59677.9
2018,811,35,1,3039.94,0.0,3039.94
2019,811,3,2,4598.39,0.1,8277.1
2020,811,18,2,316.88,0.0,633.76
2021,811,26,3,1412.65,0.0,4237.95
2022,812,48,1,48857.09,0.0,48857.09
2023,812,5,3,7323.99,0.0,21971.97
2024,812,43,2,1480.37,0.05,2812.7
2025,812,4,3,4078.93,0.0,12236.79
2026,813,8,1,7478.19,0.05,7104.28
2027,813,7,1,11903.44,0.0,11903.44
2028,813,4,3,4078.93,0.0,12236.79
2029,814,4,2,4078.93,0.0,8157.86
2030,814,23,3,381.96,0.05,1088.59
2031,815,32,3,403.22,0.0,1209.66
2032,815,50,2,32122.03,0.2,51395.25
2033,815,23,2,381.96,0.0,763.92
2034,816,37,2,20338.2,0.0,40676.4
2035,816,30,3,448.49,0.1,1210.92
2036,817,39,1,22252.18,0.05,21139.57
2037,817,4,3,4078.93,0.1,11013.11
2038,818,47,1,32443.0,0.0,32443.0
2039,818,23,3,381.96,0.0,1145.88
2040,818,11,1,4853.64,0.0,4853.64
2041,818,46,1,44103.32,0.0,44103.32
2042,819,3,3,4598.39,0.2,11036.14
2043,819,23,3,381.96,0.0,1145.88
2044,820,17,3,425.94,0.0,1277.82
2045,821,42,2,1783.38,0.05,3388.42
2046,822,21,2,395.89,0.1,712.6
2047,823,27,3,1246.0,0.05,3551.1
2048,823,49,2,24383.87,0.0,48767.74
2049,823,1,1,4311.34,0.1,3880.21
2050,823,39,3,22252.18,0.0,66756.54
2051,824,35,3,3039.94,0.0,9119.82
2052,824,41,1,1458.5,0.0,1458.5
2053,824,7,1,11903.44,0.0,11903.44
2054,824,41,3,1458.5,0.05,4156.72
2055,825,30,2,448.49,0.05,852.13
2056,825,35,1,3039.94,0.05,2887.94
2057,826,30,2,448.49,0.0,896.98
2058,826,32,2,403.22,0.1,725.8
2059,827,17,1,425.94,0.0,425.94
2060,828,11,1,4853.64,0.0,4853.64
2061,828,51,1,29838.95,0.0,29838.95
2062,829,41,2,1458.5,0.0,2917.0
2063,829,47,3,32443.0,0.0,97329.0
2064,829,50,3,32122.03,0.1,86729.48
2065,830,50,3,32122.03,0.0,96366.09
2066,830,23,2,381.96,0.0,763.92
2067,830,21,2,395.89,0.0,791.78
2068,830,25,1,1719.78,0.0,1719.78
2069,831,30,2,448.49,0.0,896.98
2070,831,32,2,403.22,0.0,806.44
2071,831,1,1,4311.34,0.0,4311.34
2072,831,26,3,1412.65,0.05,4026.05
2073,832,47,3,32443.0,0.0,97329.0
2074,832,33,1,3763.53,0.0,3763.53
2075,833,20,3,337.55,0.0,1012.65
2076,833,13,3,1356.94,0.0,4070.82
2077,833,23,3,381.96,0.0,1145.88
2078,834,40,3,16569.14,0.05,47222.05
2079,834,39,1,22252.18,0.1,20026.96
2080,835,11,2,4853.64,0.0,9707.28
2081,836,32,1,403.22,0.1,362.9
2082,836,26,1,1412.65,0.0,1412.65
2083,836,1,3,4311.34,0.2,10347.22
2084,836,15,3,1717.5,0.05,4894.88
2085,837,18,3,316.88,0.0,950.64
2086,837,27,1,1246.0,0.0,1246.0
2087,837,34,1,3937.59,0.05,3740.71
2088,838,30,2,448.49,0.05,852.13
2089,838,17,3,425.94,0.0,1277.82
2090,838,42,2,1783.38,0.05,3388.42
2091,839,48,1,48857.09,0.1,43971.38
2092,839,21,2,395.89,0.1,712.6
2093,840,19,3,301.26,0.0,903.78
2094,840,25,3,1719.78,0.2,4127.47
2095,840,25,3,1719.78,0.0,5159.34
2096,840,41,3,1458.5,0.0,4375.5
2097,841,14,1,1335.52,0.05,1268.74
2098,841,14,3,1335.52,0.0,4006.56
2099,842,52,1,35725.17,0.0,35725.17
2100,842,27,1,1246.0,0.0,1246.0
2101,842,10,1,5058.33,0.0,5058.33
2102,843,49,3,24383.87,0.0,73151.61
2103,843,31,3,440.79,0.0,1322.37
2104,844,22,1,256.1,0.1,230.49
2105,844,19,2,301.26,0.0,602.52
2106,844,25,2,1719.78,0.0,3439.56
2107,844,7,2,11903.44,0.05,22616.54
2108,845,34,1,3937.59,0.2,3150.07
2109,845,9,3,4533.34,0.0,13600.02
2110,845,22,1,256.1,0.0,256.1
2111,846,48,3,48857.09,0.1,131914.14
2112,846,51,1,29838.95,0.0,29838.95
2113,846,23,3,381.96,0.0,1145.88
2114,846,33,1,3763.53,0.0,3763.53
2115,847,51,1,29838.95,0.05,28347.0
2116,847,5,3,7323.99,0.05,20873.37
2117,848,22,2,256.1,0.0,512.2
2118,848,16,3,1147.33,0.0,3441.99
2119,848,29,1,438.5,0.1,394.65
2120,848,25,1,1719.78,0.0,1719.78
2121,849,35,1,3039.94,0.1,2735.95
2122,849,26,2,1412.65,0.0,2825.3
2123,850,47,2,32443.0,0.0,64886.0
2124,851,23,2,381.96,0.0,763.92
2125,851,45,1,50632.32,0.05,48100.7
2126,851,48,3,48857.09,0.0,146571.27
2127,852,6,3,8439.67,0.0,25319.01
2128,852,43,2,1480.37,0.0,2960.74
2129,852,15,3,1717.5,0.2,4122.0
2130,853,49,2,24383.87,0.0,48767.74
2131,854,21,3,395.89,0.1,1068.9
2132,855,25,2,1719.78,0.0,3439.56
2133,855,47,3,32443.0,0.05,92462.55
2134,855,12,1,5553.73,0.1,4998.36
2135,856,39,3,22252.18,0.1,60080.89
2136,856,21,1,395.89,0.0,395.89
2137,856,38,2,21688.29,0.05,41207.75
2138,856,37,1,20338.2,0.05,19321.29
2139,857,43,1,1480.37,0.0,1480.37
2140,857,9,3,4533.34,0.05,12920.02
2141,858,1,1,4311.34,0.0,4311.34
2142,858,45,1,50632.32,0.0,50632.32
2143,859,31,1,440.79,0.2,352.63
2144,859,13,2,1356.94,0.1,2442.49
2145,859,31,2,440.79,0.2,705.26
2146,859,1,2,4311.34,0.0,8622.68
2147,860,30,3,448.49,0.05,1278.2
2148,860,52,1,35725.17,0.0,35725.17
2149,860,9,2,4533.34,0.0,9066.68
2150,860,52,3,35725.17,0.0,107175.51
2151,861,3,3,4598.39,0.1,12415.65
2152,862,34,3,3937.59,0.1,10631.49
2153,863,10,1,5058.33,0.0,5058.33
2154,864,12,3,5553.73,0.0,16661.19
2155,864,16,1,1147.33,0.1,1032.6
2156,864,14,1,1335.52,0.0,1335.52
2157,865,23,2,381.96,0.0,763.92
2158,865,36,1,2924.06,0.05,2777.86
2159,866,32,2,403.22,0.05,766.12
2160,866,23,2,381.96,0.0,763.92
2161,867,33,3,3763.53,0.0,11290.59
2162,867,8,2,7478.19,0.05,14208.56
2163,868,30,3,448.49,0.05,1278.2
2164,868,2,3,3911.93,0.05,11149.0
2165,869,40,1,16569.14,0.1,14912.23
2166,870,44,1,1675.89,0.05,1592.1
2167,870,8,2,7478.19,0.1,13460.74
2168,871,27,1,1246.0,0.0,1246.0
2169,872,19,3,301.26,0.0,903.78
2170,872,47,2,32443.0,0.1,58397.4
2171,872,9,3,4533.34,0.0,13600.02
2172,872,52,1,35725.17,0.0,35725.17
2173,873,41,1,1458.5,0.0,1458.5
2174,873,47,3,32443.0,0.0,97329.0
2175,873,34,1,3937.59,0.0,3937.59
2176,874,17,3,425.94,0.05,1213.93
2177,874,31,3,440.79,0.0,1322.37
2178,874,41,2,1458.5,0.05,2771.15
2179,875,47,2,32443.0,0.05,61641.7
2180,876,46,3,44103.32,0.1,119078.96
2181,877,26,1,1412.65,0.05,1342.02
2182,877,50,2,32122.03,0.0,64244.06
2183,877,41,3,1458.5,0.0,4375.5
2184,878,26,2,1412.65,0.1,2542.77
2185,878,8,1,7478.19,0.0,7478.19
2186,878,5,3,7323.99,0.05,20873.37
2187,878,17,1,425.94,0.05,404.64
2188,879,31,1,440.79,0.0,440.79
2189,879,37,1,20338.2,0.0,20338.2
2190,879,22,2,256.1,0.05,486.59
2191,879,25,3,1719.78,0.0,5159.34
2192,880,25,2,1719.78,0.1,3095.6
2193,881,36,1,2924.06,0.0,2924.06
2194,882,4,3,4078.93,0.1,11013.11
2195,882,32,2,403.22,0.05,766.12
2196,883,26,1,1412.65,0.1,1271.39
2197,883,49,2,24383.87,0.1,43890.97
2198,883,46,3,44103.32,0.1,119078.96
2199,883,33,3,3763.53,0.0,11290.59
2200,884,25,3,1719.78,0.05,4901.37
2201,884,49,3,24383.87,0.1,65836.45
2202,885,48,3,48857.09,0.0,146571.27
2203,885,17,3,425.94,0.2,1022.26
2204,885,43,1,1480.37,0.0,1480.37
2205,886,24,1,291.78,0.0,291.78
2206,886,15,2,1717.5,0.05,3263.25
2207,887,11,2,4853.64,0.0,9707.28
2208,887,52,1,35725.17,0.0,35725.17
2209,887,30,3,448.49,0.0,1345.47
2210,887,16,2,1147.33,0.1,2065.19
2211,888,11,2,4853.64,0.0,9707.28
2212,888,45,2,50632.32,0.0,101264.64
2213,888,10,1,5058.33,0.05,4805.41
2214,889,37,1,20338.2,0.1,18304.38
2215,889,18,2,316.88,0.0,633.76
2216,889,1,2,4311.34,0.0,8622.68
2217,890,8,1,7478.19,0.0,7478.19
2218,890,4,3,4078.93,0.05,11624.95
2219,890,52,2,35725.17,0.2,57160.27
2220,890,46,2,44103.32,0.0,88206.64
2221,891,15,1,1717.5,0.0,1717.5
2222,891,12,1,5553.73,0.1,4998.36
2223,892,6,1,8439.67,0.0,8439.67
2224,892,10,2,5058.33,0.0,10116.66
2225,892,20,3,337.55,0.0,1012.65
2226,893,3,1,4598.39,0.0,4598.39
2227,893,6,1,8439.67,0.0,8439.67
2228,893,23,3,381.96,0.05,1088.59
2229,894,31,2,440.79,0.0,881.58
2230,894,17,1,425.94,0.05,404.64
2231,894,51,1,29838.95,0.05,28347.0
2232,894,9,2,4533.34,0.0,9066.68
2233,895,29,3,438.5,0.0,1315.5
2234,895,30,2,448.49,0.05,852.13
2235,896,46,3,44103.32,0.0,132309.96
2236,896,39,3,22252.18,0.0,66756.54
2237,896,40,3,16569.14,0.0,49707.42
2238,897,34,3,3937.59,0.1,10631.49
2239,897,13,2,1356.94,0.0,2713.88
2240,897,2,1,3911.93,0.05,3716.33
2241,898,42,1,1783.38,0.0,1783.38
2242,898,9,2,4533.34,0.0,9066.68
2243,898,26,3,1412.65,0.0,4237.95
2244,898,18,1,316.88,0.0,316.88
2245,899,27,3,1246.0,0.0,3738.0
2246,899,1,2,4311.34,0.0,8622.68
2247,899,14,2,1335.52,0.1,2403.94
2248,900,10,2,5058.33,0.1,9104.99
2249,901,44,2,1675.89,0.1,3016.6
2250,901,5,2,7323.99,0.0,14647.98
2251,901,18,3,316.88,0.0,950.64
2252,901,20,1,337.55,0.0,337.55
2253,902,33,1,3763.53,0.1,3387.18
2254,902,7,2,11903.44,0.05,22616.54
2255,903,12,1,5553.73,0.1,4998.36
2256,903,29,3,438.5,0.0,1315.5
2257,904,40,3,16569.14,0.0,49707.42
2258,905,35,3,3039.94,0.0,9119.82
2259,906,8,1,7478.19,0.0,7478.19
2260,906,43,2,1480.37,0.2,2368.59
2261,906,7,3,11903.44,0.05,33924.8
2262,906,11,2,4853.64,0.0,9707.28
2263,907,48,1,48857.09,0.0,48857.09
2264,908,15,1,1717.5,0.1,1545.75
2265,908,7,3,11903.44,0.0,35710.32
2266,908,24,3,291.78,0.0,875.34
2267,909,28,1,2077.38,0.0,2077.38
2268,909,34,3,3937.59,0.05,11222.13
2269,909,49,2,24383.87,0.0,48767.74
2270,910,11,2,4853.64,0.0,9707.28
2271,910,2,2,3911.93,0.0,7823.86
2272,910,31,1,440.79,0.0,440.79
2273,911,27,2,1246.0,0.0,2492.0
2274,911,49,1,24383.87,0.0,24383.87
2275,912,6,3,8439.67,0.0,25319.01
2276,912,47,3,32443.0,0.05,92462.55
2277,913,33,2,3763.53,0.2,6021.65
2278,913,4,3,4078.93,0.0,12236.79
2279,913,40,2,16569.14,0.05,31481.37
2280,913,23,2,381.96,0.2,611.14
2281,914,49,3,24383.87,0.2,58521.29
2282,914,19,3,301.26,0.0,903.78
2283,914,34,2,3937.59,0.2,6300.14
2284,914,2,1,3911.93,0.0,3911.93
2285,915,32,1,403.22,0.0,403.22
2286,915,33,3,3763.53,0.0,11290.59
2287,915,36,2,2924.06,0.1,5263.31
2288,916,12,3,5553.73,0.1,14995.07
2289,916,22,2,256.1,0.1,460.98
2290,916,4,1,4078.93,0.05,3874.98
2291,917,11,2,4853.64,0.05,9221.92
2292,917,15,2,1717.5,0.05,3263.25
2293,917,1,2,4311.34,0.0,8622.68
2294,917,4,3,4078.93,0.0,12236.79
2295,918,17,1,425.94,0.0,425.94
2296,918,11,3,4853.64,0.05,13832.87
2297,919,52,3,35725.17,0.0,107175.51
2298,919,42,3,1783.38,0.1,4815.13
2299,919,44,3,1675.89,0.0,5027.67
2300,919,41,1,1458.5,0.0,1458.5
2301,920,32,2,403.22,0.0,806.44
2302,920,34,1,3937.59,0.0,3937.59
2303,920,25,1,1719.78,0.1,1547.8
2304,920,34,2,3937.59,0.0,7875.18
2305,921,49,3,24383.87,0.0,73151.61
2306,921,42,3,1783.38,0.0,5350.14
2307,922,6,3,8439.67,0.1,22787.11
2308,922,45,2,50632.32,0.05,96201.41
2309,923,43,3,1480.37,0.2,3552.89
2310,924,7,1,11903.44,0.05,11308.27
2311,924,12,2,5553.73,0.0,11107.46
2312,924,33,3,3763.53,0.05,10726.06
2313,924,45,2,50632.32,0.1,91138.18
2314,925,13,3,1356.94,0.0,4070.82
2315,925,15,3,1717.5,0.0,5152.5
2316,925,20,3,337.55,0.2,810.12
2317,926,4,1,4078.93,0.05,3874.98
2318,926,51,3,29838.95,0.1,80565.17
2319,926,52,1,35725.17,0.0,35725.17
2320,926,13,1,1356.94,0.1,1221.25
2321,927,12,3,5553.73,0.0,16661.19
2322,927,7,3,11903.44,0.0,35710.32
2323,928,43,1,1480.37,0.0,1480.37
2324,928,30,2,448.49,0.0,896.98
2325,928,28,2,2077.38,0.0,4154.76
2326,929,28,2,2077.38,0.05,3947.02
2327,929,30,1,448.49,0.0,448.49
2328,929,10,2,5058.33,0.0,10116.66
2329,929,27,1,1246.0,0.1,1121.4
2330,930,23,2,381.96,0.1,687.53
2331,930,39,2,22252.18,0.0,44504.36
2332,930,33,3,3763.53,0.0,11290.59
2333,930,27,1,1246.0,0.0,1246.0
2334,931,2,2,3911.93,0.0,7823.86
2335,931,48,3,48857.09,0.0,146571.27
2336,931,32,3,403.22,0.0,1209.66
2337,932,15,1,1717.5,0.0,1717.5
2338,932,17,2,425.94,0.05,809.29
2339,932,27,2,1246.0,0.0,2492.0
2340,932,47,2,32443.0,0.0,64886.0
2341,933,47,1,32443.0,0.1,29198.7
2342,933,28,3,2077.38,0.05,5920.53
2343,933,40,3,16569.14,0.0,49707.42
2344,933,5,3,7323.99,0.0,21971.97
2345,934,11,1,4853.64,0.0,4853.64
2346,935,14,1,1335.52,0.0,1335.52
2347,935,43,3,1480.37,0.1,3997.0
2348,935,30,1,448.49,0.0,448.49
2349,935,35,3,3039.94,0.0,9119.82
2350,936,24,3,291.78,0.0,875.34
2351,936,7,2,11903.44,0.0,23806.88
2352,937,48,3,48857.09,0.05,139242.71
2353,937,34,2,3937.59,0.0,7875.18
2354,938,34,1,3937.59,0.0,3937.59
2355,938,52,3,35725.17,0.2,85740.41
2356,938,40,1,16569.14,0.2,13255.31
2357,938,42,1,1783.38,0.05,1694.21
2358,939,5,1,7323.99,0.0,7323.99
2359,939,23,3,381.96,0.1,1031.29
2360,939,3,1,4598.39,0.0,4598.39
2361,940,4,3,4078.93,0.0,12236.79
2362,940,25,3,1719.78,0.1,4643.41
2363,940,24,1,291.78,0.2,233.42
2364,941,51,1,29838.95,0.0,29838.95
2365,941,52,2,35725.17,0.0,71450.34
2366,942,43,3,1480.37,0.1,3997.0
2367,942,46,2,44103.32,0.0,88206.64
2368,942,8,1,7478.19,0.1,6730.37
2369,943,4,1,4078.93,0.1,3671.04
2370,943,24,1,291.78,0.0,291.78
2371,943,32,1,403.22,0.0,403.22
2372,944,51,3,29838.95,0.0,89516.85
2373,945,11,3,4853.64,0.05,13832.87
2374,945,9,3,4533.34,0.0,13600.02
2375,946,15,1,1717.5,0.1,1545.75
2376,946,32,2,403.22,0.2,645.15
2377,946,24,1,291.78,0.0,291.78
2378,947,33,3,3763.53,0.05,10726.06
2379,947,16,3,1147.33,0.05,3269.89
2380,948,34,1,3937.59,0.2,3150.07
2381,948,41,2,1458.5,0.05,2771.15
2382,948,26,3,1412.65,0.0,4237.95
2383,948,41,2,1458.5,0.0,2917.0
2384,949,16,1,1147.33,0.1,1032.6
2385,949,41,2,1458.5,0.0,2917.0
2386,949,31,1,440.79,0.0,440.79
2387,949,40,2,16569.14,0.0,33138.28
2388,950,14,3,1335.52,0.0,4006.56
2389,950,22,1,256.1,0.0,256.1
2390,951,42,2,1783.38,0.0,3566.76
2391,952,1,2,4311.34,0.0,8622.68
2392,952,12,2,5553.73,0.0,11107.46
2393,952,39,1,22252.18,0.05,21139.57
2394,952,4,2,4078.93,0.0,8157.86
2395,953,5,2,7323.99,0.0,14647.98
2396,953,34,1,3937.59,0.0,3937.59
2397,954,3,2,4598.39,0.05,8736.94
2398,955,5,2,7323.99,0.0,14647.98
2399,955,24,3,291.78,0.0,875.34
2400,956,41,3,1458.5,0.1,3937.95
2401,957,32,2,403.22,0.0,806.44
2402,957,28,2,2077.38,0.0,4154.76
2403,958,12,3,5553.73,0.1,14995.07
2404,959,22,2,256.1,0.0,512.2
2405,960,47,3,32443.0,0.2,77863.2
2406,960,6,2,8439.67,0.0,16879.34
2407,960,46,1,44103.32,0.0,44103.32
2408,960,25,2,1719.78,0.0,3439.56
2409,961,48,2,48857.09,0.0,97714.18
2410,961,36,2,2924.06,0.0,5848.12
2411,961,33,2,3763.53,0.0,7527.06
2412,962,33,2,3763.53,0.05,7150.71
2413,962,29,1,438.5,0.2,350.8
2414,962,9,2,4533.34,0.05,8613.35
2415,962,48,2,48857.09,0.0,97714.18
2416,963,42,2,1783.38,0.1,3210.08
2417,963,46,1,44103.32,0.05,41898.15
2418,964,22,1,256.1,0.0,256.1
2419,965,10,1,5058.33,0.0,5058.33
2420,965,24,1,291.78,0.2,233.42
2421,965,15,2,1717.5,0.0,3435.0
2422,966,29,2,438.5,0.1,789.3
2423,966,47,3,32443.0,0.1,87596.1
2424,966,6,1,8439.67,0.05,8017.69
2425,967,33,3,3763.53,0.2,9032.47
2426,967,48,3,48857.09,0.0,146571.27
2427,968,23,2,381.96,0.0,763.92
2428,968,36,1,2924.06,0.1,2631.65
2429,968,13,2,1356.94,0.1,2442.49
2430,968,10,3,5058.33,0.1,13657.49
2431,969,39,3,22252.18,0.05,63418.71
2432,969,48,1,48857.09,0.1,43971.38
2433,969,26,1,1412.65,0.1,1271.39
2434,970,9,2,4533.34,0.1,8160.01
2435,971,42,2,1783.38,0.05,3388.42
2436,971,39,2,22252.18,0.0,44504.36
2437,971,32,1,403.22,0.0,403.22
2438,971,27,1,1246.0,0.2,996.8
2439,972,19,3,301.26,0.0,903.78
2440,973,28,1,2077.38,0.0,2077.38
2441,973,36,2,2924.06,0.0,5848.12
2442,973,47,3,32443.0,0.0,97329.0
2443,974,31,3,440.79,0.0,1322.37
2444,975,27,3,1246.0,0.0,3738.0
2445,975,49,2,24383.87,0.0,48767.74
2446,975,19,1,301.26,0.0,301.26
2447,976,12,1,5553.73,0.05,5276.04
2448,976,44,1,1675.89,0.0,1675.89
2449,977,5,3,7323.99,0.05,20873.37
2450,977,28,3,2077.38,0.0,6232.14
2451,978,25,2,1719.78,0.05,3267.58
2452,978,7,2,11903.44,0.0,23806.88
2453,979,1,2,4311.34,0.2,6898.14
2454,980,43,2,1480.37,0.0,2960.74
2455,980,5,2,7323.99,0.2,11718.38
2456,981,3,2,4598.39,0.0,9196.78
2457,981,27,1,1246.0,0.05,1183.7
2458,981,24,2,291.78,0.0,583.56
2459,982,41,1,1458.5,0.1,1312.65
2460,983,24,2,291.78,0.0,583.56
2461,983,49,3,24383.87,0.0,73151.61
2462,984,17,2,425.94,0.1,766.69
2463,984,37,2,20338.2,0.05,38642.58
2464,984,31,1,440.79,0.0,440.79
2465,984,21,2,395.89,0.0,791.78
2466,985,24,2,291.78,0.05,554.38
2467,986,15,3,1717.5,0.05,4894.88
2468,987,50,1,32122.03,0.0,32122.03
2469,987,41,2,1458.5,0.05,2771.15
2470,988,37,2,20338.2,0.05,38642.58
2471,988,42,3,1783.38,0.05,5082.63
2472,988,30,2,448.49,0.1,807.28
2473,988,32,2,403.22,0.0,806.44
2474,989,13,1,1356.94,0.05,1289.09
2475,989,11,3,4853.64,0.1,13104.83
2476,989,2,3,3911.93,0.0,11735.79
2477,989,52,2,35725.17,0.1,64305.31
2478,990,9,2,4533.34,0.1,8160.01
2479,990,25,3,1719.78,0.0,5159.34
2480,990,20,1,337.55,0.0,337.55
2481,990,28,3,2077.38,0.0,6232.14
2482,991,25,1,1719.78,0.0,1719.78
2483,991,49,3,24383.87,0.0,73151.61
2484,991,11,2,4853.64,0.0,9707.28
2485,991,13,1,1356.94,0.0,1356.94
2486,992,5,1,7323.99,0.0,7323.99
2487,992,14,1,1335.52,0.05,1268.74
2488,993,22,3,256.1,0.2,614.64
2489,994,20,3,337.55,0.0,1012.65
2490,994,26,2,1412.65,0.2,2260.24
2491,994,21,2,395.89,0.0,791.78
2492,994,2,1,3911.93,0.2,3129.54
2493,995,34,1,3937.59,0.0,3937.59
2494,995,22,2,256.1,0.0,512.2
2495,996,2,1,3911.93,0.0,3911.93
2496,997,15,3,1717.5,0.2,4122.0
2497,998,18,1,316.88,0.0,316.88
2498,999,36,3,2924.06,0.0,8772.18
2499,1000,47,3,32443.0,0.0,97329.0
2500,1000,1,2,4311.34,0.0,8622.68
2501,1001,39,2,22252.18,0.0,44504.36
2502,1001,33,1,3763.53,0.0,3763.53
2503,1001,47,1,32443.0,0.05,30820.85
2504,1001,24,3,291.78,0.1,787.81
2505,1002,21,3,395.89,0.0,1187.67
2506,1002,11,2,4853.64,0.1,8736.55
2507,1002,16,2,1147.33,0.0,2294.66
2508,1003,15,3,1717.5,0.05,4894.88
2509,1003,27,1,1246.0,0.05,1183.7
2510,1004,13,1,1356.94,0.1,1221.25
2511,1004,13,3,1356.94,0.0,4070.82
2512,1004,40,3,16569.14,0.0,49707.42
2513,1005,51,1,29838.95,0.2,23871.16
2514,1005,52,2,35725.17,0.0,71450.34
2515,1005,26,2,1412.65,0.2,2260.24
2516,1006,45,2,50632.32,0.05,96201.41
2517,1006,45,2,50632.32,0.05,96201.41
2518,1007,45,2,50632.32,0.1,91138.18
2519,1007,4,2,4078.93,0.1,7342.07
2520,1008,18,2,316.88,0.05,602.07
2521,1008,12,1,5553.73,0.05,5276.04
2522,1008,25,1,1719.78,0.1,1547.8
2523,1009,24,3,291.78,0.05,831.57
2524,1010,6,2,8439.67,0.0,16879.34
2525,1010,49,3,24383.87,0.2,58521.29
2526,1011,28,2,2077.38,0.05,3947.02
2527,1012,43,3,1480.37,0.0,4441.11
2528,1012,28,2,2077.38,0.05,3947.02
2529,1012,22,1,256.1,0.1,230.49
2530,1013,26,3,1412.65,0.0,4237.95
2531,1013,43,3,1480.37,0.0,4441.11
2532,1013,47,3,32443.0,0.0,97329.0
2533,1013,40,2,16569.14,0.0,33138.28
2534,1014,16,1,1147.33,0.0,1147.33
2535,1015,51,2,29838.95,0.0,59677.9
2536,1015,44,1,1675.89,0.05,1592.1
2537,1015,8,1,7478.19,0.0,7478.19
2538,1016,44,3,1675.89,0.0,5027.67
2539,1017,34,3,3937.59,0.2,9450.22
2540,1017,48,2,48857.09,0.05,92828.47
2541,1017,34,1,3937.59,0.1,3543.83
2542,1018,19,3,301.26,0.05,858.59
2543,1018,47,2,32443.0,0.0,64886.0
2544,1018,3,2,4598.39,0.1,8277.1
2545,1019,20,2,337.55,0.0,675.1
2546,1019,9,3,4533.34,0.0,13600.02
2547,1019,41,2,1458.5,0.0,2917.0
2548,1019,23,3,381.96,0.05,1088.59
2549,1020,29,1,438.5,0.0,438.5
2550,1020,23,2,381.96,0.0,763.92
2551,1020,50,3,32122.03,0.1,86729.48
2552,1020,3,3,4598.39,0.0,13795.17
2553,1021,18,3,316.88,0.0,950.64
2554,1022,20,1,337.55,0.0,337.55
2555,1022,14,1,1335.52,0.2,1068.42
2556,1022,32,2,403.22,0.0,806.44
2557,1022,16,1,1147.33,0.05,1089.96
2558,1023,37,2,20338.2,0.05,38642.58
2559,1024,30,3,448.49,0.0,1345.47
2560,1025,16,2,1147.33,0.0,2294.66
2561,1025,9,1,4533.34,0.0,4533.34
2562,1026,44,2,1675.89,0.1,3016.6
2563,1026,15,3,1717.5,0.2,4122.0
2564,1027,42,2,1783.38,0.0,3566.76
2565,1028,21,3,395.89,0.0,1187.67
2566,1028,50,3,32122.03,0.0,96366.09
2567,1028,43,3,1480.37,0.0,4441.11
2568,1028,30,2,448.49,0.05,852.13
2569,1029,39,2,22252.18,0.05,42279.14
2570,1029,17,3,425.94,0.0,1277.82
2571,1030,46,2,44103.32,0.2,70565.31
2572,1030,49,1,24383.87,0.0,24383.87
2573,1031,1,1,4311.34,0.1,3880.21
2574,1032,35,1,3039.94,0.05,2887.94
2575,1032,1,1,4311.34,0.1,3880.21
2576,1032,43,2,1480.37,0.05,2812.7
2577,1033,40,2,16569.14,0.0,33138.28
2578,1033,7,3,11903.44,0.0,35710.32
2579,1033,46,2,44103.32,0.0,88206.64
2580,1033,9,2,4533.34,0.0,9066.68
2581,1034,2,2,3911.93,0.0,7823.86
2582,1034,15,1,1717.5,0.1,1545.75
2583,1035,39,1,22252.18,0.2,17801.74
2584,1035,10,1,5058.33,0.1,4552.5
2585,1036,42,3,1783.38,0.0,5350.14
2586,1037,23,1,381.96,0.0,381.96
2587,1038,45,1,50632.32,0.0,50632.32
2588,1038,27,3,1246.0,0.05,3551.1
2589,1038,21,2,395.89,0.0,791.78
2590,1038,42,3,1783.38,0.05,5082.63
2591,1039,8,3,7478.19,0.0,22434.57
2592,1040,2,1,3911.93,0.0,3911.93
2593,1040,20,3,337.55,0.0,1012.65
2594,1041,46,2,44103.32,0.05,83796.31
2595,1041,12,2,5553.73,0.1,9996.71
2596,1042,1,1,4311.34,0.0,4311.34
2597,1043,21,3,395.89,0.0,1187.67
2598,1043,21,1,395.89,0.05,376.1
2599,1044,22,2,256.1,0.1,460.98
2600,1044,17,2,425.94,0.0,851.88
2601,1045,20,2,337.55,0.0,675.1
2602,1045,41,2,1458.5,0.0,2917.0
2603,1045,7,1,11903.44,0.1,10713.1
2604,1045,24,1,291.78,0.1,262.6
2605,1046,47,1,32443.0,0.2,25954.4
2606,1047,13,3,1356.94,0.0,4070.82
2607,1047,36,1,2924.06,0.0,2924.06
2608,1047,15,3,1717.5,0.0,5152.5
2609,1047,28,3,2077.38,0.05,5920.53
2610,1048,26,1,1412.65,0.1,1271.39
2611,1048,29,2,438.5,0.0,877.0
2612,1048,11,1,4853.64,0.1,4368.28
2613,1049,47,2,32443.0,0.0,64886.0
2614,1049,12,3,5553.73,0.1,14995.07
2615,1049,36,3,2924.06,0.05,8333.57
2616,1049,49,1,24383.87,0.2,19507.1
2617,1050,1,3,4311.34,0.0,12934.02
2618,1050,36,3,2924.06,0.05,8333.57
2619,1050,5,3,7323.99,0.0,21971.97
2620,1051,17,1,425.94,0.2,340.75
2621,1052,10,2,5058.33,0.05,9610.83
2622,1053,43,3,1480.37,0.05,4219.05
2623,1053,25,3,1719.78,0.05,4901.37
2624,1054,39,1,22252.18,0.05,21139.57
2625,1054,3,1,4598.39,0.05,4368.47
2626,1055,50,1,32122.03,0.05,30515.93
2627,1055,26,1,1412.65,0.05,1342.02
2628,1055,24,3,291.78,0.05,831.57
2629,1055,52,1,35725.17,0.1,32152.65
2630,1056,39,2,22252.18,0.2,35603.49
2631,1057,33,2,3763.53,0.1,6774.35
2632,1057,4,2,4078.93,0.0,8157.86
2633,1057,44,3,1675.89,0.0,5027.67
2634,1058,4,3,4078.93,0.0,12236.79
2635,1058,17,2,425.94,0.05,809.29
2636,1058,42,1,1783.38,0.2,1426.7
2637,1058,30,2,448.49,0.0,896.98
2638,1059,41,3,1458.5,0.0,4375.5
2639,1060,4,1,4078.93,0.0,4078.93
2640,1061,4,3,4078.93,0.05,11624.95
2641,1062,7,1,11903.44,0.0,11903.44
2642,1062,25,3,1719.78,0.1,4643.41
2643,1063,47,2,32443.0,0.1,58397.4
2644,1063,15,1,1717.5,0.05,1631.62
2645,1063,45,1,50632.32,0.1,45569.09
2646,1064,21,3,395.89,0.2,950.14
2647,1064,52,2,35725.17,0.0,71450.34
2648,1064,49,3,24383.87,0.0,73151.61
2649,1065,18,3,316.88,0.2,760.51
2650,1066,5,2,7323.99,0.05,13915.58
2651,1067,16,2,1147.33,0.1,2065.19
2652,1067,32,3,403.22,0.05,1149.18
2653,1067,4,1,4078.93,0.0,4078.93
2654,1068,33,1,3763.53,0.0,3763.53
2655,1068,49,3,24383.87,0.2,58521.29
2656,1069,48,2,48857.09,0.0,97714.18
2657,1069,43,2,1480.37,0.05,2812.7
2658,1069,49,2,24383.87,0.0,48767.74
2659,1069,39,1,22252.18,0.1,20026.96
2660,1070,36,3,2924.06,0.0,8772.18
2661,1070,25,3,1719.78,0.1,4643.41
2662,1070,16,3,1147.33,0.0,3441.99
2663,1071,3,2,4598.39,0.1,8277.1
2664,1071,1,3,4311.34,0.0,12934.02
2665,1072,40,3,16569.14,0.05,47222.05
2666,1073,26,2,1412.65,0.0,2825.3
2667,1074,27,1,1246.0,0.0,1246.0
2668,1074,10,2,5058.33,0.0,10116.66
2669,1074,47,1,32443.0,0.0,32443.0
2670,1075,4,1,4078.93,0.0,4078.93
2671,1075,32,1,403.22,0.0,403.22
2672,1076,24,3,291.78,0.05,831.57
2673,1076,40,3,16569.14,0.1,44736.68
2674,1077,30,1,448.49,0.1,403.64
2675,1077,4,2,4078.93,0.2,6526.29
2676,1077,41,3,1458.5,0.0,4375.5
2677,1077,51,2,29838.95,0.0,59677.9
2678,1078,27,3,1246.0,0.1,3364.2
2679,1078,49,3,24383.87,0.05,69494.03
2680,1079,4,2,4078.93,0.1,7342.07
2681,1079,32,3,403.22,0.0,1209.66
2682,1079,16,1,1147.33,0.0,1147.33
2683,1080,37,3,20338.2,0.05,57963.87
2684,1080,36,1,2924.06,0.05,2777.86
2685,1081,16,1,1147.33,0.0,1147.33
2686,1081,45,1,50632.32,0.2,40505.86
2687,1081,7,1,11903.44,0.2,9522.75
2688,1082,2,3,3911.93,0.0,11735.79
2689,1082,8,1,7478.19,0.05,7104.28
2690,1083,12,3,5553.73,0.0,16661.19
2691,1084,37,2,20338.2,0.1,36608.76
2692,1084,27,3,1246.0,0.2,2990.4
2693,1084,18,2,316.88,0.0,633.76
2694,1084,36,3,2924.06,0.0,8772.18
2695,1085,23,2,381.96,0.1,687.53
2696,1085,2,1,3911.93,0.0,3911.93
2697,1085,18,1,316.88,0.0,316.88
2698,1086,51,1,29838.95,0.0,29838.95
2699,1086,8,2,7478.19,0.1,13460.74
2700,1086,16,2,1147.33,0.0,2294.66
2701,1086,10,1,5058.33,0.05,4805.41
2702,1087,3,3,4598.39,0.05,13105.41
2703,1087,46,1,44103.32,0.05,41898.15
2704,1087,23,1,381.96,0.0,381.96
2705,1088,34,1,3937.59,0.0,3937.59
2706,1088,39,2,22252.18,0.1,40053.92
2707,1089,46,3,44103.32,0.0,132309.96
2708,1090,10,2,5058.33,0.05,9610.83
2709,1091,17,3,425.94,0.0,1277.82
2710,1092,45,3,50632.32,0.1,136707.26
2711,1093,46,2,44103.32,0.0,88206.64
2712,1093,2,3,3911.93,0.0,11735.79
2713,1093,16,1,1147.33,0.0,1147.33
2714,1094,30,1,448.49,0.0,448.49
2715,1094,24,2,291.78,0.2,466.85
2716,1095,9,2,4533.34,0.0,9066.68
2717,1096,18,1,316.88,0.0,316.88
2718,1096,46,1,44103.32,0.1,39692.99
2719,1096,5,3,7323.99,0.1,19774.77
2720,1097,7,2,11903.44,0.1,21426.19
2721,1098,28,1,2077.38,0.0,2077.38
2722,1098,36,1,2924.06,0.0,2924.06
2723,1098,32,2,403.22,0.0,806.44
2724,1098,21,3,395.89,0.2,950.14
2725,1099,44,3,1675.89,0.0,5027.67
2726,1099,52,2,35725.17,0.0,71450.34
2727,1099,39,2,22252.18,0.0,44504.36
2728,1099,11,1,4853.64,0.0,4853.64
2729,1100,24,1,291.78,0.05,277.19
2730,1100,29,3,438.5,0.05,1249.72
2731,1100,11,1,4853.64,0.2,3882.91
2732,1100,27,3,1246.0,0.0,3738.0
2733,1101,19,1,301.26,0.0,301.26
2734,1101,18,3,316.88,0.0,950.64
2735,1101,41,3,1458.5,0.0,4375.5
2736,1101,34,2,3937.59,0.0,7875.18
2737,1102,7,2,11903.44,0.2,19045.5
2738,1102,45,1,50632.32,0.1,45569.09
2739,1102,12,2,5553.73,0.05,10552.09
2740,1103,43,1,1480.37,0.0,1480.37
2741,1103,8,1,7478.19,0.1,6730.37
2742,1103,43,1,1480.37,0.1,1332.33
2743,1103,11,1,4853.64,0.0,4853.64
2744,1104,9,1,4533.34,0.2,3626.67
2745,1104,22,3,256.1,0.0,768.3
2746,1105,11,1,4853.64,0.0,4853.64
2747,1105,15,3,1717.5,0.0,5152.5
2748,1105,7,1,11903.44,0.0,11903.44
2749,1106,43,1,1480.37,0.0,1480.37
2750,1106,37,1,20338.2,0.0,20338.2
2751,1107,35,2,3039.94,0.0,6079.88
2752,1108,30,3,448.49,0.0,1345.47
2753,1108,10,1,5058.33,0.0,5058.33
2754,1108,40,2,16569.14,0.1,29824.45
2755,1108,36,1,2924.06,0.0,2924.06
2756,1109,31,2,440.79,0.05,837.5
2757,1109,49,2,24383.87,0.0,48767.74
2758,1110,43,2,1480.37,0.0,2960.74
2759,1111,11,1,4853.64,0.2,3882.91
2760,1112,11,1,4853.64,0.0,4853.64
2761,1113,48,3,48857.09,0.0,146571.27
2762,1113,29,1,438.5,0.0,438.5
2763,1113,43,1,1480.37,0.05,1406.35
2764,1113,47,1,32443.0,0.05,30820.85
2765,1114,31,3,440.79,0.0,1322.37
2766,1114,37,3,20338.2,0.0,61014.6
2767,1114,52,3,35725.17,0.0,107175.51
2768,1114,7,3,11903.44,0.2,28568.26
2769,1115,31,3,440.79,0.1,1190.13
2770,1115,22,1,256.1,0.1,230.49
2771,1115,11,1,4853.64,0.0,4853.64
2772,1116,3,1,4598.39,0.0,4598.39
2773,1116,45,3,50632.32,0.0,151896.96
2774,1116,4,3,4078.93,0.0,12236.79
2775,1116,13,1,1356.94,0.0,1356.94
2776,1117,12,3,5553.73,0.0,16661.19
2777,1117,39,3,22252.18,0.05,63418.71
2778,1118,10,3,5058.33,0.1,13657.49
2779,1118,34,1,3937.59,0.0,3937.59
2780,1118,22,1,256.1,0.0,256.1
2781,1118,41,2,1458.5,0.0,2917.0
2782,1119,47,3,32443.0,0.1,87596.1
2783,1119,37,3,20338.2,0.05,57963.87
2784,1119,9,1,4533.34,0.0,4533.34
2785,1120,11,1,4853.64,0.05,4610.96
2786,1120,10,3,5058.33,0.1,13657.49
2787,1120,47,1,32443.0,0.2,25954.4
2788,1120,9,2,4533.34,0.0,9066.68
2789,1121,10,1,5058.33,0.05,4805.41
2790,1121,8,3,7478.19,0.0,22434.57
2791,1121,26,2,1412.65,0.05,2684.04
2792,1121,30,2,448.49,0.2,717.58
2793,1122,12,1,5553.73,0.0,5553.73
2794,1122,1,2,4311.34,0.0,8622.68
2795,1123,23,3,381.96,0.0,1145.88
2796,1124,24,2,291.78,0.2,466.85
2797,1124,35,3,3039.94,0.2,7295.86
2798,1124,21,3,395.89,0.05,1128.29
2799,1125,12,2,5553.73,0.05,10552.09
2800,1125,7,1,11903.44,0.0,11903.44
2801,1125,38,2,21688.29,0.05,41207.75
2802,1125,43,1,1480.37,0.0,1480.37
2803,1126,33,1,3763.53,0.2,3010.82
2804,1126,13,2,1356.94,0.0,2713.88
2805,1126,52,1,35725.17,0.05,33938.91
2806,1126,4,1,4078.93,0.05,3874.98
2807,1127,2,3,3911.93,0.0,11735.79
2808,1127,16,1,1147.33,0.0,1147.33
2809,1128,51,3,29838.95,0.0,89516.85
2810,1128,49,3,24383.87,0.0,73151.61
2811,1128,39,1,22252.18,0.0,22252.18
2812,1129,7,1,11903.44,0.2,9522.75
2813,1129,22,2,256.1,0.2,409.76
2814,1129,9,1,4533.34,0.05,4306.67
2815,1129,41,2,1458.5,0.05,2771.15
2816,1130,43,1,1480.37,0.0,1480.37
2817,1130,49,3,24383.87,0.0,73151.61
2818,1130,10,1,5058.33,0.0,5058.33
2819,1131,8,1,7478.19,0.1,6730.37
2820,1131,46,3,44103.32,0.1,119078.96
2821,1131,33,1,3763.53,0.0,3763.53
2822,1132,51,1,29838.95,0.05,28347.0
2823,1132,24,1,291.78,0.05,277.19
2824,1132,42,1,1783.38,0.0,1783.38
2825,1133,21,1,395.89,0.2,316.71
2826,1133,17,1,425.94,0.0,425.94
2827,1134,38,1,21688.29,0.05,20603.88
2828,1135,13,3,1356.94,0.0,4070.82
2829,1135,11,1,4853.64,0.0,4853.64
2830,1135,35,1,3039.94,0.0,3039.94
2831,1136,16,2,1147.33,0.0,2294.66
2832,1137,8,1,7478.19,0.0,7478.19
2833,1137,44,1,1675.89,0.0,1675.89
2834,1138,49,2,24383.87,0.0,48767.74
2835,1138,24,3,291.78,0.05,831.57
2836,1138,40,2,16569.14,0.05,31481.37
2837,1139,52,1,35725.17,0.0,35725.17
2838,1139,46,3,44103.32,0.0,132309.96
2839,1139,39,3,22252.18,0.05,63418.71
2840,1139,15,1,1717.5,0.0,1717.5
2841,1140,8,3,7478.19,0.0,22434.57
2842,1140,39,2,22252.18,0.0,44504.36
2843,1140,4,1,4078.93,0.05,3874.98
2844,1140,50,3,32122.03,0.1,86729.48
2845,1141,33,1,3763.53,0.1,3387.18
2846,1142,22,3,256.1,0.0,768.3
2847,1143,16,1,1147.33,0.0,1147.33
2848,1144,50,1,32122.03,0.0,32122.03
2849,1145,37,1,20338.2,0.05,19321.29
2850,1146,31,3,440.79,0.0,1322.37
2851,1146,4,1,4078.93,0.0,4078.93
2852,1146,25,3,1719.78,0.0,5159.34
2853,1146,6,3,8439.67,0.0,25319.01
2854,1147,36,1,2924.06,0.05,2777.86
2855,1148,12,2,5553.73,0.0,11107.46
2856,1149,35,3,3039.94,0.0,9119.82
2857,1149,19,3,301.26,0.05,858.59
2858,1150,35,1,3039.94,0.05,2887.94
2859,1150,35,1,3039.94,0.0,3039.94
2860,1150,32,1,403.22,0.0,403.22
2861,1151,23,1,381.96,0.0,381.96
2862,1151,3,2,4598.39,0.2,7357.42
2863,1151,37,2,20338.2,0.2,32541.12
2864,1152,17,1,425.94,0.0,425.94
2865,1152,20,3,337.55,0.05,962.02
2866,1153,2,1,3911.93,0.0,3911.93
2867,1153,18,1,316.88,0.0,316.88
2868,1153,10,1,5058.33,0.0,5058.33
2869,1154,52,3,35725.17,0.05,101816.73
2870,1154,1,2,4311.34,0.0,8622.68
2871,1154,4,2,4078.93,0.05,7749.97
2872,1154,1,3,4311.34,0.05,12287.32
2873,1155,28,1,2077.38,0.0,2077.38
2874,1155,43,3,1480.37,0.1,3997.0
2875,1156,52,1,35725.17,0.1,32152.65
2876,1156,48,2,48857.09,0.0,97714.18
2877,1157,18,3,316.88,0.05,903.11
2878,1157,30,2,448.49,0.0,896.98
2879,1158,37,1,20338.2,0.0,20338.2
2880,1158,17,1,425.94,0.1,383.35
2881,1158,42,2,1783.38,0.0,3566.76
2882,1158,47,3,32443.0,0.1,87596.1
2883,1159,19,3,301.26,0.1,813.4
2884,1160,38,3,21688.29,0.05,61811.63
2885,1160,47,2,32443.0,0.0,64886.0
2886,1160,27,2,1246.0,0.05,2367.4
2887,1161,40,1,16569.14,0.05,15740.68
2888,1161,4,3,4078.93,0.2,9789.43
2889,1161,33,2,3763.53,0.0,7527.06
2890,1162,8,1,7478.19,0.1,6730.37
2891,1162,14,2,1335.52,0.1,2403.94
2892,1162,51,3,29838.95,0.05,85041.01
2893,1163,44,1,1675.89,0.0,1675.89
2894,1164,28,3,2077.38,0.1,5608.93
2895,1164,32,3,403.22,0.0,1209.66
2896,1164,6,3,8439.67,0.05,24053.06
2897,1164,15,3,1717.5,0.0,5152.5
2898,1165,37,3,20338.2,0.1,54913.14
2899,1165,20,2,337.55,0.0,675.1
2900,1165,21,3,395.89,0.0,1187.67
2901,1165,1,3,4311.34,0.0,12934.02
2902,1166,8,3,7478.19,0.0,22434.57
2903,1166,15,2,1717.5,0.1,3091.5
2904,1166,26,1,1412.65,0.0,1412.65
2905,1166,41,2,1458.5,0.0,2917.0
2906,1167,3,2,4598.39,0.1,8277.1
2907,1167,43,1,1480.37,0.05,1406.35
2908,1168,14,3,1335.52,0.0,4006.56
2909,1168,32,1,403.22,0.0,403.22
2910,1169,35,2,3039.94,0.0,6079.88
2911,1169,28,2,2077.38,0.2,3323.81
2912,1169,49,1,24383.87,0.0,24383.87
2913,1169,2,2,3911.93,0.2,6259.09
2914,1170,39,1,22252.18,0.1,20026.96
2915,1171,9,1,4533.34,0.05,4306.67
2916,1172,31,3,440.79,0.2,1057.9
2917,1173,15,1,1717.5,0.0,1717.5
2918,1174,5,1,7323.99,0.2,5859.19
2919,1174,7,3,11903.44,0.0,35710.32
2920,1175,4,3,4078.93,0.0,12236.79
2921,1176,20,1,337.55,0.0,337.55
2922,1176,21,2,395.89,0.2,633.42
2923,1176,52,2,35725.17,0.0,71450.34
2924,1177,10,1,5058.33,0.0,5058.33
2925,1178,19,2,301.26,0.2,482.02
2926,1178,13,2,1356.94,0.0,2713.88
2927,1178,46,1,44103.32,0.0,44103.32
2928,1178,49,2,24383.87,0.1,43890.97
2929,1179,48,3,48857.09,0.0,146571.27
2930,1179,47,3,32443.0,0.0,97329.0
2931,1180,40,2,16569.14,0.0,33138.28
2932,1180,21,3,395.89,0.0,1187.67
2933,1180,16,3,1147.33,0.1,3097.79
2934,1181,38,3,21688.29,0.0,65064.87
2935,1182,45,2,50632.32,0.1,91138.18
2936,1182,45,3,50632.32,0.1,136707.26
2937,1182,43,3,1480.37,0.2,3552.89
2938,1183,35,1,3039.94,0.1,2735.95
2939,1183,39,3,22252.18,0.05,63418.71
2940,1183,22,3,256.1,0.0,768.3
2941,1184,39,3,22252.18,0.0,66756.54
2942,1184,5,3,7323.99,0.05,20873.37
2943,1184,34,2,3937.59,0.0,7875.18
2944,1185,8,3,7478.19,0.05,21312.84
2945,1185,52,2,35725.17,0.05,67877.82
2946,1185,50,2,32122.03,0.05,61031.86
2947,1185,11,2,4853.64,0.1,8736.55
2948,1186,24,3,291.78,0.05,831.57
2949,1186,22,1,256.1,0.2,204.88
2950,1187,25,1,1719.78,0.0,1719.78
2951,1188,18,1,316.88,0.0,316.88
2952,1189,7,2,11903.44,0.0,23806.88
2953,1190,37,1,20338.2,0.0,20338.2
2954,1190,21,2,395.89,0.0,791.78
2955,1190,12,3,5553.73,0.0,16661.19
2956,1190,25,2,1719.78,0.1,3095.6
2957,1191,46,1,44103.32,0.0,44103.32
2958,1191,33,1,3763.53,0.1,3387.18
2959,1192,36,3,2924.06,0.0,8772.18
2960,1192,30,3,448.49,0.0,1345.47
2961,1192,31,3,440.79,0.1,1190.13
2962,1193,40,2,16569.14,0.0,33138.28
2963,1193,32,1,403.22,0.0,403.22
2964,1194,9,2,4533.34,0.0,9066.68
2965,1195,23,2,381.96,0.05,725.72
2966,1196,20,2,337.55,0.0,675.1
2967,1196,26,2,1412.65,0.0,2825.3
2968,1196,36,1,2924.06,0.05,2777.86
2969,1196,42,1,1783.38,0.0,1783.38
2970,1197,24,2,291.78,0.1,525.2
2971,1197,34,2,3937.59,0.2,6300.14
2972,1197,19,1,301.26,0.1,271.13
2973,1197,48,2,48857.09,0.0,97714.18
2974,1198,51,2,29838.95,0.0,59677.9
2975,1198,9,2,4533.34,0.0,9066.68
2976,1199,45,2,50632.32,0.0,101264.64
2977,1199,49,1,24383.87,0.0,24383.87
2978,1199,7,3,11903.44,0.0,35710.32
2979,1200,35,3,3039.94,0.0,9119.82
2980,1201,18,1,316.88,0.1,285.19
2981,1201,39,3,22252.18,0.0,66756.54
2982,1201,43,1,1480.37,0.05,1406.35
2983,1201,29,1,438.5,0.05,416.58
2984,1202,28,2,2077.38,0.0,4154.76
2985,1202,50,1,32122.03,0.1,28909.83
2986,1202,30,1,448.49,0.0,448.49
2987,1202,41,1,1458.5,0.0,1458.5
2988,1203,30,2,448.49,0.1,807.28
2989,1203,29,2,438.5,0.0,877.0
2990,1203,4,2,4078.93,0.1,7342.07
2991,1203,34,2,3937.59,0.0,7875.18
2992,1204,42,1,1783.38,0.0,1783.38
2993,1204,26,2,1412.65,0.0,2825.3
2994,1204,35,3,3039.94,0.05,8663.83
2995,1205,36,1,2924.06,0.0,2924.06
2996,1205,51,1,29838.95,0.0,29838.95
2997,1205,8,1,7478.19,0.1,6730.37
2998,1205,23,2,381.96,0.0,763.92
2999,1206,5,1,7323.99,0.05,6957.79
3000,1206,20,2,337.55,0.0,675.1
3001,1207,11,1,4853.64,0.0,4853.64
3002,1207,27,1,1246.0,0.0,1246.0
3003,1207,50,2,32122.03,0.0,64244.06
3004,1207,52,2,35725.17,0.0,71450.34
3005,1208,29,1,438.5,0.05,416.58
3006,1208,23,2,381.96,0.05,725.72
3007,1209,4,1,4078.93,0.05,3874.98
3008,1209,46,3,44103.32,0.0,132309.96
3009,1209,17,2,425.94,0.0,851.88
3010,1210,20,3,337.55,0.0,1012.65
3011,1210,43,1,1480.37,0.0,1480.37
3012,1210,23,1,381.96,0.0,381.96
3013,1211,43,1,1480.37,0.1,1332.33
3014,1211,31,1,440.79,0.0,440.79
3015,1211,37,1,20338.2,0.1,18304.38
3016,1211,46,2,44103.32,0.0,88206.64
3017,1212,29,3,438.5,0.0,1315.5
3018,1212,6,3,8439.67,0.0,25319.01
3019,1212,46,3,44103.32,0.0,132309.96
3020,1212,20,2,337.55,0.0,675.1
3021,1213,42,1,1783.38,0.05,1694.21
3022,1213,22,3,256.1,0.0,768.3
3023,1213,10,1,5058.33,0.1,4552.5
3024,1213,47,2,32443.0,0.0,64886.0
3025,1214,7,2,11903.44,0.05,22616.54
3026,1214,13,2,1356.94,0.0,2713.88
3027,1214,15,3,1717.5,0.0,5152.5
3028,1214,2,1,3911.93,0.0,3911.93
3029,1215,4,2,4078.93,0.0,8157.86
3030,1216,39,1,22252.18,0.0,22252.18
3031,1217,6,2,8439.67,0.0,16879.34
3032,1217,7,3,11903.44,0.1,32139.29
3033,1217,7,1,11903.44,0.0,11903.44
3034,1218,50,3,32122.03,0.05,91547.79
3035,1218,51,2,29838.95,0.0,59677.9
3036,1218,36,3,2924.06,0.0,8772.18
3037,1219,24,1,291.78,0.0,291.78
3038,1219,37,2,20338.2,0.05,38642.58
3039,1219,11,1,4853.64,0.2,3882.91
3040,1220,22,3,256.1,0.0,768.3
3041,1220,15,2,1717.5,0.0,3435.0
3042,1220,24,2,291.78,0.0,583.56
3043,1221,32,2,403.22,0.0,806.44
3044,1221,41,3,1458.5,0.0,4375.5
3045,1221,14,3,1335.52,0.0,4006.56
3046,1222,31,2,440.79,0.0,881.58
3047,1222,51,1,29838.95,0.0,29838.95
3048,1223,42,2,1783.38,0.05,3388.42
3049,1223,21,3,395.89,0.0,1187.67
3050,1223,43,2,1480.37,0.05,2812.7
3051,1224,42,1,1783.38,0.05,1694.21
3052,1224,3,3,4598.39,0.0,13795.17
3053,1224,20,3,337.55,0.05,962.02
3054,1225,46,2,44103.32,0.0,88206.64
3055,1225,33,3,3763.53,0.0,11290.59
3056,1225,2,3,3911.93,0.05,11149.0
3057,1225,8,2,7478.19,0.0,14956.38
3058,1226,32,2,403.22,0.0,806.44
3059,1226,23,2,381.96,0.1,687.53
3060,1226,30,1,448.49,0.0,448.49
3061,1227,3,3,4598.39,0.0,13795.17
3062,1227,51,1,29838.95,0.0,29838.95
3063,1228,35,2,3039.94,0.0,6079.88
3064,1228,13,2,1356.94,0.0,2713.88
3065,1228,32,3,403.22,0.05,1149.18
3066,1229,45,2,50632.32,0.2,81011.71
3067,1229,10,2,5058.33,0.1,9104.99
3068,1229,1,3,4311.34,0.0,12934.02
3069,1229,28,3,2077.38,0.1,5608.93
3070,1230,17,3,425.94,0.1,1150.04
3071,1230,28,2,2077.38,0.1,3739.28
3072,1230,42,1,1783.38,0.0,1783.38
3073,1231,36,2,2924.06,0.0,5848.12
3074,1231,7,1,11903.44,0.1,10713.1
3075,1231,32,3,403.22,0.0,1209.66
3076,1231,38,1,21688.29,0.05,20603.88
3077,1232,21,2,395.89,0.2,633.42
3078,1232,14,2,1335.52,0.0,2671.04
3079,1232,38,1,21688.29,0.05,20603.88
3080,1232,32,2,403.22,0.05,766.12
3081,1233,13,2,1356.94,0.1,2442.49
3082,1233,5,3,7323.99,0.0,21971.97
3083,1234,24,3,291.78,0.05,831.57
3084,1234,41,3,1458.5,0.1,3937.95
3085,1234,14,2,1335.52,0.0,2671.04
3086,1234,8,2,7478.19,0.05,14208.56
3087,1235,43,2,1480.37,0.0,2960.74
3088,1235,48,1,48857.09,0.1,43971.38
3089,1235,37,2,20338.2,0.0,40676.4
3090,1235,48,3,48857.09,0.05,139242.71
3091,1236,12,3,5553.73,0.0,16661.19
3092,1236,28,3,2077.38,0.05,5920.53
3093,1236,26,2,1412.65,0.1,2542.77
3094,1236,32,3,403.22,0.0,1209.66
3095,1237,11,3,4853.64,0.0,14560.92
3096,1238,48,1,48857.09,0.1,43971.38
3097,1238,21,3,395.89,0.1,1068.9
3098,1239,35,3,3039.94,0.05,8663.83
3099,1240,16,2,1147.33,0.05,2179.93
3100,1240,52,2,35725.17,0.05,67877.82
3101,1241,37,3,20338.2,0.0,61014.6
3102,1242,19,2,301.26,0.0,602.52
3103,1243,9,3,4533.34,0.0,13600.02
3104,1243,3,3,4598.39,0.0,13795.17
3105,1244,16,3,1147.33,0.05,3269.89
3106,1244,37,2,20338.2,0.0,40676.4
3107,1244,22,3,256.1,0.0,768.3
3108,1245,13,1,1356.94,0.0,1356.94
3109,1245,46,2,44103.32,0.0,88206.64
3110,1245,46,2,44103.32,0.0,88206.64
3111,1245,39,3,22252.18,0.2,53405.23
3112,1246,35,3,3039.94,0.1,8207.84
3113,1246,43,2,1480.37,0.05,2812.7
3114,1246,37,1,20338.2,0.1,18304.38
3115,1247,39,3,22252.18,0.0,66756.54
3116,1247,1,2,4311.34,0.0,8622.68
3117,1248,33,1,3763.53,0.0,3763.53
3118,1248,13,1,1356.94,0.0,1356.94
3119,1248,21,2,395.89,0.0,791.78
3120,1248,42,1,1783.38,0.1,1605.04
3121,1249,51,2,29838.95,0.0,59677.9
3122,1249,20,2,337.55,0.05,641.34
3123,1249,34,2,3937.59,0.05,7481.42
3124,1250,9,3,4533.34,0.0,13600.02
3125,1250,13,3,1356.94,0.0,4070.82
3126,1250,6,2,8439.67,0.1,15191.41
3127,1251,35,2,3039.94,0.0,6079.88
3128,1252,10,1,5058.33,0.0,5058.33
3129,1252,2,2,3911.93,0.2,6259.09
3130,1253,47,2,32443.0,0.0,64886.0
3131,1253,9,2,4533.34,0.0,9066.68
3132,1253,37,2,20338.2,0.2,32541.12
3133,1254,2,1,3911.93,0.0,3911.93
3134,1254,52,2,35725.17,0.0,71450.34
3135,1254,19,2,301.26,0.0,602.52
3136,1254,33,2,3763.53,0.0,7527.06
3137,1255,49,2,24383.87,0.2,39014.19
3138,1256,23,1,381.96,0.2,305.57
3139,1256,49,3,24383.87,0.1,65836.45
3140,1257,29,3,438.5,0.1,1183.95
3141,1257,32,2,403.22,0.0,806.44
3142,1258,31,3,440.79,0.1,1190.13
3143,1259,32,1,403.22,0.0,403.22
3144,1259,11,1,4853.64,0.05,4610.96
3145,1259,12,2,5553.73,0.0,11107.46
3146,1260,7,1,11903.44,0.0,11903.44
3147,1261,43,3,1480.37,0.0,4441.11
3148,1261,43,1,1480.37,0.0,1480.37
3149,1261,30,2,448.49,0.0,896.98
3150,1262,12,3,5553.73,0.0,16661.19
3151,1263,51,1,29838.95,0.1,26855.06
3152,1263,15,3,1717.5,0.0,5152.5
3153,1263,24,3,291.78,0.05,831.57
3154,1263,16,2,1147.33,0.0,2294.66
3155,1264,21,2,395.89,0.1,712.6
3156,1264,35,2,3039.94,0.0,6079.88
3157,1265,23,1,381.96,0.0,381.96
3158,1265,22,1,256.1,0.0,256.1
3159,1265,42,3,1783.38,0.1,4815.13
3160,1265,47,2,32443.0,0.2,51908.8
3161,1266,9,2,4533.34,0.1,8160.01
3162,1266,42,3,1783.38,0.05,5082.63
3163,1266,22,1,256.1,0.0,256.1
3164,1266,11,2,4853.64,0.1,8736.55
3165,1267,45,1,50632.32,0.0,50632.32
3166,1267,21,3,395.89,0.1,1068.9
3167,1268,41,1,1458.5,0.0,1458.5
3168,1268,44,1,1675.89,0.0,1675.89
3169,1268,21,1,395.89,0.1,356.3
3170,1268,1,1,4311.34,0.05,4095.77
3171,1269,21,2,395.89,0.0,791.78
3172,1269,50,2,32122.03,0.0,64244.06
3173,1270,31,1,440.79,0.2,352.63
3174,1270,36,1,2924.06,0.1,2631.65
3175,1270,17,1,425.94,0.0,425.94
3176,1270,23,2,381.96,0.0,763.92
3177,1271,20,1,337.55,0.2,270.04
3178,1271,22,3,256.1,0.0,768.3
3179,1271,45,2,50632.32,0.1,91138.18
3180,1272,12,3,5553.73,0.05,15828.13
3181,1273,13,1,1356.94,0.0,1356.94
3182,1273,27,2,1246.0,0.1,2242.8
3183,1273,12,2,5553.73,0.05,10552.09
3184,1274,24,2,291.78,0.05,554.38
3185,1275,40,1,16569.14,0.05,15740.68
3186,1275,23,1,381.96,0.05,362.86
3187,1275,1,1,4311.34,0.0,4311.34
3188,1275,27,3,1246.0,0.05,3551.1
3189,1276,32,3,403.22,0.0,1209.66
3190,1277,31,3,440.79,0.1,1190.13
3191,1277,32,1,403.22,0.0,403.22
3192,1277,23,2,381.96,0.0,763.92
3193,1278,3,1,4598.39,0.0,4598.39
3194,1278,30,3,448.49,0.0,1345.47
3195,1278,20,3,337.55,0.05,962.02
3196,1279,20,1,337.55,0.0,337.55
3197,1279,41,3,1458.5,0.0,4375.5
3198,1279,35,2,3039.94,0.0,6079.88
3199,1279,10,1,5058.33,0.0,5058.33
3200,1280,9,1,4533.34,0.05,4306.67
3201,1281,9,1,4533.34,0.05,4306.67
3202,1281,38,2,21688.29,0.0,43376.58
3203,1281,49,2,24383.87,0.0,48767.74
3204,1281,12,3,5553.73,0.1,14995.07
3205,1282,49,3,24383.87,0.0,73151.61
3206,1282,44,3,1675.89,0.1,4524.9
3207,1282,52,2,35725.17,0.1,64305.31
3208,1283,28,2,2077.38,0.0,4154.76
3209,1284,13,3,1356.94,0.0,4070.82
3210,1285,1,2,4311.34,0.0,8622.68
3211,1286,50,3,32122.03,0.05,91547.79
3212,1286,39,2,22252.18,0.0,44504.36
3213,1287,51,2,29838.95,0.0,59677.9
3214,1288,32,1,403.22,0.1,362.9
3215,1288,29,1,438.5,0.0,438.5
3216,1289,46,2,44103.32,0.0,88206.64
3217,1289,15,2,1717.5,0.05,3263.25
3218,1289,15,3,1717.5,0.2,4122.0
3219,1290,44,1,1675.89,0.1,1508.3
3220,1290,15,3,1717.5,0.05,4894.88
3221,1290,11,2,4853.64,0.0,9707.28
3222,1291,9,1,4533.34,0.1,4080.01
3223,1291,37,3,20338.2,0.2,48811.68
3224,1292,30,2,448.49,0.0,896.98
3225,1292,48,1,48857.09,0.05,46414.24
3226,1293,50,3,32122.03,0.0,96366.09
3227,1294,47,1,32443.0,0.0,32443.0
3228,1294,3,3,4598.39,0.0,13795.17
3229,1294,31,2,440.79,0.0,881.58
3230,1295,9,1,4533.34,0.0,4533.34
3231,1296,38,3,21688.29,0.05,61811.63
3232,1296,6,3,8439.67,0.1,22787.11
3233,1296,1,2,4311.34,0.05,8191.55
3234,1296,38,1,21688.29,0.1,19519.46
3235,1297,46,3,44103.32,0.0,132309.96
3236,1297,29,1,438.5,0.0,438.5
3237,1297,44,3,1675.89,0.0,5027.67
3238,1298,33,1,3763.53,0.0,3763.53
3239,1298,38,2,21688.29,0.0,43376.58
3240,1298,3,1,4598.39,0.0,4598.39
3241,1298,16,3,1147.33,0.0,3441.99
3242,1299,51,1,29838.95,0.0,29838.95
3243,1299,5,3,7323.99,0.0,21971.97
3244,1300,43,2,1480.37,0.0,2960.74
3245,1300,21,2,395.89,0.2,633.42
3246,1301,41,2,1458.5,0.1,2625.3
3247,1301,7,3,11903.44,0.0,35710.32
3248,1302,12,1,5553.73,0.0,5553.73
3249,1303,40,1,16569.14,0.2,13255.31
3250,1304,17,1,425.94,0.0,425.94
3251,1305,52,2,35725.17,0.0,71450.34
3252,1305,37,3,20338.2,0.0,61014.6
3253,1305,37,1,20338.2,0.0,20338.2
3254,1306,20,3,337.55,0.1,911.39
3255,1306,43,2,1480.37,0.0,2960.74
3256,1306,23,3,381.96,0.0,1145.88
3257,1306,26,3,1412.65,0.05,4026.05
3258,1307,12,3,5553.73,0.0,16661.19
3259,1307,38,1,21688.29,0.1,19519.46
3260,1307,46,1,44103.32,0.05,41898.15
3261,1308,3,3,4598.39,0.0,13795.17
3262,1308,30,1,448.49,0.1,403.64
3263,1308,34,2,3937.59,0.1,7087.66
3264,1309,31,3,440.79,0.05,1256.25
3265,1309,3,2,4598.39,0.05,8736.94
3266,1309,51,2,29838.95,0.1,53710.11
3267,1309,45,1,50632.32,0.0,50632.32
3268,1310,8,2,7478.19,0.05,14208.56
3269,1311,19,2,301.26,0.1,542.27
3270,1312,45,2,50632.32,0.0,101264.64
3271,1312,16,3,1147.33,0.0,3441.99
3272,1312,5,2,7323.99,0.0,14647.98
3273,1312,41,3,1458.5,0.05,4156.72
3274,1313,25,1,1719.78,0.0,1719.78
3275,1313,3,3,4598.39,0.0,13795.17
3276,1314,50,3,32122.03,0.1,86729.48
3277,1314,6,2,8439.67,0.1,15191.41
3278,1315,31,1,440.79,0.05,418.75
3279,1316,42,1,1783.38,0.0,1783.38
3280,1316,50,2,32122.03,0.05,61031.86
3281,1317,14,2,1335.52,0.0,2671.04
3282,1317,18,1,316.88,0.0,316.88
3283,1317,25,1,1719.78,0.05,1633.79
3284,1317,46,3,44103.32,0.05,125694.46
3285,1318,40,2,16569.14,0.0,33138.28
3286,1318,28,2,2077.38,0.0,4154.76
3287,1318,37,1,20338.2,0.05,19321.29
3288,1319,39,1,22252.18,0.1,20026.96
3289,1320,33,3,3763.53,0.0,11290.59
3290,1320,16,2,1147.33,0.05,2179.93
3291,1320,18,3,316.88,0.0,950.64
3292,1321,8,2,7478.19,0.1,13460.74
3293,1321,11,1,4853.64,0.0,4853.64
3294,1321,10,2,5058.33,0.0,10116.66
3295,1322,12,2,5553.73,0.0,11107.46
3296,1322,11,1,4853.64,0.0,4853.64
3297,1322,30,1,448.49,0.1,403.64
3298,1323,9,2,4533.34,0.1,8160.01
3299,1323,31,1,440.79,0.0,440.79
3300,1323,26,2,1412.65,0.2,2260.24
3301,1323,26,3,1412.65,0.0,4237.95
3302,1324,3,1,4598.39,0.0,4598.39
3303,1324,16,2,1147.33,0.0,2294.66
3304,1325,39,2,22252.18,0.2,35603.49
3305,1326,28,3,2077.38,0.0,6232.14
3306,1326,11,3,4853.64,0.0,14560.92
3307,1326,51,2,29838.95,0.2,47742.32
3308,1327,21,1,395.89,0.0,395.89
3309,1327,11,3,4853.64,0.1,13104.83
3310,1327,44,2,1675.89,0.0,3351.78
3311,1327,50,2,32122.03,0.0,64244.06
3312,1328,46,1,44103.32,0.0,44103.32
3313,1328,39,3,22252.18,0.0,66756.54
3314,1328,28,1,2077.38,0.1,1869.64
3315,1329,38,2,21688.29,0.1,39038.92
3316,1329,31,3,440.79,0.0,1322.37
3317,1330,6,3,8439.67,0.0,25319.01
3318,1330,10,3,5058.33,0.05,14416.24
3319,1331,50,3,32122.03,0.0,96366.09
3320,1331,9,3,4533.34,0.2,10880.02
3321,1331,4,3,4078.93,0.0,12236.79
3322,1332,40,1,16569.14,0.2,13255.31
3323,1332,24,2,291.78,0.1,525.2
3324,1332,20,2,337.55,0.0,675.1
3325,1333,52,3,35725.17,0.2,85740.41
3326,1334,29,3,438.5,0.0,1315.5
3327,1334,13,1,1356.94,0.1,1221.25
3328,1335,34,3,3937.59,0.0,11812.77
3329,1335,5,1,7323.99,0.0,7323.99
3330,1335,12,1,5553.73,0.0,5553.73
3331,1336,27,1,1246.0,0.0,1246.0
3332,1336,47,2,32443.0,0.0,64886.0
3333,1336,40,3,16569.14,0.0,49707.42
3334,1337,6,2,8439.67,0.05,16035.37
3335,1337,14,2,1335.52,0.0,2671.04
3336,1338,44,1,1675.89,0.1,1508.3
3337,1339,32,2,403.22,0.1,725.8
3338,1339,9,3,4533.34,0.0,13600.02
3339,1339,42,1,1783.38,0.05,1694.21
3340,1340,32,3,403.22,0.1,1088.69
3341,1340,36,2,2924.06,0.0,5848.12
3342,1341,52,1,35725.17,0.0,35725.17
3343,1341,35,2,3039.94,0.2,4863.9
3344,1342,46,2,44103.32,0.1,79385.98
3345,1343,16,2,1147.33,0.05,2179.93
3346,1343,1,1,4311.34,0.0,4311.34
3347,1343,14,2,1335.52,0.0,2671.04
3348,1343,28,3,2077.38,0.0,6232.14
3349,1344,12,1,5553.73,0.0,5553.73
3350,1344,11,2,4853.64,0.05,9221.92
3351,1344,35,1,3039.94,0.0,3039.94
3352,1345,8,3,7478.19,0.05,21312.84
3353,1345,37,3,20338.2,0.05,57963.87
3354,1345,51,1,29838.95,0.1,26855.06
3355,1346,12,3,5553.73,0.0,16661.19
3356,1346,20,1,337.55,0.0,337.55
3357,1347,49,3,24383.87,0.0,73151.61
3358,1348,39,2,22252.18,0.0,44504.36
3359,1348,34,2,3937.59,0.05,7481.42
3360,1349,26,3,1412.65,0.0,4237.95
3361,1350,7,2,11903.44,0.0,23806.88
3362,1350,50,1,32122.03,0.0,32122.03
3363,1351,1,3,4311.34,0.0,12934.02
3364,1351,13,2,1356.94,0.0,2713.88
3365,1351,39,2,22252.18,0.05,42279.14
3366,1352,10,1,5058.33,0.05,4805.41
3367,1353,19,1,301.26,0.0,301.26
3368,1353,31,3,440.79,0.05,1256.25
3369,1354,15,3,1717.5,0.1,4637.25
3370,1354,34,1,3937.59,0.0,3937.59
3371,1354,48,2,48857.09,0.0,97714.18
3372,1354,24,1,291.78,0.1,262.6
3373,1355,37,3,20338.2,0.0,61014.6
3374,1356,23,3,381.96,0.0,1145.88
3375,1356,13,2,1356.94,0.1,2442.49
3376,1356,8,1,7478.19,0.0,7478.19
3377,1357,29,1,438.5,0.2,350.8
3378,1357,7,3,11903.44,0.2,28568.26
3379,1357,39,3,22252.18,0.0,66756.54
3380,1358,41,2,1458.5,0.1,2625.3
3381,1358,13,1,1356.94,0.1,1221.25
3382,1359,35,1,3039.94,0.2,2431.95
3383,1359,17,3,425.94,0.0,1277.82
3384,1360,32,2,403.22,0.05,766.12
3385,1360,9,3,4533.34,0.1,12240.02
3386,1360,30,2,448.49,0.1,807.28
3387,1361,41,2,1458.5,0.1,2625.3
3388,1361,44,1,1675.89,0.05,1592.1
3389,1361,50,1,32122.03,0.05,30515.93
3390,1361,16,1,1147.33,0.0,1147.33
3391,1362,46,2,44103.32,0.05,83796.31
3392,1362,27,3,1246.0,0.0,3738.0
3393,1362,50,1,32122.03,0.1,28909.83
3394,1363,32,3,403.22,0.05,1149.18
3395,1364,14,1,1335.52,0.05,1268.74
3396,1364,5,2,7323.99,0.0,14647.98
3397,1364,36,2,2924.06,0.0,5848.12
3398,1365,48,3,48857.09,0.0,146571.27
3399,1366,50,3,32122.03,0.1,86729.48
3400,1366,35,2,3039.94,0.0,6079.88
3401,1366,27,1,1246.0,0.0,1246.0
3402,1366,17,1,425.94,0.0,425.94
3403,1367,27,3,1246.0,0.0,3738.0
3404,1367,15,3,1717.5,0.0,5152.5
3405,1367,33,1,3763.53,0.05,3575.35
3406,1368,41,2,1458.5,0.0,2917.0
3407,1368,33,1,3763.53,0.0,3763.53
3408,1368,20,1,337.55,0.0,337.55
3409,1369,50,1,32122.03,0.0,32122.03
3410,1369,29,3,438.5,0.0,1315.5
3411,1369,12,2,5553.73,0.0,11107.46
3412,1369,28,2,2077.38,0.1,3739.28
3413,1370,31,1,440.79,0.05,418.75
3414,1371,51,1,29838.95,0.0,29838.95
3415,1371,4,2,4078.93,0.0,8157.86
3416,1371,23,1,381.96,0.0,381.96
3417,1371,3,3,4598.39,0.1,12415.65
3418,1372,50,1,32122.03,0.0,32122.03
3419,1373,22,1,256.1,0.1,230.49
3420,1373,20,1,337.55,0.0,337.55
3421,1374,31,1,440.79,0.1,396.71
3422,1374,17,3,425.94,0.1,1150.04
3423,1375,38,3,21688.29,0.0,65064.87
3424,1375,50,2,32122.03,0.0,64244.06
3425,1376,4,3,4078.93,0.05,11624.95
3426,1376,46,3,44103.32,0.0,132309.96
3427,1376,4,2,4078.93,0.05,7749.97
3428,1377,2,1,3911.93,0.05,3716.33
3429,1377,11,2,4853.64,0.1,8736.55
3430,1377,47,1,32443.0,0.0,32443.0
3431,1378,1,3,4311.34,0.0,12934.02
3432,1378,11,2,4853.64,0.0,9707.28
3433,1378,48,1,48857.09,0.0,48857.09
3434,1379,33,1,3763.53,0.2,3010.82
3435,1379,7,3,11903.44,0.0,35710.32
3436,1379,17,3,425.94,0.0,1277.82
3437,1380,6,2,8439.67,0.05,16035.37
3438,1381,35,1,3039.94,0.0,3039.94
3439,1381,39,1,22252.18,0.0,22252.18
3440,1381,52,2,35725.17,0.05,67877.82
3441,1381,52,2,35725.17,0.0,71450.34
3442,1382,33,3,3763.53,0.2,9032.47
3443,1382,18,2,316.88,0.0,633.76
3444,1382,11,2,4853.64,0.05,9221.92
3445,1382,42,2,1783.38,0.1,3210.08
3446,1383,6,2,8439.67,0.2,13503.47
3447,1384,12,1,5553.73,0.0,5553.73
3448,1384,22,2,256.1,0.0,512.2
3449,1384,30,1,448.49,0.0,448.49
3450,1384,29,3,438.5,0.1,1183.95
3451,1385,24,3,291.78,0.0,875.34
3452,1385,46,2,44103.32,0.0,88206.64
3453,1385,2,1,3911.93,0.05,3716.33
3454,1385,33,1,3763.53,0.1,3387.18
3455,1386,9,2,4533.34,0.0,9066.68
3456,1386,19,1,301.26,0.05,286.2
3457,1386,1,3,4311.34,0.0,12934.02
3458,1387,13,2,1356.94,0.05,2578.19
3459,1387,20,1,337.55,0.2,270.04
3460,1387,24,2,291.78,0.2,466.85
3461,1387,51,2,29838.95,0.2,47742.32
3462,1388,5,3,7323.99,0.0,21971.97
3463,1389,18,2,316.88,0.0,633.76
3464,1390,18,1,316.88,0.0,316.88
3465,1390,47,3,32443.0,0.0,97329.0
3466,1390,36,2,2924.06,0.0,5848.12
3467,1391,25,1,1719.78,0.0,1719.78
3468,1391,34,3,3937.59,0.05,11222.13
3469,1391,19,3,301.26,0.0,903.78
3470,1392,15,1,1717.5,0.0,1717.5
3471,1392,12,3,5553.73,0.0,16661.19
3472,1392,35,1,3039.94,0.05,2887.94
3473,1392,20,3,337.55,0.0,1012.65
3474,1393,40,1,16569.14,0.1,14912.23
3475,1393,26,2,1412.65,0.05,2684.04
3476,1393,22,2,256.1,0.0,512.2
3477,1393,6,3,8439.67,0.1,22787.11
3478,1394,16,3,1147.33,0.05,3269.89
3479,1394,22,2,256.1,0.1,460.98
3480,1395,4,3,4078.93,0.1,11013.11
3481,1395,22,2,256.1,0.0,512.2
3482,1396,21,3,395.89,0.0,1187.67
3483,1396,22,2,256.1,0.2,409.76
3484,1397,19,3,301.26,0.1,813.4
3485,1398,11,1,4853.64,0.05,4610.96
3486,1398,25,3,1719.78,0.0,5159.34
3487,1398,6,1,8439.67,0.0,8439.67
3488,1398,25,1,1719.78,0.2,1375.82
3489,1399,51,1,29838.95,0.0,29838.95
3490,1399,12,2,5553.73,0.0,11107.46
3491,1399,41,3,1458.5,0.0,4375.5
3492,1399,43,2,1480.37,0.05,2812.7
3493,1400,26,3,1412.65,0.0,4237.95
3494,1400,22,3,256.1,0.1,691.47
3495,1401,40,2,16569.14,0.05,31481.37
3496,1402,10,3,5058.33,0.0,15174.99
3497,1402,1,3,4311.34,0.05,12287.32
3498,1402,22,2,256.1,0.0,512.2
3499,1402,9,3,4533.34,0.05,12920.02
3500,1403,37,2,20338.2,0.0,40676.4
3501,1403,16,1,1147.33,0.1,1032.6
3502,1403,33,3,3763.53,0.0,11290.59
3503,1403,12,2,5553.73,0.05,10552.09
3504,1404,4,3,4078.93,0.0,12236.79
3505,1405,23,3,381.96,0.1,1031.29
3506,1405,6,3,8439.67,0.0,25319.01
3507,1405,29,1,438.5,0.1,394.65
3508,1405,30,1,448.49,0.0,448.49
3509,1406,44,2,1675.89,0.05,3184.19
3510,1406,50,1,32122.03,0.0,32122.03
3511,1406,40,1,16569.14,0.0,16569.14
3512,1407,41,2,1458.5,0.05,2771.15
3513,1407,32,3,403.22,0.05,1149.18
3514,1407,32,3,403.22,0.0,1209.66
3515,1408,29,3,438.5,0.1,1183.95
3516,1408,47,1,32443.0,0.0,32443.0
3517,1409,48,2,48857.09,0.1,87942.76
3518,1410,31,1,440.79,0.2,352.63
3519,1410,6,3,8439.67,0.0,25319.01
3520,1411,40,2,16569.14,0.2,26510.62
3521,1412,15,1,1717.5,0.1,1545.75
3522,1413,41,2,1458.5,0.2,2333.6
3523,1414,22,3,256.1,0.05,729.88
3524,1414,26,3,1412.65,0.0,4237.95
3525,1414,6,3,8439.67,0.0,25319.01
3526,1415,22,2,256.1,0.0,512.2
3527,1415,41,1,1458.5,0.0,1458.5
3528,1415,46,2,44103.32,0.0,88206.64
3529,1416,43,3,1480.37,0.05,4219.05
3530,1416,10,2,5058.33,0.1,9104.99
3531,1416,49,1,24383.87,0.05,23164.68
3532,1416,24,1,291.78,0.2,233.42
3533,1417,6,3,8439.67,0.05,24053.06
3534,1418,29,2,438.5,0.1,789.3
3535,1418,19,3,301.26,0.0,903.78
3536,1419,12,2,5553.73,0.05,10552.09
3537,1420,51,3,29838.95,0.1,80565.17
3538,1420,5,3,7323.99,0.1,19774.77
3539,1420,26,1,1412.65,0.0,1412.65
3540,1420,24,2,291.78,0.1,525.2
3541,1421,33,1,3763.53,0.2,3010.82
3542,1421,2,3,3911.93,0.0,11735.79
3543,1421,37,3,20338.2,0.0,61014.6
3544,1422,33,1,3763.53,0.0,3763.53
3545,1422,27,1,1246.0,0.0,1246.0
3546,1423,37,3,20338.2,0.05,57963.87
3547,1423,9,1,4533.34,0.0,4533.34
3548,1423,40,3,16569.14,0.0,49707.42
3549,1423,50,3,32122.03,0.0,96366.09
3550,1424,36,2,2924.06,0.0,5848.12
3551,1424,24,3,291.78,0.0,875.34
3552,1425,9,2,4533.34,0.0,9066.68
3553,1425,30,2,448.49,0.0,896.98
3554,1425,41,3,1458.5,0.0,4375.5
3555,1426,50,3,32122.03,0.0,96366.09
3556,1426,51,1,29838.95,0.0,29838.95
3557,1426,19,3,301.26,0.1,813.4
3558,1426,19,2,301.26,0.1,542.27
3559,1427,40,3,16569.14,0.2,39765.94
3560,1427,2,2,3911.93,0.05,7432.67
3561,1427,15,2,1717.5,0.0,3435.0
3562,1427,39,2,22252.18,0.2,35603.49
3563,1428,16,3,1147.33,0.0,3441.99
3564,1428,23,2,381.96,0.0,763.92
3565,1428,8,3,7478.19,0.1,20191.11
3566,1429,25,3,1719.78,0.05,4901.37
3567,1429,21,3,395.89,0.0,1187.67
3568,1429,15,1,1717.5,0.05,1631.62
3569,1429,31,3,440.79,0.0,1322.37
3570,1430,38,2,21688.29,0.05,41207.75
3571,1431,40,3,16569.14,0.1,44736.68
3572,1431,51,2,29838.95,0.2,47742.32
3573,1432,40,1,16569.14,0.0,16569.14
3574,1432,48,3,48857.09,0.0,146571.27
3575,1432,3,2,4598.39,0.05,8736.94
3576,1432,19,1,301.26,0.0,301.26
3577,1433,40,2,16569.14,0.0,33138.28
3578,1433,13,3,1356.94,0.05,3867.28
3579,1434,31,2,440.79,0.0,881.58
3580,1434,14,3,1335.52,0.0,4006.56
3581,1434,20,2,337.55,0.0,675.1
3582,1435,4,1,4078.93,0.0,4078.93
3583,1435,13,2,1356.94,0.0,2713.88
3584,1435,42,2,1783.38,0.0,3566.76
3585,1436,19,3,301.26,0.2,723.02
3586,1436,32,3,403.22,0.0,1209.66
3587,1437,45,3,50632.32,0.1,136707.26
3588,1438,33,1,3763.53,0.0,3763.53
3589,1438,33,3,3763.53,0.0,11290.59
3590,1438,15,1,1717.5,0.0,1717.5
3591,1439,40,1,16569.14,0.0,16569.14
3592,1439,15,3,1717.5,0.0,5152.5
3593,1439,52,1,35725.17,0.1,32152.65
3594,1439,21,1,395.89,0.1,356.3
3595,1440,38,3,21688.29,0.2,52051.9
3596,1440,30,2,448.49,0.0,896.98
3597,1440,15,3,1717.5,0.2,4122.0
3598,1441,33,2,3763.53,0.1,6774.35
3599,1441,13,1,1356.94,0.0,1356.94
3600,1442,14,3,1335.52,0.0,4006.56
3601,1443,18,3,316.88,0.05,903.11
3602,1443,21,3,395.89,0.0,1187.67
3603,1443,16,1,1147.33,0.0,1147.33
3604,1444,7,3,11903.44,0.0,35710.32
3605,1444,25,1,1719.78,0.2,1375.82
3606,1444,6,2,8439.67,0.0,16879.34
3607,1445,47,1,32443.0,0.05,30820.85
3608,1445,26,2,1412.65,0.0,2825.3
3609,1445,25,1,1719.78,0.05,1633.79
3610,1445,20,2,337.55,0.0,675.1
3611,1446,42,3,1783.38,0.05,5082.63
3612,1447,28,3,2077.38,0.0,6232.14
3613,1448,33,3,3763.53,0.0,11290.59
3614,1448,9,1,4533.34,0.1,4080.01
3615,1448,20,2,337.55,0.2,540.08
3616,1449,20,3,337.55,0.2,810.12
3617,1449,41,2,1458.5,0.0,2917.0
3618,1449,46,2,44103.32,0.0,88206.64
3619,1449,40,1,16569.14,0.05,15740.68
3620,1450,17,3,425.94,0.0,1277.82
3621,1450,49,2,24383.87,0.0,48767.74
3622,1450,17,1,425.94,0.0,425.94
3623,1450,47,2,32443.0,0.0,64886.0
3624,1451,22,1,256.1,0.1,230.49
3625,1452,8,3,7478.19,0.0,22434.57
3626,1452,19,1,301.26,0.0,301.26
3627,1453,39,1,22252.18,0.0,22252.18
3628,1453,12,1,5553.73,0.0,5553.73
3629,1453,15,1,1717.5,0.05,1631.62
3630,1453,36,3,2924.06,0.05,8333.57
3631,1454,31,2,440.79,0.0,881.58
3632,1454,19,1,301.26,0.0,301.26
3633,1455,30,3,448.49,0.0,1345.47
3634,1455,45,2,50632.32,0.0,101264.64
3635,1455,38,1,21688.29,0.05,20603.88
3636,1456,46,1,44103.32,0.05,41898.15
3637,1456,45,3,50632.32,0.1,136707.26
3638,1456,46,2,44103.32,0.0,88206.64
3639,1457,51,2,29838.95,0.05,56694.0
3640,1457,14,3,1335.52,0.0,4006.56
3641,1457,12,2,5553.73,0.0,11107.46
3642,1458,38,2,21688.29,0.05,41207.75
3643,1458,15,3,1717.5,0.1,4637.25
3644,1458,49,2,24383.87,0.2,39014.19
3645,1458,42,1,1783.38,0.0,1783.38
3646,1459,37,3,20338.2,0.0,61014.6
3647,1459,47,3,32443.0,0.1,87596.1
3648,1460,3,1,4598.39,0.0,4598.39
3649,1460,7,3,11903.44,0.0,35710.32
3650,1460,33,3,3763.53,0.0,11290.59
3651,1461,5,2,7323.99,0.0,14647.98
3652,1461,46,2,44103.32,0.0,88206.64
3653,1461,51,1,29838.95,0.2,23871.16
3654,1461,34,2,3937.59,0.0,7875.18
3655,1462,15,3,1717.5,0.05,4894.88
3656,1462,17,1,425.94,0.0,425.94
3657,1462,28,3,2077.38,0.0,6232.14
3658,1463,7,1,11903.44,0.0,11903.44
3659,1463,21,2,395.89,0.0,791.78
3660,1464,29,3,438.5,0.0,1315.5
3661,1464,2,3,3911.93,0.0,11735.79
3662,1464,36,3,2924.06,0.0,8772.18
3663,1465,34,3,3937.59,0.0,11812.77
3664,1465,1,3,4311.34,0.1,11640.62
3665,1465,2,3,3911.93,0.0,11735.79
3666,1465,41,1,1458.5,0.2,1166.8
3667,1466,31,3,440.79,0.0,1322.37
3668,1467,12,3,5553.73,0.1,14995.07
3669,1468,34,2,3937.59,0.0,7875.18
3670,1468,38,1,21688.29,0.1,19519.46
3671,1468,35,2,3039.94,0.0,6079.88
3672,1468,4,3,4078.93,0.2,9789.43
3673,1469,35,2,3039.94,0.0,6079.88
3674,1469,52,1,35725.17,0.0,35725.17
3675,1469,49,2,24383.87,0.1,43890.97
3676,1469,28,3,2077.38,0.05,5920.53
3677,1470,29,3,438.5,0.0,1315.5
3678,1470,21,3,395.89,0.1,1068.9
3679,1471,46,3,44103.32,0.2,105847.97
3680,1471,47,3,32443.0,0.0,97329.0
3681,1471,36,1,2924.06,0.0,2924.06
3682,1471,33,1,3763.53,0.0,3763.53
3683,1472,33,2,3763.53,0.0,7527.06
3684,1473,38,1,21688.29,0.0,21688.29
3685,1473,18,1,316.88,0.1,285.19
3686,1473,34,3,3937.59,0.0,11812.77
3687,1473,12,3,5553.73,0.05,15828.13
3688,1474,21,3,395.89,0.1,1068.9
3689,1475,2,2,3911.93,0.05,7432.67
3690,1475,24,2,291.78,0.05,554.38
3691,1476,43,1,1480.37,0.0,1480.37
3692,1477,46,2,44103.32,0.0,88206.64
3693,1477,4,2,4078.93,0.0,8157.86
3694,1477,40,1,16569.14,0.0,16569.14
3695,1478,9,2,4533.34,0.1,8160.01
3696,1478,31,1,440.79,0.0,440.79
3697,1478,37,1,20338.2,0.05,19321.29
3698,1479,12,3,5553.73,0.0,16661.19
3699,1479,24,1,291.78,0.05,277.19
3700,1480,27,3,1246.0,0.0,3738.0
3701,1480,50,3,32122.03,0.0,96366.09
3702,1480,8,2,7478.19,0.05,14208.56
3703,1481,11,3,4853.64,0.0,14560.92
3704,1481,13,2,1356.94,0.0,2713.88
3705,1481,36,3,2924.06,0.1,7894.96
3706,1482,22,3,256.1,0.0,768.3
3707,1482,39,2,22252.18,0.0,44504.36
3708,1482,37,1,20338.2,0.0,20338.2
3709,1482,42,1,1783.38,0.0,1783.38
3710,1483,17,3,425.94,0.0,1277.82
3711,1484,30,2,448.49,0.0,896.98
3712,1484,46,3,44103.32,0.0,132309.96
3713,1484,31,3,440.79,0.0,1322.37
3714,1485,40,1,16569.14,0.0,16569.14
3715,1485,33,3,3763.53,0.0,11290.59
3716,1485,23,1,381.96,0.2,305.57
3717,1486,27,3,1246.0,0.0,3738.0
3718,1487,35,2,3039.94,0.05,5775.89
3719,1487,46,2,44103.32,0.1,79385.98
3720,1488,17,1,425.94,0.0,425.94
3721,1488,30,1,448.49,0.1,403.64
3722,1488,24,1,291.78,0.0,291.78
3723,1488,34,2,3937.59,0.2,6300.14
3724,1489,48,1,48857.09,0.0,48857.09
3725,1489,22,1,256.1,0.0,256.1
3726,1489,4,2,4078.93,0.0,8157.86
3727,1490,20,1,337.55,0.0,337.55
3728,1491,48,1,48857.09,0.0,48857.09
3729,1491,7,2,11903.44,0.0,23806.88
3730,1492,6,2,8439.67,0.0,16879.34
3731,1493,3,3,4598.39,0.05,13105.41
3732,1493,29,2,438.5,0.05,833.15
3733,1494,2,2,3911.93,0.1,7041.47
3734,1494,9,3,4533.34,0.0,13600.02
3735,1494,30,1,448.49,0.0,448.49
3736,1495,25,2,1719.78,0.0,3439.56
3737,1495,4,1,4078.93,0.0,4078.93
3738,1495,30,1,448.49,0.0,448.49
3739,1496,15,3,1717.5,0.0,5152.5
3740,1496,19,1,301.26,0.2,241.01
3741,1496,4,3,4078.93,0.0,12236.79
3742,1497,19,1,301.26,0.0,301.26
3743,1497,51,1,29838.95,0.0,29838.95
3744,1497,6,2,8439.67,0.0,16879.34
3745,1498,16,1,1147.33,0.0,1147.33
3746,1498,30,2,448.49,0.05,852.13
3747,1499,16,1,1147.33,0.05,1089.96
3748,1499,38,3,21688.29,0.05,61811.63
3749,1499,49,1,24383.87,0.0,24383.87
3750,1500,27,3,1246.0,0.05,3551.1
3751,1500,20,3,337.55,0.1,911.39
3752,1500,26,2,1412.65,0.0,2825.3
3753,1501,9,2,4533.34,0.0,9066.68
3754,1502,45,3,50632.32,0.0,151896.96
3755,1502,35,3,3039.94,0.05,8663.83
3756,1503,11,2,4853.64,0.05,9221.92
3757,1503,11,2,4853.64,0.1,8736.55
3758,1504,48,3,48857.09,0.2,117257.02
3759,1504,50,1,32122.03,0.1,28909.83
3760,1504,11,1,4853.64,0.0,4853.64
3761,1505,17,2,425.94,0.05,809.29
3762,1506,3,2,4598.39,0.0,9196.78
3763,1506,12,1,5553.73,0.1,4998.36
3764,1506,1,3,4311.34,0.0,12934.02
3765,1507,31,3,440.79,0.0,1322.37
3766,1507,16,2,1147.33,0.05,2179.93
3767,1507,26,2,1412.65,0.0,2825.3
3768,1507,10,3,5058.33,0.05,14416.24
3769,1508,13,3,1356.94,0.0,4070.82
3770,1509,1,1,4311.34,0.0,4311.34
3771,1510,26,1,1412.65,0.0,1412.65
3772,1510,3,1,4598.39,0.05,4368.47
3773,1510,39,1,22252.18,0.0,22252.18
3774,1511,18,3,316.88,0.05,903.11
3775,1511,20,1,337.55,0.0,337.55
3776,1511,30,1,448.49,0.05,426.07
3777,1511,22,2,256.1,0.05,486.59
3778,1512,31,1,440.79,0.1,396.71
3779,1512,18,1,316.88,0.0,316.88
3780,1512,31,2,440.79,0.0,881.58
3781,1513,34,1,3937.59,0.05,3740.71
3782,1513,14,1,1335.52,0.05,1268.74
3783,1514,20,1,337.55,0.0,337.55
3784,1514,49,2,24383.87,0.1,43890.97
3785,1514,5,2,7323.99,0.05,13915.58
3786,1514,29,3,438.5,0.0,1315.5
3787,1515,32,1,403.22,0.0,403.22
3788,1516,5,1,7323.99,0.05,6957.79
3789,1517,50,1,32122.03,0.0,32122.03
3790,1517,14,3,1335.52,0.05,3806.23
3791,1517,24,2,291.78,0.1,525.2
3792,1518,48,1,48857.09,0.0,48857.09
3793,1518,21,1,395.89,0.0,395.89
3794,1518,35,1,3039.94,0.2,2431.95
3795,1519,45,1,50632.32,0.0,50632.32
3796,1519,38,1,21688.29,0.0,21688.29
3797,1519,31,1,440.79,0.05,418.75
3798,1520,3,3,4598.39,0.0,13795.17
3799,1520,42,1,1783.38,0.0,1783.38
3800,1520,10,3,5058.33,0.05,14416.24
3801,1521,29,1,438.5,0.0,438.5
3802,1522,4,3,4078.93,0.2,9789.43
3803,1522,13,3,1356.94,0.0,4070.82
3804,1522,32,3,403.22,0.05,1149.18
3805,1523,16,1,1147.33,0.0,1147.33
3806,1523,23,3,381.96,0.05,1088.59
3807,1523,20,3,337.55,0.05,962.02
3808,1524,47,2,32443.0,0.0,64886.0
3809,1524,24,2,291.78,0.1,525.2
3810,1525,20,1,337.55,0.1,303.8
3811,1526,3,2,4598.39,0.0,9196.78
3812,1526,36,2,2924.06,0.2,4678.5
3813,1527,26,1,1412.65,0.0,1412.65
3814,1527,50,3,32122.03,0.0,96366.09
3815,1527,33,1,3763.53,0.2,3010.82
3816,1527,27,1,1246.0,0.0,1246.0
3817,1528,9,2,4533.34,0.1,8160.01
3818,1528,9,3,4533.34,0.0,13600.02
3819,1528,30,2,448.49,0.0,896.98
3820,1528,27,2,1246.0,0.0,2492.0
3821,1529,46,1,44103.32,0.05,41898.15
3822,1529,7,2,11903.44,0.0,23806.88
3823,1530,10,3,5058.33,0.05,14416.24
3824,1530,23,1,381.96,0.2,305.57
3825,1531,41,2,1458.5,0.0,2917.0
3826,1531,31,1,440.79,0.0,440.79
3827,1531,24,2,291.78,0.0,583.56
3828,1531,44,2,1675.89,0.2,2681.42
3829,1532,40,3,16569.14,0.05,47222.05
3830,1533,25,3,1719.78,0.05,4901.37
3831,1534,10,2,5058.33,0.0,10116.66
3832,1534,32,2,403.22,0.05,766.12
3833,1534,22,3,256.1,0.0,768.3
3834,1535,17,3,425.94,0.05,1213.93
3835,1536,38,3,21688.29,0.0,65064.87
3836,1536,18,1,316.88,0.0,316.88
3837,1536,41,1,1458.5,0.0,1458.5
3838,1536,42,3,1783.38,0.0,5350.14
3839,1537,28,3,2077.38,0.0,6232.14
3840,1537,15,1,1717.5,0.05,1631.62
3841,1537,18,3,316.88,0.2,760.51
3842,1537,2,3,3911.93,0.0,11735.79
3843,1538,45,3,50632.32,0.0,151896.96
3844,1538,48,3,48857.09,0.1,131914.14
3845,1538,40,3,16569.14,0.1,44736.68
3846,1539,12,1,5553.73,0.0,5553.73
3847,1539,50,2,32122.03,0.0,64244.06
3848,1539,46,1,44103.32,0.1,39692.99
3849,1540,38,2,21688.29,0.05,41207.75
3850,1540,17,1,425.94,0.1,383.35
3851,1540,44,2,1675.89,0.1,3016.6
3852,1540,11,2,4853.64,0.0,9707.28
3853,1541,30,2,448.49,0.2,717.58
3854,1541,27,1,1246.0,0.0,1246.0
3855,1541,35,1,3039.94,0.0,3039.94
3856,1541,6,2,8439.67,0.0,16879.34
3857,1542,17,1,425.94,0.05,404.64
3858,1543,22,3,256.1,0.0,768.3
3859,1543,36,1,2924.06,0.0,2924.06
3860,1543,37,1,20338.2,0.05,19321.29
3861,1544,23,1,381.96,0.0,381.96
3862,1544,45,3,50632.32,0.1,136707.26
3863,1544,38,3,21688.29,0.1,58558.38
3864,1544,26,3,1412.65,0.0,4237.95
3865,1545,16,1,1147.33,0.0,1147.33
3866,1545,44,2,1675.89,0.1,3016.6
3867,1546,32,1,403.22,0.0,403.22
3868,1546,9,3,4533.34,0.05,12920.02
3869,1547,18,3,316.88,0.0,950.64
3870,1547,23,3,381.96,0.05,1088.59
3871,1548,16,2,1147.33,0.0,2294.66
3872,1548,10,1,5058.33,0.05,4805.41
3873,1548,12,3,5553.73,0.0,16661.19
3874,1548,24,1,291.78,0.1,262.6
3875,1549,16,1,1147.33,0.1,1032.6
3876,1549,8,3,7478.19,0.0,22434.57
3877,1549,47,2,32443.0,0.0,64886.0
3878,1550,3,1,4598.39,0.0,4598.39
3879,1551,8,2,7478.19,0.0,14956.38
3880,1551,12,1,5553.73,0.05,5276.04
3881,1551,23,1,381.96,0.0,381.96
3882,1552,44,3,1675.89,0.0,5027.67
3883,1552,29,3,438.5,0.1,1183.95
3884,1552,20,2,337.55,0.05,641.34
3885,1552,25,3,1719.78,0.0,5159.34
3886,1553,48,1,48857.09,0.0,48857.09
3887,1553,5,1,7323.99,0.0,7323.99
3888,1553,28,2,2077.38,0.05,3947.02
3889,1553,47,2,32443.0,0.2,51908.8
3890,1554,47,2,32443.0,0.0,64886.0
3891,1554,22,1,256.1,0.0,256.1
3892,1554,18,1,316.88,0.0,316.88
3893,1555,30,3,448.49,0.1,1210.92
3894,1555,45,2,50632.32,0.05,96201.41
3895,1555,14,2,1335.52,0.1,2403.94
3896,1555,22,3,256.1,0.2,614.64
3897,1556,18,1,316.88,0.05,301.04
3898,1556,19,2,301.26,0.0,602.52
3899,1556,12,3,5553.73,0.0,16661.19
3900,1556,13,3,1356.94,0.05,3867.28
3901,1557,19,2,301.26,0.05,572.39
3902,1557,35,1,3039.94,0.0,3039.94
3903,1558,35,2,3039.94,0.1,5471.89
3904,1559,17,3,425.94,0.0,1277.82
3905,1559,31,1,440.79,0.0,440.79
3906,1559,46,2,44103.32,0.0,88206.64
3907,1559,19,2,301.26,0.0,602.52
3908,1560,44,1,1675.89,0.0,1675.89
3909,1560,1,3,4311.34,0.1,11640.62
3910,1560,47,2,32443.0,0.0,64886.0
3911,1560,27,2,1246.0,0.0,2492.0
3912,1561,16,1,1147.33,0.0,1147.33
3913,1562,30,2,448.49,0.0,896.98
3914,1562,18,1,316.88,0.0,316.88
3915,1562,12,1,5553.73,0.0,5553.73
3916,1562,47,1,32443.0,0.0,32443.0
3917,1563,20,2,337.55,0.0,675.1
3918,1563,47,2,32443.0,0.0,64886.0
3919,1564,30,3,448.49,0.0,1345.47
3920,1565,29,2,438.5,0.05,833.15
3921,1565,44,2,1675.89,0.0,3351.78
3922,1565,11,1,4853.64,0.0,4853.64
3923,1565,34,2,3937.59,0.05,7481.42
3924,1566,24,3,291.78,0.0,875.34
3925,1566,22,3,256.1,0.0,768.3
3926,1566,19,1,301.26,0.0,301.26
3927,1566,9,3,4533.34,0.0,13600.02
3928,1567,24,2,291.78,0.1,525.2
3929,1567,48,3,48857.09,0.05,139242.71
3930,1567,17,1,425.94,0.05,404.64
3931,1568,46,2,44103.32,0.0,88206.64
3932,1568,18,3,316.88,0.1,855.58
3933,1568,5,2,7323.99,0.2,11718.38
3934,1569,18,3,316.88,0.1,855.58
3935,1569,1,2,4311.34,0.0,8622.68
3936,1570,48,3,48857.09,0.0,146571.27
3937,1570,18,1,316.88,0.0,316.88
3938,1571,27,3,1246.0,0.1,3364.2
3939,1572,39,1,22252.18,0.0,22252.18
3940,1573,28,2,2077.38,0.05,3947.02
3941,1573,26,1,1412.65,0.0,1412.65
3942,1573,39,2,22252.18,0.0,44504.36
3943,1573,24,3,291.78,0.0,875.34
3944,1574,16,1,1147.33,0.05,1089.96
3945,1574,11,1,4853.64,0.0,4853.64
3946,1574,37,3,20338.2,0.0,61014.6
3947,1575,24,3,291.78,0.2,700.27
3948,1576,17,1,425.94,0.2,340.75
3949,1576,36,1,2924.06,0.0,2924.06
3950,1577,9,1,4533.34,0.0,4533.34
3951,1577,40,3,16569.14,0.05,47222.05
3952,1577,52,3,35725.17,0.05,101816.73
3953,1577,14,1,1335.52,0.0,1335.52
3954,1578,15,1,1717.5,0.0,1717.5
3955,1579,25,2,1719.78,0.05,3267.58
3956,1579,26,2,1412.65,0.05,2684.04
3957,1579,7,3,11903.44,0.0,35710.32
3958,1580,6,3,8439.67,0.0,25319.01
3959,1580,49,2,24383.87,0.2,39014.19
3960,1580,4,2,4078.93,0.0,8157.86
3961,1580,42,2,1783.38,0.0,3566.76
3962,1581,11,1,4853.64,0.05,4610.96
3963,1581,2,2,3911.93,0.0,7823.86
3964,1581,33,1,3763.53,0.0,3763.53
3965,1581,41,3,1458.5,0.0,4375.5
3966,1582,23,3,381.96,0.05,1088.59
3967,1582,37,2,20338.2,0.1,36608.76
3968,1582,22,2,256.1,0.0,512.2
3969,1582,45,3,50632.32,0.05,144302.11
3970,1583,36,2,2924.06,0.2,4678.5
3971,1583,1,3,4311.34,0.0,12934.02
3972,1584,20,1,337.55,0.05,320.67
3973,1584,34,1,3937.59,0.0,3937.59
3974,1584,45,2,50632.32,0.05,96201.41
3975,1584,9,1,4533.34,0.0,4533.34
3976,1585,15,2,1717.5,0.1,3091.5
3977,1585,42,1,1783.38,0.1,1605.04
3978,1585,48,3,48857.09,0.05,139242.71
3979,1586,18,1,316.88,0.1,285.19
3980,1587,29,2,438.5,0.05,833.15
3981,1587,24,1,291.78,0.0,291.78
3982,1588,31,2,440.79,0.0,881.58
3983,1589,3,3,4598.39,0.1,12415.65
3984,1589,32,2,403.22,0.0,806.44
3985,1589,10,3,5058.33,0.05,14416.24
3986,1590,37,3,20338.2,0.05,57963.87
3987,1590,43,3,1480.37,0.05,4219.05
3988,1590,39,1,22252.18,0.0,22252.18
3989,1591,16,3,1147.33,0.1,3097.79
3990,1591,42,1,1783.38,0.1,1605.04
3991,1591,4,1,4078.93,0.0,4078.93
3992,1592,34,3,3937.59,0.0,11812.77
3993,1592,8,3,7478.19,0.2,17947.66
3994,1593,37,1,20338.2,0.0,20338.2
3995,1593,26,2,1412.65,0.0,2825.3
3996,1593,30,1,448.49,0.0,448.49
3997,1594,20,1,337.55,0.0,337.55
3998,1595,41,3,1458.5,0.0,4375.5
3999,1595,15,2,1717.5,0.0,3435.0
4000,1595,15,1,1717.5,0.05,1631.62
4001,1595,43,2,1480.37,0.0,2960.74
4002,1596,49,2,24383.87,0.0,48767.74
4003,1596,38,2,21688.29,0.0,43376.58
4004,1596,41,2,1458.5,0.0,2917.0
4005,1596,35,3,3039.94,0.0,9119.82
4006,1597,21,2,395.89,0.0,791.78
4007,1598,9,2,4533.34,0.0,9066.68
4008,1598,8,1,7478.19,0.0,7478.19
4009,1598,1,1,4311.34,0.0,4311.34
4010,1599,46,1,44103.32,0.05,41898.15
4011,1599,40,1,16569.14,0.1,14912.23
4012,1599,8,1,7478.19,0.0,7478.19
4013,1600,12,3,5553.73,0.1,14995.07
4014,1600,49,1,24383.87,0.0,24383.87
4015,1601,14,1,1335.52,0.05,1268.74
4016,1601,45,3,50632.32,0.0,151896.96
4017,1602,31,2,440.79,0.2,705.26
4018,1602,8,2,7478.19,0.0,14956.38
4019,1602,23,1,381.96,0.1,343.76
4020,1603,18,3,316.88,0.05,903.11
4021,1603,9,1,4533.34,0.05,4306.67
4022,1603,3,3,4598.39,0.0,13795.17
4023,1604,4,2,4078.93,0.1,7342.07
4024,1604,1,2,4311.34,0.05,8191.55
4025,1605,16,1,1147.33,0.0,1147.33
4026,1605,39,3,22252.18,0.0,66756.54
4027,1605,24,1,291.78,0.0,291.78
4028,1606,9,1,4533.34,0.0,4533.34
4029,1607,10,3,5058.33,0.05,14416.24
4030,1607,43,1,1480.37,0.2,1184.3
4031,1608,24,3,291.78,0.0,875.34
4032,1608,22,2,256.1,0.05,486.59
4033,1608,28,2,2077.38,0.0,4154.76
4034,1608,34,1,3937.59,0.0,3937.59
4035,1609,13,3,1356.94,0.0,4070.82
4036,1610,6,1,8439.67,0.0,8439.67
4037,1610,43,2,1480.37,0.1,2664.67
4038,1610,49,2,24383.87,0.05,46329.35
4039,1610,50,3,32122.03,0.0,96366.09
4040,1611,13,2,1356.94,0.0,2713.88
4041,1611,22,2,256.1,0.1,460.98
4042,1612,48,3,48857.09,0.0,146571.27
4043,1612,3,2,4598.39,0.0,9196.78
4044,1612,42,3,1783.38,0.0,5350.14
4045,1613,25,3,1719.78,0.0,5159.34
4046,1613,9,3,4533.34,0.0,13600.02
4047,1613,50,3,32122.03,0.0,96366.09
4048,1613,5,2,7323.99,0.1,13183.18
4049,1614,33,1,3763.53,0.0,3763.53
4050,1614,46,2,44103.32,0.0,88206.64
4051,1614,25,3,1719.78,0.1,4643.41
4052,1615,49,2,24383.87,0.0,48767.74
4053,1615,11,2,4853.64,0.05,9221.92
4054,1615,49,2,24383.87,0.0,48767.74
4055,1616,6,3,8439.67,0.0,25319.01
4056,1616,38,3,21688.29,0.0,65064.87
4057,1617,46,1,44103.32,0.2,35282.66
4058,1617,22,1,256.1,0.0,256.1
4059,1617,8,3,7478.19,0.0,22434.57
4060,1618,39,1,22252.18,0.0,22252.18
4061,1618,52,2,35725.17,0.0,71450.34
4062,1618,25,2,1719.78,0.0,3439.56
4063,1618,9,1,4533.34,0.1,4080.01
4064,1619,44,2,1675.89,0.1,3016.6
4065,1620,48,3,48857.09,0.1,131914.14
4066,1620,42,1,1783.38,0.0,1783.38
4067,1620,40,3,16569.14,0.05,47222.05
4068,1621,22,3,256.1,0.0,768.3
4069,1621,46,1,44103.32,0.1,39692.99
4070,1621,36,1,2924.06,0.0,2924.06
4071,1621,43,3,1480.37,0.0,4441.11
4072,1622,39,3,22252.18,0.05,63418.71
4073,1622,22,1,256.1,0.0,256.1
4074,1622,29,3,438.5,0.0,1315.5
4075,1622,10,2,5058.33,0.0,10116.66
4076,1623,8,3,7478.19,0.1,20191.11
4077,1623,49,3,24383.87,0.0,73151.61
4078,1623,37,2,20338.2,0.0,40676.4
4079,1623,36,2,2924.06,0.0,5848.12
4080,1624,45,1,50632.32,0.05,48100.7
4081,1624,19,3,301.26,0.0,903.78
4082,1624,16,1,1147.33,0.0,1147.33
4083,1625,8,1,7478.19,0.0,7478.19
4084,1625,7,2,11903.44,0.05,22616.54
4085,1625,28,2,2077.38,0.0,4154.76
4086,1625,5,3,7323.99,0.0,21971.97
4087,1626,22,1,256.1,0.05,243.3
4088,1626,33,1,3763.53,0.05,3575.35
4089,1626,34,3,3937.59,0.2,9450.22
4090,1626,10,2,5058.33,0.0,10116.66
4091,1627,15,3,1717.5,0.05,4894.88
4092,1627,8,1,7478.19,0.05,7104.28
4093,1628,25,2,1719.78,0.1,3095.6
4094,1628,39,1,22252.18,0.0,22252.18
4095,1628,32,1,403.22,0.2,322.58
4096,1629,52,3,35725.17,0.0,107175.51
4097,1629,31,3,440.79,0.0,1322.37
4098,1629,9,1,4533.34,0.0,4533.34
4099,1630,19,3,301.26,0.0,903.78
4100,1630,23,1,381.96,0.0,381.96
4101,1630,15,3,1717.5,0.0,5152.5
4102,1631,6,1,8439.67,0.0,8439.67
4103,1632,3,3,4598.39,0.1,12415.65
4104,1632,34,3,3937.59,0.05,11222.13
4105,1632,19,2,301.26,0.05,572.39
4106,1632,4,1,4078.93,0.0,4078.93
4107,1633,49,3,24383.87,0.2,58521.29
4108,1633,23,3,381.96,0.0,1145.88
4109,1633,46,3,44103.32,0.0,132309.96
4110,1634,21,3,395.89,0.2,950.14
4111,1635,46,1,44103.32,0.0,44103.32
4112,1635,15,1,1717.5,0.1,1545.75
4113,1635,52,2,35725.17,0.0,71450.34
4114,1636,15,1,1717.5,0.0,1717.5
4115,1636,30,2,448.49,0.0,896.98
4116,1636,41,2,1458.5,0.05,2771.15
4117,1637,26,3,1412.65,0.0,4237.95
4118,1637,7,1,11903.44,0.0,11903.44
4119,1638,30,2,448.49,0.05,852.13
4120,1639,28,3,2077.38,0.2,4985.71
4121,1640,12,1,5553.73,0.05,5276.04
4122,1640,31,2,440.79,0.0,881.58
4123,1640,31,3,440.79,0.0,1322.37
4124,1640,16,2,1147.33,0.0,2294.66
4125,1641,41,3,1458.5,0.2,3500.4
4126,1641,45,3,50632.32,0.05,144302.11
4127,1641,3,3,4598.39,0.0,13795.17
4128,1642,21,3,395.89,0.0,1187.67
4129,1643,26,2,1412.65,0.05,2684.04
4130,1643,6,1,8439.67,0.0,8439.67
4131,1643,47,1,32443.0,0.2,25954.4
4132,1644,1,1,4311.34,0.0,4311.34
4133,1645,2,1,3911.93,0.0,3911.93
4134,1645,16,1,1147.33,0.2,917.86
4135,1646,40,3,16569.14,0.0,49707.42
4136,1646,49,3,24383.87,0.0,73151.61
4137,1646,39,1,22252.18,0.0,22252.18
4138,1647,45,1,50632.32,0.0,50632.32
4139,1647,18,1,316.88,0.0,316.88
4140,1647,42,3,1783.38,0.0,5350.14
4141,1647,6,2,8439.67,0.1,15191.41
4142,1648,32,2,403.22,0.0,806.44
4143,1648,38,2,21688.29,0.0,43376.58
4144,1648,44,3,1675.89,0.0,5027.67
4145,1648,20,1,337.55,0.0,337.55
4146,1649,16,1,1147.33,0.05,1089.96
4147,1650,20,2,337.55,0.0,675.1
4148,1650,42,1,1783.38,0.05,1694.21
4149,1650,3,2,4598.39,0.05,8736.94
4150,1651,51,1,29838.95,0.0,29838.95
4151,1651,23,1,381.96,0.05,362.86
4152,1652,7,3,11903.44,0.0,35710.32
4153,1653,33,3,3763.53,0.05,10726.06
4154,1653,1,1,4311.34,0.05,4095.77
4155,1653,7,2,11903.44,0.1,21426.19
4156,1654,4,2,4078.93,0.0,8157.86
4157,1654,7,2,11903.44,0.0,23806.88
4158,1654,16,3,1147.33,0.1,3097.79
4159,1655,27,3,1246.0,0.0,3738.0
4160,1655,40,2,16569.14,0.0,33138.28
4161,1655,23,3,381.96,0.0,1145.88
4162,1656,14,2,1335.52,0.05,2537.49
4163,1657,29,2,438.5,0.0,877.0
4164,1657,35,3,3039.94,0.0,9119.82
4165,1657,19,2,301.26,0.0,602.52
4166,1658,24,1,291.78,0.0,291.78
4167,1658,31,3,440.79,0.0,1322.37
4168,1659,47,1,32443.0,0.05,30820.85
4169,1659,5,2,7323.99,0.2,11718.38
4170,1659,34,1,3937.59,0.05,3740.71
4171,1660,37,1,20338.2,0.1,18304.38
4172,1660,34,2,3937.59,0.1,7087.66
4173,1661,42,1,1783.38,0.0,1783.38
4174,1662,42,3,1783.38,0.1,4815.13
4175,1662,50,3,32122.03,0.0,96366.09
4176,1662,27,1,1246.0,0.0,1246.0
4177,1663,50,3,32122.03,0.0,96366.09
4178,1663,6,3,8439.67,0.05,24053.06
4179,1663,7,3,11903.44,0.0,35710.32
4180,1663,6,2,8439.67,0.1,15191.41
4181,1664,25,3,1719.78,0.1,4643.41
4182,1664,42,1,1783.38,0.1,1605.04
4183,1664,46,3,44103.32,0.1,119078.96
4184,1664,25,2,1719.78,0.05,3267.58
4185,1665,20,2,337.55,0.0,675.1
4186,1665,41,3,1458.5,0.0,4375.5
4187,1666,43,1,1480.37,0.0,1480.37
4188,1666,8,3,7478.19,0.0,22434.57
4189,1666,24,2,291.78,0.0,583.56
4190,1667,12,3,5553.73,0.0,16661.19
4191,1667,21,3,395.89,0.1,1068.9
4192,1667,36,2,2924.06,0.0,5848.12
4193,1668,24,3,291.78,0.0,875.34
4194,1669,42,2,1783.38,0.0,3566.76
4195,1669,30,2,448.49,0.1,807.28
4196,1669,33,2,3763.53,0.1,6774.35
4197,1670,33,2,3763.53,0.2,6021.65
4198,1670,45,3,50632.32,0.0,151896.96
4199,1670,39,2,22252.18,0.0,44504.36
4200,1670,22,1,256.1,0.2,204.88
4201,1671,47,1,32443.0,0.0,32443.0
4202,1672,29,2,438.5,0.0,877.0
4203,1672,8,3,7478.19,0.0,22434.57
4204,1673,49,1,24383.87,0.0,24383.87
4205,1673,5,3,7323.99,0.1,19774.77
4206,1673,48,2,48857.09,0.05,92828.47
4207,1673,14,3,1335.52,0.05,3806.23
4208,1674,11,1,4853.64,0.2,3882.91
4209,1675,48,1,48857.09,0.0,48857.09
4210,1675,27,2,1246.0,0.1,2242.8
4211,1675,46,3,44103.32,0.0,132309.96
4212,1676,43,1,1480.37,0.0,1480.37
4213,1676,7,3,11903.44,0.2,28568.26
4214,1676,29,3,438.5,0.0,1315.5
4215,1677,44,3,1675.89,0.0,5027.67
4216,1677,33,3,3763.53,0.0,11290.59
4217,1678,29,3,438.5,0.05,1249.72
4218,1678,40,2,16569.14,0.05,31481.37
4219,1679,7,1,11903.44,0.0,11903.44
4220,1679,29,1,438.5,0.0,438.5
4221,1680,19,1,301.26,0.05,286.2
4222,1680,34,3,3937.59,0.0,11812.77
4223,1680,38,2,21688.29,0.0,43376.58
4224,1680,15,3,1717.5,0.0,5152.5
4225,1681,45,3,50632.32,0.0,151896.96
4226,1681,19,2,301.26,0.0,602.52
4227,1681,4,3,4078.93,0.1,11013.11
4228,1681,7,2,11903.44,0.05,22616.54
4229,1682,30,3,448.49,0.0,1345.47
4230,1682,47,3,32443.0,0.05,92462.55
4231,1682,10,1,5058.33,0.05,4805.41
4232,1682,5,1,7323.99,0.05,6957.79
4233,1683,13,3,1356.94,0.1,3663.74
4234,1683,15,2,1717.5,0.2,2748.0
4235,1683,50,1,32122.03,0.0,32122.03
4236,1684,37,3,20338.2,0.0,61014.6
4237,1684,49,2,24383.87,0.1,43890.97
4238,1684,49,3,24383.87,0.05,69494.03
4239,1684,34,3,3937.59,0.0,11812.77
4240,1685,43,2,1480.37,0.1,2664.67
4241,1685,11,3,4853.64,0.0,14560.92
4242,1685,47,3,32443.0,0.05,92462.55
4243,1685,8,3,7478.19,0.0,22434.57
4244,1686,34,3,3937.59,0.05,11222.13
4245,1686,45,2,50632.32,0.05,96201.41
4246,1686,27,3,1246.0,0.1,3364.2
4247,1687,44,1,1675.89,0.0,1675.89
4248,1687,47,1,32443.0,0.0,32443.0
4249,1687,35,2,3039.94,0.0,6079.88
4250,1688,26,3,1412.65,0.0,4237.95
4251,1688,25,3,1719.78,0.0,5159.34
4252,1688,18,3,316.88,0.1,855.58
4253,1688,49,3,24383.87,0.1,65836.45
4254,1689,29,2,438.5,0.1,789.3
4255,1689,51,3,29838.95,0.0,89516.85
4256,1689,28,2,2077.38,0.0,4154.76
4257,1690,6,1,8439.67,0.0,8439.67
4258,1691,28,3,2077.38,0.0,6232.14
4259,1691,43,2,1480.37,0.0,2960.74
4260,1691,1,3,4311.34,0.0,12934.02
4261,1692,40,3,16569.14,0.0,49707.42
4262,1692,34,2,3937.59,0.1,7087.66
4263,1692,31,3,440.79,0.0,1322.37
4264,1692,20,3,337.55,0.1,911.39
4265,1693,9,2,4533.34,0.0,9066.68
4266,1693,42,1,1783.38,0.0,1783.38
4267,1694,21,3,395.89,0.0,1187.67
4268,1694,41,3,1458.5,0.0,4375.5
4269,1694,27,1,1246.0,0.1,1121.4
4270,1695,47,1,32443.0,0.05,30820.85
4271,1695,15,1,1717.5,0.0,1717.5
4272,1695,27,3,1246.0,0.0,3738.0
4273,1696,16,3,1147.33,0.1,3097.79
4274,1697,17,1,425.94,0.1,383.35
4275,1697,32,1,403.22,0.1,362.9
4276,1697,30,3,448.49,0.0,1345.47
4277,1697,52,2,35725.17,0.0,71450.34
4278,1698,12,1,5553.73,0.0,5553.73
4279,1698,2,1,3911.93,0.0,3911.93
4280,1698,52,1,35725.17,0.0,35725.17
4281,1698,11,3,4853.64,0.2,11648.74
4282,1699,1,1,4311.34,0.05,4095.77
4283,1699,15,2,1717.5,0.0,3435.0
4284,1700,49,3,24383.87,0.0,73151.61
4285,1700,10,1,5058.33,0.0,5058.33
4286,1700,48,2,48857.09,0.0,97714.18
4287,1701,10,1,5058.33,0.1,4552.5
4288,1701,51,1,29838.95,0.0,29838.95
4289,1702,19,2,301.26,0.0,602.52
4290,1702,20,3,337.55,0.05,962.02
4291,1703,12,2,5553.73,0.0,11107.46
4292,1704,51,3,29838.95,0.1,80565.17
4293,1704,46,1,44103.32,0.05,41898.15
4294,1704,20,1,337.55,0.0,337.55
4295,1704,8,3,7478.19,0.0,22434.57
4296,1705,37,2,20338.2,0.0,40676.4
4297,1705,37,1,20338.2,0.0,20338.2
4298,1705,51,1,29838.95,0.0,29838.95
4299,1706,13,3,1356.94,0.1,3663.74
4300,1706,42,3,1783.38,0.05,5082.63
4301,1707,37,3,20338.2,0.1,54913.14
4302,1707,46,2,44103.32,0.1,79385.98
4303,1707,16,1,1147.33,0.0,1147.33
4304,1707,27,3,1246.0,0.0,3738.0
4305,1708,5,1,7323.99,0.0,7323.99
4306,1708,23,1,381.96,0.0,381.96
4307,1708,42,1,1783.38,0.0,1783.38
4308,1708,15,1,1717.5,0.0,1717.5
4309,1709,12,1,5553.73,0.05,5276.04
4310,1709,34,2,3937.59,0.0,7875.18
4311,1709,20,1,337.55,0.0,337.55
4312,1710,1,3,4311.34,0.0,12934.02
4313,1711,38,2,21688.29,0.1,39038.92
4314,1712,26,3,1412.65,0.05,4026.05
4315,1712,20,2,337.55,0.1,607.59
4316,1712,7,3,11903.44,0.2,28568.26
4317,1712,12,2,5553.73,0.1,9996.71
4318,1713,50,1,32122.03,0.1,28909.83
4319,1713,17,1,425.94,0.1,383.35
4320,1713,37,3,20338.2,0.0,61014.6
4321,1713,1,3,4311.34,0.0,12934.02
4322,1714,11,3,4853.64,0.1,13104.83
4323,1714,39,1,22252.18,0.0,22252.18
4324,1714,38,2,21688.29,0.0,43376.58
4325,1715,22,2,256.1,0.2,409.76
4326,1716,33,2,3763.53,0.05,7150.71
4327,1716,32,3,403.22,0.05,1149.18
4328,1716,19,3,301.26,0.0,903.78
4329,1716,7,2,11903.44,0.2,19045.5
4330,1717,14,1,1335.52,0.1,1201.97
4331,1718,21,3,395.89,0.05,1128.29
4332,1719,39,1,22252.18,0.2,17801.74
4333,1719,30,1,448.49,0.2,358.79
4334,1719,4,1,4078.93,0.0,4078.93
4335,1720,10,3,5058.33,0.05,14416.24
4336,1720,35,2,3039.94,0.0,6079.88
4337,1720,6,1,8439.67,0.0,8439.67
4338,1720,12,1,5553.73,0.2,4442.98
4339,1721,6,3,8439.67,0.0,25319.01
4340,1721,14,1,1335.52,0.0,1335.52
4341,1721,13,1,1356.94,0.05,1289.09
4342,1721,35,3,3039.94,0.05,8663.83
4343,1722,3,2,4598.39,0.0,9196.78
4344,1722,39,2,22252.18,0.0,44504.36
4345,1723,33,3,3763.53,0.0,11290.59
4346,1723,23,3,381.96,0.05,1088.59
4347,1724,2,3,3911.93,0.2,9388.63
4348,1724,37,1,20338.2,0.0,20338.2
4349,1724,44,2,1675.89,0.0,3351.78
4350,1724,34,1,3937.59,0.1,3543.83
4351,1725,36,3,2924.06,0.05,8333.57
4352,1725,22,2,256.1,0.0,512.2
4353,1725,2,2,3911.93,0.0,7823.86
4354,1726,13,3,1356.94,0.05,3867.28
4355,1726,33,3,3763.53,0.0,11290.59
4356,1726,31,2,440.79,0.1,793.42
4357,1727,12,2,5553.73,0.0,11107.46
4358,1728,6,3,8439.67,0.1,22787.11
4359,1728,9,1,4533.34,0.0,4533.34
4360,1728,44,3,1675.89,0.0,5027.67
4361,1729,21,2,395.89,0.1,712.6
4362,1729,6,3,8439.67,0.0,25319.01
4363,1729,7,3,11903.44,0.05,33924.8
4364,1730,25,2,1719.78,0.2,2751.65
4365,1730,2,1,3911.93,0.05,3716.33
4366,1730,32,2,403.22,0.0,806.44
4367,1731,24,3,291.78,0.0,875.34
4368,1731,33,3,3763.53,0.0,11290.59
4369,1732,12,2,5553.73,0.1,9996.71
4370,1732,50,1,32122.03,0.1,28909.83
4371,1733,2,1,3911.93,0.0,3911.93
4372,1733,44,1,1675.89,0.0,1675.89
4373,1733,13,2,1356.94,0.2,2171.1
4374,1734,49,2,24383.87,0.1,43890.97
4375,1734,2,2,3911.93,0.0,7823.86
4376,1734,8,1,7478.19,0.0,7478.19
4377,1734,50,1,32122.03,0.1,28909.83
4378,1735,29,3,438.5,0.0,1315.5
4379,1735,29,3,438.5,0.2,1052.4
4380,1735,44,2,1675.89,0.05,3184.19
4381,1735,30,1,448.49,0.0,448.49
4382,1736,18,1,316.88,0.0,316.88
4383,1737,39,3,22252.18,0.1,60080.89
4384,1737,3,3,4598.39,0.05,13105.41
4385,1737,37,3,20338.2,0.0,61014.6
4386,1737,7,3,11903.44,0.2,28568.26
4387,1738,16,2,1147.33,0.05,2179.93
4388,1738,30,3,448.49,0.0,1345.47
4389,1738,19,2,301.26,0.05,572.39
4390,1738,16,3,1147.33,0.0,3441.99
4391,1739,47,3,32443.0,0.0,97329.0
4392,1739,45,2,50632.32,0.0,101264.64
4393,1739,45,3,50632.32,0.05,144302.11
4394,1740,20,3,337.55,0.1,911.39
4395,1740,52,3,35725.17,0.0,107175.51
4396,1740,26,2,1412.65,0.0,2825.3
4397,1741,27,1,1246.0,0.0,1246.0
4398,1742,23,1,381.96,0.0,381.96
4399,1742,5,2,7323.99,0.0,14647.98
4400,1743,1,1,4311.34,0.2,3449.07
4401,1743,27,3,1246.0,0.0,3738.0
4402,1743,16,2,1147.33,0.0,2294.66
4403,1743,6,1,8439.67,0.0,8439.67
4404,1744,43,2,1480.37,0.0,2960.74
4405,1745,47,1,32443.0,0.1,29198.7
4406,1746,44,3,1675.89,0.1,4524.9
4407,1746,49,1,24383.87,0.05,23164.68
4408,1746,38,2,21688.29,0.0,43376.58
4409,1747,15,2,1717.5,0.0,3435.0
4410,1747,20,2,337.55,0.0,675.1
4411,1748,13,3,1356.94,0.05,3867.28
4412,1748,48,2,48857.09,0.0,97714.18
4413,1749,32,2,403.22,0.0,806.44
4414,1749,47,1,32443.0,0.05,30820.85
4415,1750,35,3,3039.94,0.0,9119.82
4416,1750,6,3,8439.67,0.2,20255.21
4417,1751,14,2,1335.52,0.1,2403.94
4418,1752,51,1,29838.95,0.0,29838.95
4419,1752,28,3,2077.38,0.05,5920.53
4420,1752,39,3,22252.18,0.05,63418.71
4421,1753,32,2,403.22,0.05,766.12
4422,1753,40,1,16569.14,0.1,14912.23
4423,1753,2,2,3911.93,0.05,7432.67
4424,1754,40,1,16569.14,0.0,16569.14
4425,1754,19,1,301.26,0.0,301.26
4426,1755,13,3,1356.94,0.0,4070.82
4427,1755,35,1,3039.94,0.1,2735.95
4428,1756,22,2,256.1,0.0,512.2
4429,1756,23,1,381.96,0.0,381.96
4430,1757,21,3,395.89,0.0,1187.67
4431,1757,39,3,22252.18,0.0,66756.54
4432,1758,27,2,1246.0,0.0,2492.0
4433,1758,13,2,1356.94,0.0,2713.88
4434,1758,39,3,22252.18,0.0,66756.54
4435,1759,29,1,438.5,0.0,438.5
4436,1759,46,3,44103.32,0.0,132309.96
4437,1759,26,1,1412.65,0.05,1342.02
4438,1759,16,3,1147.33,0.1,3097.79
4439,1760,5,2,7323.99,0.0,14647.98
4440,1760,43,3,1480.37,0.0,4441.11
4441,1760,31,2,440.79,0.1,793.42
4442,1761,21,1,395.89,0.0,395.89
4443,1762,8,2,7478.19,0.0,14956.38
4444,1762,32,2,403.22,0.05,766.12
4445,1763,52,3,35725.17,0.05,101816.73
4446,1763,42,3,1783.38,0.0,5350.14
4447,1763,7,3,11903.44,0.0,35710.32
4448,1763,21,3,395.89,0.0,1187.67
4449,1764,47,1,32443.0,0.05,30820.85
4450,1765,50,2,32122.03,0.05,61031.86
4451,1765,29,2,438.5,0.0,877.0
4452,1765,24,3,291.78,0.0,875.34
4453,1766,34,3,3937.59,0.0,11812.77
4454,1766,30,2,448.49,0.0,896.98
4455,1766,1,2,4311.34,0.1,7760.41
4456,1766,21,2,395.89,0.0,791.78
4457,1767,28,2,2077.38,0.05,3947.02
4458,1767,41,2,1458.5,0.0,2917.0
4459,1768,41,1,1458.5,0.0,1458.5
4460,1769,50,3,32122.03,0.0,96366.09
4461,1769,29,3,438.5,0.0,1315.5
4462,1770,17,3,425.94,0.2,1022.26
4463,1770,47,3,32443.0,0.0,97329.0
4464,1770,2,3,3911.93,0.1,10562.21
4465,1771,45,3,50632.32,0.0,151896.96
4466,1771,49,2,24383.87,0.1,43890.97
4467,1771,45,1,50632.32,0.1,45569.09
4468,1772,11,3,4853.64,0.1,13104.83
4469,1772,5,2,7323.99,0.1,13183.18
4470,1772,11,1,4853.64,0.1,4368.28
4471,1772,22,2,256.1,0.1,460.98
4472,1773,38,2,21688.29,0.05,41207.75
4473,1773,39,3,22252.18,0.0,66756.54
4474,1773,16,1,1147.33,0.05,1089.96
4475,1773,17,3,425.94,0.0,1277.82
4476,1774,36,3,2924.06,0.1,7894.96
4477,1775,11,3,4853.64,0.05,13832.87
4478,1776,21,3,395.89,0.0,1187.67
4479,1776,26,1,1412.65,0.1,1271.39
4480,1776,9,1,4533.34,0.0,4533.34
4481,1776,31,2,440.79,0.05,837.5
4482,1777,29,2,438.5,0.1,789.3
4483,1778,33,1,3763.53,0.0,3763.53
4484,1778,1,3,4311.34,0.2,10347.22
4485,1779,41,2,1458.5,0.05,2771.15
4486,1779,11,1,4853.64,0.0,4853.64
4487,1780,11,1,4853.64,0.1,4368.28
4488,1780,4,2,4078.93,0.1,7342.07
4489,1781,36,3,2924.06,0.0,8772.18
4490,1781,1,1,4311.34,0.2,3449.07
4491,1781,23,2,381.96,0.0,763.92
4492,1781,49,1,24383.87,0.0,24383.87
4493,1782,31,2,440.79,0.05,837.5
4494,1782,34,1,3937.59,0.0,3937.59
4495,1782,7,3,11903.44,0.05,33924.8
4496,1782,19,3,301.26,0.0,903.78
4497,1783,9,1,4533.34,0.1,4080.01
4498,1783,34,2,3937.59,0.0,7875.18
4499,1784,13,2,1356.94,0.2,2171.1
4500,1785,31,3,440.79,0.05,1256.25
4501,1785,24,3,291.78,0.0,875.34
4502,1785,29,1,438.5,0.05,416.58
4503,1786,34,1,3937.59,0.0,3937.59
4504,1786,14,2,1335.52,0.0,2671.04
4505,1787,12,2,5553.73,0.0,11107.46
4506,1788,10,3,5058.33,0.1,13657.49
4507,1788,8,2,7478.19,0.05,14208.56
4508,1789,20,2,337.55,0.0,675.1
4509,1789,47,2,32443.0,0.0,64886.0
4510,1789,13,1,1356.94,0.0,1356.94
4511,1790,20,1,337.55,0.0,337.55
4512,1790,48,3,48857.09,0.0,146571.27
4513,1791,13,2,1356.94,0.05,2578.19
4514,1791,43,1,1480.37,0.0,1480.37
4515,1792,27,3,1246.0,0.2,2990.4
4516,1792,26,1,1412.65,0.05,1342.02
4517,1792,37,2,20338.2,0.05,38642.58
4518,1792,34,1,3937.59,0.0,3937.59
4519,1793,33,1,3763.53,0.05,3575.35
4520,1793,31,3,440.79,0.05,1256.25
4521,1793,50,2,32122.03,0.0,64244.06
4522,1793,3,3,4598.39,0.05,13105.41
4523,1794,3,2,4598.39,0.0,9196.78
4524,1795,17,2,425.94,0.05,809.29
4525,1796,8,1,7478.19,0.1,6730.37
4526,1796,24,2,291.78,0.0,583.56
4527,1796,46,1,44103.32,0.1,39692.99
4528,1796,51,2,29838.95,0.1,53710.11
4529,1797,29,2,438.5,0.0,877.0
4530,1797,41,3,1458.5,0.05,4156.72
4531,1798,5,3,7323.99,0.05,20873.37
4532,1798,51,3,29838.95,0.0,89516.85
4533,1799,20,3,337.55,0.1,911.39
4534,1800,11,3,4853.64,0.0,14560.92
4535,1801,1,1,4311.34,0.0,4311.34
4536,1801,15,1,1717.5,0.0,1717.5
4537,1801,34,2,3937.59,0.05,7481.42
4538,1802,34,2,3937.59,0.2,6300.14
4539,1802,34,2,3937.59,0.0,7875.18
4540,1803,3,1,4598.39,0.0,4598.39
4541,1803,6,1,8439.67,0.0,8439.67
4542,1803,19,3,301.26,0.0,903.78
4543,1803,44,1,1675.89,0.0,1675.89
4544,1804,41,1,1458.5,0.0,1458.5
4545,1805,5,2,7323.99,0.0,14647.98
4546,1805,19,3,301.26,0.05,858.59
4547,1806,5,1,7323.99,0.0,7323.99
4548,1807,38,3,21688.29,0.1,58558.38
4549,1807,44,3,1675.89,0.0,5027.67
4550,1808,52,2,35725.17,0.0,71450.34
4551,1808,3,1,4598.39,0.0,4598.39
4552,1808,46,2,44103.32,0.05,83796.31
4553,1809,34,3,3937.59,0.2,9450.22
4554,1810,37,3,20338.2,0.05,57963.87
4555,1810,28,2,2077.38,0.0,4154.76
4556,1810,7,1,11903.44,0.1,10713.1
4557,1810,28,3,2077.38,0.0,6232.14
4558,1811,1,1,4311.34,0.0,4311.34
4559,1811,48,2,48857.09,0.05,92828.47
4560,1811,26,3,1412.65,0.0,4237.95
4561,1811,9,1,4533.34,0.1,4080.01
4562,1812,34,3,3937.59,0.0,11812.77
4563,1813,35,2,3039.94,0.05,5775.89
4564,1813,13,2,1356.94,0.1,2442.49
4565,1814,21,1,395.89,0.0,395.89
4566,1814,11,2,4853.64,0.05,9221.92
4567,1814,16,1,1147.33,0.0,1147.33
4568,1815,52,2,35725.17,0.0,71450.34
4569,1816,22,1,256.1,0.0,256.1
4570,1816,26,2,1412.65,0.0,2825.3
4571,1816,30,1,448.49,0.0,448.49
4572,1817,29,3,438.5,0.0,1315.5
4573,1817,26,1,1412.65,0.0,1412.65
4574,1817,2,1,3911.93,0.0,3911.93
4575,1818,24,1,291.78,0.0,291.78
4576,1818,46,3,44103.32,0.05,125694.46
4577,1819,31,2,440.79,0.0,881.58
4578,1819,14,2,1335.52,0.2,2136.83
4579,1819,12,2,5553.73,0.2,8885.97
4580,1820,38,1,21688.29,0.0,21688.29
4581,1821,51,3,29838.95,0.0,89516.85
4582,1821,30,3,448.49,0.0,1345.47
4583,1821,20,3,337.55,0.1,911.39
4584,1821,51,3,29838.95,0.0,89516.85
4585,1822,2,2,3911.93,0.05,7432.67
4586,1822,6,2,8439.67,0.1,15191.41
4587,1822,27,1,1246.0,0.0,1246.0
4588,1822,17,3,425.94,0.05,1213.93
4589,1823,39,2,22252.18,0.2,35603.49
4590,1823,2,1,3911.93,0.2,3129.54
4591,1824,5,2,7323.99,0.0,14647.98
4592,1824,20,1,337.55,0.0,337.55
4593,1824,28,1,2077.38,0.1,1869.64
4594,1825,26,3,1412.65,0.2,3390.36
4595,1825,12,3,5553.73,0.0,16661.19
4596,1825,3,2,4598.39,0.0,9196.78
4597,1825,1,3,4311.34,0.0,12934.02
4598,1826,44,1,1675.89,0.0,1675.89
4599,1826,47,3,32443.0,0.0,97329.0
4600,1826,3,3,4598.39,0.05,13105.41
4601,1827,6,3,8439.67,0.0,25319.01
4602,1827,27,2,1246.0,0.0,2492.0
4603,1828,26,1,1412.65,0.1,1271.39
4604,1829,13,1,1356.94,0.0,1356.94
4605,1829,45,1,50632.32,0.05,48100.7
4606,1829,44,1,1675.89,0.05,1592.1
4607,1830,46,3,44103.32,0.0,132309.96
4608,1830,8,1,7478.19,0.1,6730.37
4609,1830,25,1,1719.78,0.0,1719.78
4610,1830,2,2,3911.93,0.0,7823.86
4611,1831,1,1,4311.34,0.0,4311.34
4612,1832,43,1,1480.37,0.0,1480.37
4613,1833,34,2,3937.59,0.0,7875.18
4614,1834,32,1,403.22,0.0,403.22
4615,1834,23,1,381.96,0.0,381.96
4616,1834,37,1,20338.2,0.0,20338.2
4617,1834,20,1,337.55,0.2,270.04
4618,1835,41,2,1458.5,0.1,2625.3
4619,1836,39,2,22252.18,0.1,40053.92
4620,1836,29,1,438.5,0.0,438.5
4621,1836,48,2,48857.09,0.0,97714.18
4622,1837,18,1,316.88,0.2,253.5
4623,1837,2,1,3911.93,0.0,3911.93
4624,1838,27,3,1246.0,0.0,3738.0
4625,1838,48,3,48857.09,0.05,139242.71
4626,1838,33,2,3763.53,0.1,6774.35
4627,1839,3,1,4598.39,0.0,4598.39
4628,1840,6,2,8439.67,0.0,16879.34
4629,1840,21,2,395.89,0.0,791.78
4630,1841,20,3,337.55,0.05,962.02
4631,1841,2,2,3911.93,0.2,6259.09
4632,1841,26,2,1412.65,0.0,2825.3
4633,1841,30,3,448.49,0.0,1345.47
4634,1842,43,2,1480.37,0.0,2960.74
4635,1842,51,3,29838.95,0.0,89516.85
4636,1842,40,3,16569.14,0.0,49707.42
4637,1842,49,1,24383.87,0.05,23164.68
4638,1843,9,3,4533.34,0.1,12240.02
4639,1843,44,2,1675.89,0.0,3351.78
4640,1843,37,3,20338.2,0.0,61014.6
4641,1844,34,3,3937.59,0.0,11812.77
4642,1844,16,3,1147.33,0.05,3269.89
4643,1845,18,3,316.88,0.0,950.64
4644,1846,45,3,50632.32,0.2,121517.57
4645,1846,8,2,7478.19,0.0,14956.38
4646,1846,1,3,4311.34,0.2,10347.22
4647,1847,41,2,1458.5,0.0,2917.0
4648,1848,16,3,1147.33,0.05,3269.89
4649,1848,48,2,48857.09,0.1,87942.76
4650,1848,23,1,381.96,0.05,362.86
4651,1848,46,2,44103.32,0.0,88206.64
4652,1849,2,1,3911.93,0.0,3911.93
4653,1849,20,2,337.55,0.0,675.1
4654,1849,36,1,2924.06,0.0,2924.06
4655,1849,27,1,1246.0,0.2,996.8
4656,1850,37,3,20338.2,0.0,61014.6
4657,1850,1,3,4311.34,0.1,11640.62
4658,1851,33,3,3763.53,0.0,11290.59
4659,1852,9,2,4533.34,0.0,9066.68
4660,1853,41,3,1458.5,0.0,4375.5
4661,1853,9,2,4533.34,0.0,9066.68
4662,1853,33,1,3763.53,0.0,3763.53
4663,1854,34,3,3937.59,0.0,11812.77
4664,1854,32,2,403.22,0.05,766.12
4665,1854,22,2,256.1,0.05,486.59
4666,1855,24,1,291.78,0.0,291.78
4667,1856,17,2,425.94,0.1,766.69
4668,1856,26,2,1412.65,0.05,2684.04
4669,1857,15,1,1717.5,0.0,1717.5
4670,1858,52,2,35725.17,0.0,71450.34
4671,1858,16,2,1147.33,0.2,1835.73
4672,1858,25,2,1719.78,0.0,3439.56
4673,1858,43,2,1480.37,0.1,2664.67
4674,1859,37,3,20338.2,0.1,54913.14
4675,1859,50,1,32122.03,0.0,32122.03
4676,1860,29,1,438.5,0.2,350.8
4677,1861,3,2,4598.39,0.05,8736.94
4678,1861,35,2,3039.94,0.0,6079.88
4679,1861,45,1,50632.32,0.05,48100.7
4680,1862,36,1,2924.06,0.05,2777.86
4681,1862,10,2,5058.33,0.05,9610.83
4682,1862,12,1,5553.73,0.0,5553.73
4683,1863,35,1,3039.94,0.0,3039.94
4684,1863,24,3,291.78,0.0,875.34
4685,1864,34,1,3937.59,0.0,3937.59
4686,1864,48,2,48857.09,0.0,97714.18
4687,1864,35,1,3039.94,0.05,2887.94
4688,1865,35,3,3039.94,0.0,9119.82
4689,1865,32,3,403.22,0.0,1209.66
4690,1865,32,3,403.22,0.0,1209.66
4691,1865,45,2,50632.32,0.1,91138.18
4692,1866,15,1,1717.5,0.0,1717.5
4693,1866,49,3,24383.87,0.0,73151.61
4694,1866,31,1,440.79,0.0,440.79
4695,1867,39,3,22252.18,0.2,53405.23
4696,1867,52,3,35725.17,0.1,96457.96
4697,1867,17,2,425.94,0.0,851.88
4698,1867,50,1,32122.03,0.0,32122.03
4699,1868,44,2,1675.89,0.1,3016.6
4700,1868,15,2,1717.5,0.0,3435.0
4701,1869,3,1,4598.39,0.05,4368.47
4702,1869,3,1,4598.39,0.05,4368.47
4703,1870,27,3,1246.0,0.1,3364.2
4704,1870,10,3,5058.33,0.1,13657.49
4705,1870,50,2,32122.03,0.0,64244.06
4706,1870,10,3,5058.33,0.1,13657.49
4707,1871,32,2,403.22,0.0,806.44
4708,1871,39,2,22252.18,0.0,44504.36
4709,1871,19,1,301.26,0.0,301.26
4710,1872,49,3,24383.87,0.05,69494.03
4711,1873,36,2,2924.06,0.0,5848.12
4712,1873,6,3,8439.67,0.0,25319.01
4713,1873,34,3,3937.59,0.0,11812.77
4714,1874,25,3,1719.78,0.05,4901.37
4715,1874,14,2,1335.52,0.1,2403.94
4716,1875,45,2,50632.32,0.1,91138.18
4717,1875,39,2,22252.18,0.05,42279.14
4718,1875,47,2,32443.0,0.0,64886.0
4719,1876,11,2,4853.64,0.05,9221.92
4720,1877,13,2,1356.94,0.1,2442.49
4721,1877,48,2,48857.09,0.0,97714.18
4722,1877,41,3,1458.5,0.1,3937.95
4723,1878,52,2,35725.17,0.05,67877.82
4724,1878,12,2,5553.73,0.0,11107.46
4725,1878,39,2,22252.18,0.05,42279.14
4726,1878,16,2,1147.33,0.05,2179.93
4727,1879,32,3,403.22,0.0,1209.66
4728,1879,37,1,20338.2,0.0,20338.2
4729,1879,49,2,24383.87,0.2,39014.19
4730,1880,28,1,2077.38,0.05,1973.51
4731,1880,40,1,16569.14,0.05,15740.68
4732,1880,35,1,3039.94,0.0,3039.94
4733,1881,27,1,1246.0,0.0,1246.0
4734,1881,2,1,3911.93,0.0,3911.93
4735,1881,48,2,48857.09,0.0,97714.18
4736,1882,48,2,48857.09,0.1,87942.76
4737,1883,35,3,3039.94,0.05,8663.83
4738,1884,38,2,21688.29,0.0,43376.58
4739,1884,34,3,3937.59,0.0,11812.77
4740,1885,34,3,3937.59,0.0,11812.77
4741,1885,47,2,32443.0,0.0,64886.0
4742,1885,19,2,301.26,0.0,602.52
4743,1885,23,1,381.96,0.0,381.96
4744,1886,7,3,11903.44,0.2,28568.26
4745,1887,44,3,1675.89,0.0,5027.67
4746,1887,31,3,440.79,0.0,1322.37
4747,1887,34,3,3937.59,0.2,9450.22
4748,1887,17,3,425.94,0.05,1213.93
4749,1888,8,1,7478.19,0.05,7104.28
4750,1888,7,1,11903.44,0.0,11903.44
4751,1888,20,1,337.55,0.0,337.55
4752,1889,38,1,21688.29,0.1,19519.46
4753,1889,22,1,256.1,0.0,256.1
4754,1890,23,2,381.96,0.05,725.72
4755,1890,43,2,1480.37,0.0,2960.74
4756,1890,27,3,1246.0,0.2,2990.4
4757,1890,35,1,3039.94,0.0,3039.94
4758,1891,35,3,3039.94,0.2,7295.86
4759,1891,4,2,4078.93,0.05,7749.97
4760,1892,43,2,1480.37,0.2,2368.59
4761,1892,15,1,1717.5,0.05,1631.62
4762,1892,11,2,4853.64,0.2,7765.82
4763,1893,15,1,1717.5,0.0,1717.5
4764,1893,46,1,44103.32,0.0,44103.32
4765,1893,22,2,256.1,0.05,486.59
4766,1893,32,3,403.22,0.05,1149.18
4767,1894,46,3,44103.32,0.1,119078.96
4768,1895,15,3,1717.5,0.05,4894.88
4769,1895,19,2,301.26,0.1,542.27
4770,1895,52,3,35725.17,0.0,107175.51
4771,1896,29,1,438.5,0.2,350.8
4772,1896,9,3,4533.34,0.05,12920.02
4773,1896,43,2,1480.37,0.0,2960.74
4774,1896,31,2,440.79,0.2,705.26
4775,1897,28,2,2077.38,0.05,3947.02
4776,1897,22,1,256.1,0.1,230.49
4777,1897,47,3,32443.0,0.0,97329.0
4778,1897,19,3,301.26,0.1,813.4
4779,1898,33,2,3763.53,0.0,7527.06
4780,1898,44,1,1675.89,0.0,1675.89
4781,1899,5,3,7323.99,0.0,21971.97
4782,1899,48,1,48857.09,0.0,48857.09
4783,1899,31,1,440.79,0.0,440.79
4784,1899,7,2,11903.44,0.0,23806.88
4785,1900,39,3,22252.18,0.05,63418.71
4786,1900,43,1,1480.37,0.0,1480.37
4787,1900,29,1,438.5,0.1,394.65
4788,1901,40,2,16569.14,0.0,33138.28
4789,1901,42,2,1783.38,0.0,3566.76
4790,1901,32,2,403.22,0.0,806.44
4791,1901,49,3,24383.87,0.0,73151.61
4792,1902,14,2,1335.52,0.1,2403.94
4793,1902,22,2,256.1,0.0,512.2
4794,1902,7,3,11903.44,0.0,35710.32
4795,1902,34,3,3937.59,0.0,11812.77
4796,1903,36,2,2924.06,0.0,5848.12
4797,1903,33,2,3763.53,0.0,7527.06
4798,1904,52,3,35725.17,0.0,107175.51
4799,1904,43,1,1480.37,0.0,1480.37
4800,1904,8,3,7478.19,0.0,22434.57
4801,1905,10,1,5058.33,0.1,4552.5
4802,1905,15,3,1717.5,0.0,5152.5
4803,1905,11,2,4853.64,0.2,7765.82
4804,1905,21,3,395.89,0.0,1187.67
4805,1906,43,1,1480.37,0.2,1184.3
4806,1907,2,1,3911.93,0.05,3716.33
4807,1907,6,3,8439.67,0.05,24053.06
4808,1908,46,2,44103.32,0.0,88206.64
4809,1909,37,1,20338.2,0.05,19321.29
4810,1909,9,3,4533.34,0.1,12240.02
4811,1909,30,3,448.49,0.0,1345.47
4812,1909,43,2,1480.37,0.1,2664.67
4813,1910,31,1,440.79,0.0,440.79
4814,1910,15,3,1717.5,0.0,5152.5
4815,1910,4,2,4078.93,0.05,7749.97
4816,1910,31,3,440.79,0.0,1322.37
4817,1911,22,3,256.1,0.05,729.88
4818,1911,5,1,7323.99,0.1,6591.59
4819,1912,11,3,4853.64,0.05,13832.87
4820,1912,42,2,1783.38,0.05,3388.42
4821,1912,27,2,1246.0,0.0,2492.0
4822,1912,6,1,8439.67,0.0,8439.67
4823,1913,14,3,1335.52,0.1,3605.9
4824,1913,18,3,316.88,0.0,950.64
4825,1914,37,1,20338.2,0.05,19321.29
4826,1914,2,2,3911.93,0.1,7041.47
4827,1914,10,1,5058.33,0.0,5058.33
4828,1914,4,3,4078.93,0.0,12236.79
4829,1915,34,1,3937.59,0.0,3937.59
4830,1915,17,1,425.94,0.0,425.94
4831,1916,52,2,35725.17,0.1,64305.31
4832,1916,35,3,3039.94,0.1,8207.84
4833,1917,17,1,425.94,0.05,404.64
4834,1918,28,1,2077.38,0.1,1869.64
4835,1919,22,1,256.1,0.1,230.49
4836,1919,48,3,48857.09,0.0,146571.27
4837,1920,15,1,1717.5,0.1,1545.75
4838,1921,12,2,5553.73,0.05,10552.09
4839,1921,37,3,20338.2,0.0,61014.6
4840,1922,47,3,32443.0,0.0,97329.0
4841,1922,31,3,440.79,0.0,1322.37
4842,1922,20,1,337.55,0.05,320.67
4843,1922,30,3,448.49,0.0,1345.47
4844,1923,27,1,1246.0,0.0,1246.0
4845,1923,6,2,8439.67,0.0,16879.34
4846,1923,24,2,291.78,0.0,583.56
4847,1924,37,3,20338.2,0.0,61014.6
4848,1924,16,3,1147.33,0.0,3441.99
4849,1924,39,2,22252.18,0.0,44504.36
4850,1925,47,1,32443.0,0.0,32443.0
4851,1925,37,3,20338.2,0.0,61014.6
4852,1925,2,1,3911.93,0.0,3911.93
4853,1925,51,1,29838.95,0.0,29838.95
4854,1926,34,2,3937.59,0.0,7875.18
4855,1926,38,3,21688.29,0.05,61811.63
4856,1927,6,2,8439.67,0.0,16879.34
4857,1927,34,1,3937.59,0.05,3740.71
4858,1928,29,2,438.5,0.1,789.3
4859,1929,17,1,425.94,0.05,404.64
4860,1930,40,3,16569.14,0.1,44736.68
4861,1930,5,1,7323.99,0.0,7323.99
4862,1930,9,2,4533.34,0.0,9066.68
4863,1930,4,1,4078.93,0.0,4078.93
4864,1931,16,2,1147.33,0.0,2294.66
4865,1931,31,3,440.79,0.0,1322.37
4866,1931,18,3,316.88,0.0,950.64
4867,1931,4,3,4078.93,0.1,11013.11
4868,1932,46,1,44103.32,0.1,39692.99
4869,1932,17,2,425.94,0.0,851.88
4870,1933,38,3,21688.29,0.0,65064.87
4871,1933,51,1,29838.95,0.05,28347.0
4872,1933,24,3,291.78,0.0,875.34
4873,1934,36,1,2924.06,0.0,2924.06
4874,1934,23,1,381.96,0.0,381.96
4875,1934,50,3,32122.03,0.0,96366.09
4876,1935,41,2,1458.5,0.2,2333.6
4877,1935,10,2,5058.33,0.0,10116.66
4878,1935,47,2,32443.0,0.0,64886.0
4879,1935,25,2,1719.78,0.0,3439.56
4880,1936,9,1,4533.34,0.0,4533.34
4881,1936,2,2,3911.93,0.0,7823.86
4882,1937,16,2,1147.33,0.0,2294.66
4883,1937,32,2,403.22,0.0,806.44
4884,1937,17,1,425.94,0.0,425.94
4885,1937,23,2,381.96,0.0,763.92
4886,1938,13,2,1356.94,0.0,2713.88
4887,1938,38,1,21688.29,0.05,20603.88
4888,1938,5,2,7323.99,0.0,14647.98
4889,1939,41,2,1458.5,0.0,2917.0
4890,1939,8,3,7478.19,0.1,20191.11
4891,1939,52,2,35725.17,0.05,67877.82
4892,1940,28,3,2077.38,0.0,6232.14
4893,1940,18,2,316.88,0.0,633.76
4894,1941,6,3,8439.67,0.0,25319.01
4895,1942,7,1,11903.44,0.2,9522.75
4896,1942,40,3,16569.14,0.1,44736.68
4897,1943,47,1,32443.0,0.0,32443.0
4898,1943,6,3,8439.67,0.0,25319.01
4899,1943,2,3,3911.93,0.0,11735.79
4900,1943,14,1,1335.52,0.0,1335.52
4901,1944,45,2,50632.32,0.0,101264.64
4902,1944,50,3,32122.03,0.1,86729.48
4903,1944,18,3,316.88,0.1,855.58
4904,1944,6,2,8439.67,0.05,16035.37
4905,1945,4,3,4078.93,0.0,12236.79
4906,1945,23,2,381.96,0.05,725.72
4907,1945,47,3,32443.0,0.05,92462.55
4908,1946,18,1,316.88,0.2,253.5
4909,1947,21,2,395.89,0.05,752.19
4910,1948,8,2,7478.19,0.05,14208.56
4911,1948,31,1,440.79,0.2,352.63
4912,1949,17,1,425.94,0.0,425.94
4913,1950,30,3,448.49,0.1,1210.92
4914,1950,2,2,3911.93,0.05,7432.67
4915,1951,18,1,316.88,0.05,301.04
4916,1951,32,1,403.22,0.05,383.06
4917,1951,17,1,425.94,0.0,425.94
4918,1951,31,3,440.79,0.0,1322.37
4919,1952,3,3,4598.39,0.1,12415.65
4920,1952,4,2,4078.93,0.1,7342.07
4921,1953,42,3,1783.38,0.0,5350.14
4922,1954,42,3,1783.38,0.1,4815.13
4923,1955,26,3,1412.65,0.1,3814.16
4924,1955,35,2,3039.94,0.05,5775.89
4925,1956,33,3,3763.53,0.05,10726.06
4926,1956,18,1,316.88,0.1,285.19
4927,1956,32,1,403.22,0.1,362.9
4928,1957,3,3,4598.39,0.1,12415.65
4929,1957,27,3,1246.0,0.0,3738.0
4930,1958,30,2,448.49,0.0,896.98
4931,1958,11,2,4853.64,0.05,9221.92
4932,1959,35,1,3039.94,0.0,3039.94
4933,1959,18,2,316.88,0.05,602.07
4934,1959,26,3,1412.65,0.05,4026.05
4935,1960,37,1,20338.2,0.0,20338.2
4936,1960,18,2,316.88,0.0,633.76
4937,1960,33,1,3763.53,0.0,3763.53
4938,1961,4,1,4078.93,0.1,3671.04
4939,1961,43,3,1480.37,0.1,3997.0
4940,1962,19,2,301.26,0.0,602.52
4941,1962,38,2,21688.29,0.0,43376.58
4942,1963,2,3,3911.93,0.05,11149.0
4943,1963,45,3,50632.32,0.0,151896.96
4944,1963,52,3,35725.17,0.05,101816.73
4945,1964,27,2,1246.0,0.0,2492.0
4946,1964,2,2,3911.93,0.0,7823.86
4947,1964,31,1,440.79,0.0,440.79
4948,1965,39,3,22252.18,0.05,63418.71
4949,1965,14,2,1335.52,0.0,2671.04
4950,1966,29,1,438.5,0.0,438.5
4951,1966,33,3,3763.53,0.0,11290.59
4952,1967,48,2,48857.09,0.1,87942.76
4953,1968,14,3,1335.52,0.05,3806.23
4954,1968,22,1,256.1,0.1,230.49
4955,1968,48,2,48857.09,0.05,92828.47
4956,1969,21,2,395.89,0.0,791.78
4957,1969,14,1,1335.52,0.0,1335.52
4958,1969,30,3,448.49,0.1,1210.92
4959,1969,46,1,44103.32,0.0,44103.32
4960,1970,39,1,22252.18,0.0,22252.18
4961,1971,14,2,1335.52,0.0,2671.04
4962,1971,22,1,256.1,0.1,230.49
4963,1972,18,1,316.88,0.0,316.88
4964,1972,16,3,1147.33,0.05,3269.89
4965,1972,25,2,1719.78,0.1,3095.6
4966,1972,10,3,5058.33,0.05,14416.24
4967,1973,41,3,1458.5,0.0,4375.5
4968,1974,22,1,256.1,0.0,256.1
4969,1974,19,3,301.26,0.05,858.59
4970,1975,13,1,1356.94,0.0,1356.94
4971,1975,34,3,3937.59,0.1,10631.49
4972,1975,34,1,3937.59,0.0,3937.59
4973,1976,30,3,448.49,0.0,1345.47
4974,1976,43,1,1480.37,0.05,1406.35
4975,1977,4,2,4078.93,0.05,7749.97
4976,1977,13,3,1356.94,0.0,4070.82
4977,1977,2,3,3911.93,0.0,11735.79
4978,1978,33,3,3763.53,0.0,11290.59
4979,1978,45,1,50632.32,0.0,50632.32
4980,1978,23,2,381.96,0.0,763.92
4981,1979,51,1,29838.95,0.0,29838.95
4982,1980,38,1,21688.29,0.0,21688.29
4983,1980,22,2,256.1,0.05,486.59
4984,1981,23,3,381.96,0.0,1145.88
4985,1981,50,2,32122.03,0.0,64244.06
4986,1982,17,3,425.94,0.0,1277.82
4987,1982,21,1,395.89,0.0,395.89
4988,1982,36,3,2924.06,0.0,8772.18
4989,1983,50,1,32122.03,0.1,28909.83
4990,1983,16,3,1147.33,0.0,3441.99
4991,1984,34,2,3937.59,0.0,7875.18
4992,1984,32,3,403.22,0.0,1209.66
4993,1985,42,2,1783.38,0.05,3388.42
4994,1986,36,1,2924.06,0.05,2777.86
4995,1986,50,1,32122.03,0.1,28909.83
4996,1986,8,2,7478.19,0.0,14956.38
4997,1987,12,1,5553.73,0.05,5276.04
4998,1987,27,1,1246.0,0.0,1246.0
4999,1987,27,2,1246.0,0.2,1993.6
5000,1987,46,3,44103.32,0.1,119078.96
5001,1988,31,3,440.79,0.0,1322.37
5002,1988,47,1,32443.0,0.0,32443.0
5003,1988,36,3,2924.06,0.05,8333.57
5004,1989,40,3,16569.14,0.2,39765.94
5005,1989,6,2,8439.67,0.05,16035.37
5006,1989,2,3,3911.93,0.0,11735.79
5007,1990,24,3,291.78,0.0,875.34
5008,1990,5,2,7323.99,0.1,13183.18
5009,1991,2,3,3911.93,0.0,11735.79
5010,1991,47,3,32443.0,0.0,97329.0
5011,1991,12,2,5553.73,0.0,11107.46
5012,1992,43,2,1480.37,0.0,2960.74
5013,1993,44,1,1675.89,0.0,1675.89
5014,1994,27,1,1246.0,0.05,1183.7
5015,1994,39,2,22252.18,0.0,44504.36
5016,1995,15,2,1717.5,0.1,3091.5
5017,1996,7,1,11903.44,0.0,11903.44
5018,1996,2,3,3911.93,0.0,11735.79
5019,1996,35,2,3039.94,0.2,4863.9
5020,1997,18,1,316.88,0.05,301.04
5021,1997,44,3,1675.89,0.0,5027.67
5022,1997,8,1,7478.19,0.05,7104.28
5023,1997,12,1,5553.73,0.05,5276.04
5024,1998,39,2,22252.18,0.0,44504.36
5025,1999,44,3,1675.89,0.0,5027.67
5026,2000,22,3,256.1,0.0,768.3
5027,2000,46,3,44103.32,0.05,125694.46
5028,2001,12,3,5553.73,0.0,16661.19
5029,2001,12,3,5553.73,0.2,13328.95
5030,2001,47,3,32443.0,0.05,92462.55
5031,2001,10,3,5058.33,0.0,15174.99
5032,2002,40,3,16569.14,0.2,39765.94
5033,2002,2,1,3911.93,0.0,3911.93
5034,2002,28,2,2077.38,0.1,3739.28
5035,2002,6,3,8439.67,0.2,20255.21
5036,2003,39,3,22252.18,0.05,63418.71
5037,2003,12,2,5553.73,0.05,10552.09
5038,2004,42,1,1783.38,0.1,1605.04
5039,2004,2,2,3911.93,0.0,7823.86
5040,2005,27,1,1246.0,0.0,1246.0
5041,2006,37,3,20338.2,0.05,57963.87
5042,2006,44,2,1675.89,0.05,3184.19
5043,2006,22,3,256.1,0.0,768.3
5044,2007,23,2,381.96,0.0,763.92
5045,2008,8,3,7478.19,0.05,21312.84
5046,2009,16,3,1147.33,0.0,3441.99
5047,2010,29,1,438.5,0.0,438.5
5048,2010,46,1,44103.32,0.1,39692.99
5049,2010,13,1,1356.94,0.0,1356.94
5050,2010,15,3,1717.5,0.0,5152.5
5051,2011,2,2,3911.93,0.2,6259.09
5052,2011,29,2,438.5,0.0,877.0
5053,2011,49,2,24383.87,0.0,48767.74
5054,2011,21,3,395.89,0.05,1128.29
5055,2012,4,2,4078.93,0.1,7342.07
5056,2013,45,3,50632.32,0.1,136707.26
5057,2014,8,2,7478.19,0.0,14956.38
5058,2015,24,2,291.78,0.0,583.56
5059,2015,39,1,22252.18,0.0,22252.18
5060,2015,32,1,403.22,0.05,383.06
5061,2015,37,3,20338.2,0.0,61014.6
5062,2016,1,1,4311.34,0.05,4095.77
5063,2016,7,3,11903.44,0.05,33924.8
5064,2016,47,2,32443.0,0.0,64886.0
5065,2017,15,2,1717.5,0.05,3263.25
5066,2017,32,1,403.22,0.0,403.22
5067,2017,4,1,4078.93,0.1,3671.04
5068,2018,50,1,32122.03,0.0,32122.03
5069,2018,13,2,1356.94,0.05,2578.19
5070,2018,8,3,7478.19,0.2,17947.66
5071,2018,34,1,3937.59,0.0,3937.59
5072,2019,33,1,3763.53,0.0,3763.53
5073,2019,47,1,32443.0,0.2,25954.4
5074,2019,47,1,32443.0,0.0,32443.0
5075,2019,3,3,4598.39,0.0,13795.17
5076,2020,47,3,32443.0,0.1,87596.1
5077,2020,51,3,29838.95,0.0,89516.85
5078,2020,41,2,1458.5,0.05,2771.15
5079,2021,8,3,7478.19,0.0,22434.57
5080,2021,45,3,50632.32,0.05,144302.11
5081,2021,3,3,4598.39,0.0,13795.17
5082,2021,30,3,448.49,0.0,1345.47
5083,2022,31,3,440.79,0.1,1190.13
5084,2022,13,2,1356.94,0.0,2713.88
5085,2022,45,1,50632.32,0.0,50632.32
5086,2023,27,3,1246.0,0.2,2990.4
5087,2023,28,1,2077.38,0.0,2077.38
5088,2023,50,1,32122.03,0.05,30515.93
5089,2024,15,2,1717.5,0.2,2748.0
5090,2024,28,1,2077.38,0.1,1869.64
5091,2024,16,3,1147.33,0.1,3097.79
5092,2024,23,2,381.96,0.0,763.92
5093,2025,42,1,1783.38,0.05,1694.21
5094,2026,23,3,381.96,0.0,1145.88
5095,2026,19,1,301.26,0.0,301.26
5096,2026,5,1,7323.99,0.1,6591.59
5097,2026,18,1,316.88,0.0,316.88
5098,2027,38,3,21688.29,0.0,65064.87
5099,2027,18,3,316.88,0.05,903.11
5100,2028,31,2,440.79,0.0,881.58
5101,2028,12,3,5553.73,0.0,16661.19
5102,2028,34,2,3937.59,0.0,7875.18
5103,2028,38,3,21688.29,0.0,65064.87
5104,2029,40,2,16569.14,0.0,33138.28
5105,2029,29,3,438.5,0.0,1315.5
5106,2029,44,2,1675.89,0.1,3016.6
5107,2030,50,1,32122.03,0.0,32122.03
5108,2030,19,3,301.26,0.0,903.78
5109,2030,48,3,48857.09,0.2,117257.02
5110,2030,31,2,440.79,0.0,881.58
5111,2031,32,3,403.22,0.0,1209.66
5112,2032,46,1,44103.32,0.05,41898.15
5113,2032,22,2,256.1,0.2,409.76
5114,2032,3,1,4598.39,0.0,4598.39
5115,2033,4,2,4078.93,0.0,8157.86
5116,2033,19,3,301.26,0.05,858.59
5117,2033,28,3,2077.38,0.2,4985.71
5118,2034,45,1,50632.32,0.1,45569.09
5119,2034,47,3,32443.0,0.0,97329.0
5120,2035,27,2,1246.0,0.1,2242.8
5121,2036,6,1,8439.67,0.0,8439.67
5122,2036,12,2,5553.73,0.0,11107.46
5123,2036,15,2,1717.5,0.0,3435.0
5124,2037,34,3,3937.59,0.05,11222.13
5125,2038,52,1,35725.17,0.0,35725.17
5126,2039,5,3,7323.99,0.0,21971.97
5127,2039,41,3,1458.5,0.0,4375.5
5128,2040,24,3,291.78,0.2,700.27
5129,2041,9,1,4533.34,0.1,4080.01
5130,2041,40,2,16569.14,0.0,33138.28
5131,2041,28,1,2077.38,0.0,2077.38
5132,2042,31,2,440.79,0.2,705.26
5133,2043,34,2,3937.59,0.0,7875.18
5134,2043,52,2,35725.17,0.0,71450.34
5135,2044,36,1,2924.06,0.0,2924.06
5136,2044,9,2,4533.34,0.1,8160.01
5137,2044,4,3,4078.93,0.0,12236.79
5138,2044,38,3,21688.29,0.0,65064.87
5139,2045,17,1,425.94,0.2,340.75
5140,2045,29,3,438.5,0.1,1183.95
5141,2045,18,3,316.88,0.05,903.11
5142,2046,18,2,316.88,0.0,633.76
5143,2046,16,1,1147.33,0.05,1089.96
5144,2047,14,2,1335.52,0.1,2403.94
5145,2047,16,3,1147.33,0.0,3441.99
5146,2047,49,2,24383.87,0.0,48767.74
5147,2047,14,1,1335.52,0.1,1201.97
5148,2048,52,3,35725.17,0.2,85740.41
5149,2048,15,3,1717.5,0.2,4122.0
5150,2048,24,2,291.78,0.05,554.38
5151,2048,7,1,11903.44,0.05,11308.27
5152,2049,41,1,1458.5,0.1,1312.65
5153,2049,9,3,4533.34,0.0,13600.02
5154,2049,4,1,4078.93,0.2,3263.14
5155,2050,39,1,22252.18,0.05,21139.57
5156,2051,14,1,1335.52,0.0,1335.52
5157,2051,8,3,7478.19,0.2,17947.66
5158,2051,20,3,337.55,0.0,1012.65
5159,2052,14,2,1335.52,0.0,2671.04
5160,2052,16,1,1147.33,0.1,1032.6
5161,2052,37,1,20338.2,0.0,20338.2
5162,2052,22,2,256.1,0.0,512.2
5163,2053,27,2,1246.0,0.0,2492.0
5164,2053,14,1,1335.52,0.05,1268.74
5165,2054,30,3,448.49,0.1,1210.92
5166,2054,7,2,11903.44,0.1,21426.19
5167,2055,14,2,1335.52,0.1,2403.94
5168,2056,42,1,1783.38,0.0,1783.38
5169,2056,41,3,1458.5,0.0,4375.5
5170,2056,3,1,4598.39,0.0,4598.39
5171,2057,39,2,22252.18,0.05,42279.14
5172,2058,37,3,20338.2,0.05,57963.87
5173,2058,41,2,1458.5,0.0,2917.0
5174,2058,45,2,50632.32,0.0,101264.64
5175,2059,52,1,35725.17,0.0,35725.17
5176,2060,48,1,48857.09,0.0,48857.09
5177,2061,4,2,4078.93,0.0,8157.86
5178,2062,33,2,3763.53,0.0,7527.06
5179,2062,16,1,1147.33,0.0,1147.33
5180,2063,15,3,1717.5,0.1,4637.25
5181,2064,50,3,32122.03,0.05,91547.79
5182,2064,39,1,22252.18,0.1,20026.96
5183,2065,30,2,448.49,0.0,896.98
5184,2065,36,1,2924.06,0.0,2924.06
5185,2065,41,2,1458.5,0.05,2771.15
5186,2066,10,2,5058.33,0.0,10116.66
5187,2067,1,1,4311.34,0.0,4311.34
5188,2067,46,2,44103.32,0.1,79385.98
5189,2068,48,1,48857.09,0.05,46414.24
5190,2068,14,1,1335.52,0.0,1335.52
5191,2069,47,3,32443.0,0.0,97329.0
5192,2069,2,2,3911.93,0.1,7041.47
5193,2070,3,1,4598.39,0.05,4368.47
5194,2071,15,3,1717.5,0.0,5152.5
5195,2071,16,1,1147.33,0.0,1147.33
5196,2072,1,3,4311.34,0.2,10347.22
5197,2072,31,2,440.79,0.0,881.58
5198,2072,27,2,1246.0,0.0,2492.0
5199,2073,37,2,20338.2,0.0,40676.4
5200,2074,2,2,3911.93,0.2,6259.09
5201,2075,9,3,4533.34,0.05,12920.02
5202,2075,39,3,22252.18,0.05,63418.71
5203,2075,48,1,48857.09,0.0,48857.09
5204,2075,16,3,1147.33,0.2,2753.59
5205,2076,51,1,29838.95,0.0,29838.95
5206,2076,5,1,7323.99,0.0,7323.99
5207,2077,44,3,1675.89,0.05,4776.29
5208,2078,4,1,4078.93,0.0,4078.93
5209,2078,32,2,403.22,0.0,806.44
5210,2079,30,1,448.49,0.0,448.49
5211,2079,6,1,8439.67,0.05,8017.69
5212,2079,1,1,4311.34,0.0,4311.34
5213,2079,32,1,403.22,0.0,403.22
5214,2080,15,3,1717.5,0.0,5152.5
5215,2081,45,1,50632.32,0.05,48100.7
5216,2081,46,1,44103.32,0.1,39692.99
5217,2082,21,3,395.89,0.0,1187.67
5218,2082,4,3,4078.93,0.1,11013.11
5219,2083,20,1,337.55,0.05,320.67
5220,2083,27,1,1246.0,0.05,1183.7
5221,2083,28,2,2077.38,0.0,4154.76
5222,2083,45,2,50632.32,0.0,101264.64
5223,2084,45,2,50632.32,0.0,101264.64
5224,2084,18,1,316.88,0.05,301.04
5225,2084,9,2,4533.34,0.1,8160.01
5226,2084,40,1,16569.14,0.2,13255.31
5227,2085,49,1,24383.87,0.1,21945.48
5228,2085,5,3,7323.99,0.0,21971.97
5229,2085,40,1,16569.14,0.0,16569.14
5230,2086,37,1,20338.2,0.0,20338.2
5231,2086,25,2,1719.78,0.0,3439.56
5232,2086,21,1,395.89,0.0,395.89
5233,2086,35,2,3039.94,0.2,4863.9
5234,2087,8,3,7478.19,0.05,21312.84
5235,2087,47,1,32443.0,0.2,25954.4
5236,2087,28,1,2077.38,0.0,2077.38
5237,2087,41,1,1458.5,0.0,1458.5
5238,2088,3,1,4598.39,0.1,4138.55
5239,2088,37,3,20338.2,0.1,54913.14
5240,2088,9,3,4533.34,0.0,13600.02
5241,2089,13,3,1356.94,0.0,4070.82
5242,2090,20,2,337.55,0.0,675.1
5243,2090,22,2,256.1,0.05,486.59
5244,2091,14,2,1335.52,0.0,2671.04
5245,2091,2,1,3911.93,0.2,3129.54
5246,2092,44,2,1675.89,0.2,2681.42
5247,2093,47,1,32443.0,0.0,32443.0
5248,2094,22,2,256.1,0.0,512.2
5249,2094,11,2,4853.64,0.0,9707.28
5250,2094,34,2,3937.59,0.1,7087.66
5251,2095,51,1,29838.95,0.0,29838.95
5252,2095,27,3,1246.0,0.0,3738.0
5253,2095,12,3,5553.73,0.2,13328.95
5254,2096,22,2,256.1,0.0,512.2
5255,2097,21,1,395.89,0.0,395.89
5256,2097,47,1,32443.0,0.2,25954.4
5257,2098,45,2,50632.32,0.0,101264.64
5258,2098,31,3,440.79,0.0,1322.37
5259,2099,37,2,20338.2,0.2,32541.12
5260,2099,45,1,50632.32,0.1,45569.09
5261,2099,36,1,2924.06,0.0,2924.06
5262,2100,17,2,425.94,0.2,681.5
5263,2100,13,1,1356.94,0.0,1356.94
5264,2100,49,3,24383.87,0.0,73151.61
5265,2101,9,1,4533.34,0.0,4533.34
5266,2102,12,3,5553.73,0.0,16661.19
5267,2102,41,2,1458.5,0.05,2771.15
5268,2102,13,2,1356.94,0.0,2713.88
5269,2102,42,1,1783.38,0.2,1426.7
5270,2103,19,2,301.26,0.0,602.52
5271,2103,12,3,5553.73,0.1,14995.07
5272,2103,49,1,24383.87,0.05,23164.68
5273,2103,7,1,11903.44,0.0,11903.44
5274,2104,31,1,440.79,0.0,440.79
5275,2105,17,2,425.94,0.2,681.5
5276,2105,2,2,3911.93,0.1,7041.47
5277,2105,38,3,21688.29,0.1,58558.38
5278,2106,48,3,48857.09,0.0,146571.27
5279,2106,43,2,1480.37,0.0,2960.74
5280,2107,9,3,4533.34,0.0,13600.02
5281,2107,42,1,1783.38,0.05,1694.21
5282,2107,38,2,21688.29,0.0,43376.58
5283,2107,33,1,3763.53,0.1,3387.18
5284,2108,44,2,1675.89,0.0,3351.78
5285,2108,6,1,8439.67,0.0,8439.67
5286,2108,2,1,3911.93,0.0,3911.93
5287,2108,7,2,11903.44,0.1,21426.19
5288,2109,22,3,256.1,0.0,768.3
5289,2109,21,2,395.89,0.0,791.78
5290,2109,4,1,4078.93,0.0,4078.93
5291,2110,31,3,440.79,0.0,1322.37
5292,2111,8,2,7478.19,0.0,14956.38
5293,2111,45,1,50632.32,0.0,50632.32
5294,2112,4,3,4078.93,0.0,12236.79
5295,2112,49,2,24383.87,0.0,48767.74
5296,2113,48,2,48857.09,0.1,87942.76
5297,2113,22,3,256.1,0.0,768.3
5298,2113,35,2,3039.94,0.05,5775.89
5299,2114,25,1,1719.78,0.0,1719.78
5300,2115,27,3,1246.0,0.0,3738.0
5301,2115,33,1,3763.53,0.1,3387.18
5302,2115,36,1,2924.06,0.0,2924.06
5303,2116,48,2,48857.09,0.05,92828.47
5304,2116,51,1,29838.95,0.0,29838.95
5305,2116,8,3,7478.19,0.2,17947.66
5306,2116,27,3,1246.0,0.0,3738.0
5307,2117,47,2,32443.0,0.05,61641.7
5308,2117,21,2,395.89,0.05,752.19
5309,2117,40,3,16569.14,0.1,44736.68
5310,2117,51,3,29838.95,0.05,85041.01
5311,2118,34,2,3937.59,0.0,7875.18
5312,2118,37,3,20338.2,0.0,61014.6
5313,2118,14,3,1335.52,0.05,3806.23
5314,2118,45,1,50632.32,0.2,40505.86
5315,2119,38,3,21688.29,0.0,65064.87
5316,2120,30,3,448.49,0.0,1345.47
5317,2120,34,1,3937.59,0.0,3937.59
5318,2121,44,3,1675.89,0.0,5027.67
5319,2122,24,2,291.78,0.0,583.56
5320,2122,52,2,35725.17,0.05,67877.82
5321,2122,50,1,32122.03,0.05,30515.93
5322,2123,18,1,316.88,0.05,301.04
5323,2123,19,1,301.26,0.0,301.26
5324,2123,48,3,48857.09,0.0,146571.27
5325,2124,16,3,1147.33,0.1,3097.79
5326,2124,9,2,4533.34,0.0,9066.68
5327,2124,35,1,3039.94,0.0,3039.94
5328,2124,9,1,4533.34,0.1,4080.01
5329,2125,23,3,381.96,0.2,916.7
5330,2126,38,2,21688.29,0.0,43376.58
5331,2127,15,3,1717.5,0.1,4637.25
5332,2128,2,3,3911.93,0.0,11735.79
5333,2128,14,3,1335.52,0.0,4006.56
5334,2128,27,2,1246.0,0.1,2242.8
5335,2129,15,2,1717.5,0.0,3435.0
5336,2129,44,2,1675.89,0.0,3351.78
5337,2129,18,3,316.88,0.05,903.11
5338,2129,7,2,11903.44,0.0,23806.88
5339,2130,45,2,50632.32,0.0,101264.64
5340,2130,11,2,4853.64,0.0,9707.28
5341,2131,43,2,1480.37,0.05,2812.7
5342,2131,1,1,4311.34,0.0,4311.34
5343,2132,49,3,24383.87,0.0,73151.61
5344,2133,46,1,44103.32,0.0,44103.32
5345,2134,36,1,2924.06,0.0,2924.06
5346,2134,12,1,5553.73,0.0,5553.73
5347,2135,5,2,7323.99,0.0,14647.98
5348,2135,10,3,5058.33,0.0,15174.99
5349,2136,10,1,5058.33,0.1,4552.5
5350,2136,33,1,3763.53,0.0,3763.53
5351,2137,46,3,44103.32,0.0,132309.96
5352,2137,5,2,7323.99,0.0,14647.98
5353,2137,44,2,1675.89,0.0,3351.78
5354,2137,49,1,24383.87,0.2,19507.1
5355,2138,40,2,16569.14,0.0,33138.28
5356,2139,41,3,1458.5,0.0,4375.5
5357,2139,11,1,4853.64,0.0,4853.64
5358,2139,41,1,1458.5,0.05,1385.58
5359,2139,35,2,3039.94,0.0,6079.88
5360,2140,23,1,381.96,0.2,305.57
5361,2140,52,1,35725.17,0.2,28580.14
5362,2140,50,1,32122.03,0.0,32122.03
5363,2141,46,1,44103.32,0.0,44103.32
5364,2141,7,3,11903.44,0.05,33924.8
5365,2142,19,3,301.26,0.0,903.78
5366,2142,27,3,1246.0,0.05,3551.1
5367,2142,21,1,395.89,0.1,356.3
5368,2143,52,1,35725.17,0.1,32152.65
5369,2143,29,2,438.5,0.0,877.0
5370,2144,31,1,440.79,0.0,440.79
5371,2145,30,1,448.49,0.0,448.49
5372,2145,38,2,21688.29,0.0,43376.58
5373,2146,31,2,440.79,0.0,881.58
5374,2146,20,3,337.55,0.05,962.02
5375,2146,38,1,21688.29,0.0,21688.29
5376,2147,47,1,32443.0,0.05,30820.85
5377,2147,37,1,20338.2,0.0,20338.2
5378,2147,8,1,7478.19,0.0,7478.19
5379,2148,51,3,29838.95,0.0,89516.85
5380,2148,11,2,4853.64,0.05,9221.92
5381,2148,2,3,3911.93,0.05,11149.0
5382,2148,34,1,3937.59,0.2,3150.07
5383,2149,12,2,5553.73,0.0,11107.46
5384,2149,13,3,1356.94,0.0,4070.82
5385,2150,45,1,50632.32,0.0,50632.32
5386,2150,18,2,316.88,0.0,633.76
5387,2151,3,2,4598.39,0.05,8736.94
5388,2151,50,3,32122.03,0.1,86729.48
5389,2152,44,2,1675.89,0.1,3016.6
5390,2152,1,2,4311.34,0.0,8622.68
5391,2152,5,1,7323.99,0.05,6957.79
5392,2152,30,3,448.49,0.1,1210.92
5393,2153,3,1,4598.39,0.05,4368.47
5394,2153,20,2,337.55,0.0,675.1
5395,2153,29,2,438.5,0.0,877.0
5396,2153,30,3,448.49,0.05,1278.2
5397,2154,35,2,3039.94,0.0,6079.88
5398,2154,16,1,1147.33,0.05,1089.96
5399,2154,44,2,1675.89,0.05,3184.19
5400,2154,40,2,16569.14,0.0,33138.28
5401,2155,46,1,44103.32,0.05,41898.15
5402,2155,11,2,4853.64,0.1,8736.55
5403,2155,50,1,32122.03,0.0,32122.03
5404,2155,48,3,48857.09,0.2,117257.02
5405,2156,43,3,1480.37,0.0,4441.11
5406,2156,36,2,2924.06,0.0,5848.12
5407,2156,41,3,1458.5,0.1,3937.95
5408,2157,47,3,32443.0,0.0,97329.0
5409,2157,3,3,4598.39,0.0,13795.17
5410,2158,49,1,24383.87,0.0,24383.87
5411,2158,7,3,11903.44,0.0,35710.32
5412,2158,25,3,1719.78,0.0,5159.34
5413,2158,31,3,440.79,0.05,1256.25
5414,2159,27,2,1246.0,0.2,1993.6
5415,2160,28,3,2077.38,0.0,6232.14
5416,2161,13,3,1356.94,0.0,4070.82
5417,2161,25,2,1719.78,0.0,3439.56
5418,2161,26,2,1412.65,0.1,2542.77
5419,2161,13,3,1356.94,0.0,4070.82
5420,2162,51,2,29838.95,0.0,59677.9
5421,2162,39,3,22252.18,0.05,63418.71
5422,2162,44,3,1675.89,0.0,5027.67
5423,2162,43,1,1480.37,0.05,1406.35
5424,2163,27,1,1246.0,0.05,1183.7
5425,2164,35,1,3039.94,0.0,3039.94
5426,2165,21,2,395.89,0.0,791.78
5427,2165,14,1,1335.52,0.05,1268.74
5428,2165,15,1,1717.5,0.2,1374.0
5429,2166,31,2,440.79,0.0,881.58
5430,2167,28,1,2077.38,0.0,2077.38
5431,2167,48,2,48857.09,0.0,97714.18
5432,2167,36,1,2924.06,0.0,2924.06
5433,2168,30,2,448.49,0.05,852.13
5434,2168,38,3,21688.29,0.05,61811.63
5435,2169,31,1,440.79,0.05,418.75
5436,2169,26,3,1412.65,0.0,4237.95
5437,2169,34,3,3937.59,0.0,11812.77
5438,2169,42,2,1783.38,0.0,3566.76
5439,2170,29,3,438.5,0.0,1315.5
5440,2170,7,2,11903.44,0.1,21426.19
5441,2170,27,2,1246.0,0.0,2492.0
5442,2170,49,2,24383.87,0.05,46329.35
5443,2171,24,3,291.78,0.0,875.34
5444,2172,24,3,291.78,0.05,831.57
5445,2173,40,2,16569.14,0.0,33138.28
5446,2173,9,2,4533.34,0.0,9066.68
5447,2173,23,3,381.96,0.0,1145.88
5448,2174,49,1,24383.87,0.05,23164.68
5449,2174,40,1,16569.14,0.1,14912.23
5450,2175,45,3,50632.32,0.05,144302.11
5451,2176,44,2,1675.89,0.0,3351.78
5452,2176,32,1,403.22,0.05,383.06
5453,2177,36,3,2924.06,0.0,8772.18
5454,2177,18,2,316.88,0.05,602.07
5455,2177,2,3,3911.93,0.05,11149.0
5456,2178,23,2,381.96,0.0,763.92
5457,2178,50,2,32122.03,0.1,57819.65
5458,2178,38,2,21688.29,0.0,43376.58
5459,2178,10,2,5058.33,0.1,9104.99
5460,2179,49,3,24383.87,0.05,69494.03
5461,2180,17,1,425.94,0.0,425.94
5462,2180,43,3,1480.37,0.1,3997.0
5463,2180,5,2,7323.99,0.05,13915.58
5464,2181,11,3,4853.64,0.1,13104.83
5465,2181,3,1,4598.39,0.0,4598.39
5466,2181,39,2,22252.18,0.1,40053.92
5467,2182,4,3,4078.93,0.0,12236.79
5468,2182,36,3,2924.06,0.0,8772.18
5469,2182,21,2,395.89,0.05,752.19
5470,2183,5,2,7323.99,0.0,14647.98
5471,2184,35,3,3039.94,0.05,8663.83
5472,2184,40,1,16569.14,0.0,16569.14
5473,2185,51,1,29838.95,0.0,29838.95
5474,2186,35,2,3039.94,0.1,5471.89
5475,2186,15,1,1717.5,0.0,1717.5
5476,2187,37,2,20338.2,0.0,40676.4
5477,2188,46,3,44103.32,0.1,119078.96
5478,2188,42,3,1783.38,0.05,5082.63
5479,2188,6,2,8439.67,0.1,15191.41
5480,2188,46,2,44103.32,0.05,83796.31
5481,2189,2,3,3911.93,0.0,11735.79
5482,2189,24,3,291.78,0.0,875.34
5483,2190,34,2,3937.59,0.0,7875.18
5484,2190,3,2,4598.39,0.05,8736.94
5485,2190,35,1,3039.94,0.0,3039.94
5486,2191,17,2,425.94,0.1,766.69
5487,2191,49,2,24383.87,0.2,39014.19
5488,2191,38,2,21688.29,0.0,43376.58
5489,2191,24,2,291.78,0.0,583.56
5490,2192,11,3,4853.64,0.0,14560.92
5491,2193,2,1,3911.93,0.0,3911.93
5492,2194,42,2,1783.38,0.0,3566.76
5493,2194,25,3,1719.78,0.1,4643.41
5494,2195,34,3,3937.59,0.05,11222.13
5495,2196,34,3,3937.59,0.05,11222.13
5496,2196,21,3,395.89,0.05,1128.29
5497,2196,8,2,7478.19,0.05,14208.56
5498,2196,45,3,50632.32,0.0,151896.96
5499,2197,26,2,1412.65,0.05,2684.04
5500,2197,16,3,1147.33,0.0,3441.99
5501,2197,18,3,316.88,0.05,903.11
5502,2197,21,2,395.89,0.05,752.19
5503,2198,39,1,22252.18,0.2,17801.74
5504,2198,29,3,438.5,0.1,1183.95
5505,2199,9,3,4533.34,0.0,13600.02
5506,2199,4,1,4078.93,0.0,4078.93
5507,2199,43,1,1480.37,0.05,1406.35
5508,2200,25,1,1719.78,0.1,1547.8
5509,2200,16,1,1147.33,0.0,1147.33
5510,2200,19,1,301.26,0.0,301.26
5511,2201,25,3,1719.78,0.0,5159.34
5512,2201,45,3,50632.32,0.05,144302.11
5513,2202,33,1,3763.53,0.0,3763.53
5514,2203,3,2,4598.39,0.2,7357.42
5515,2203,39,1,22252.18,0.0,22252.18
5516,2203,20,3,337.55,0.0,1012.65
5517,2204,37,1,20338.2,0.0,20338.2
5518,2204,26,1,1412.65,0.1,1271.39
5519,2205,28,1,2077.38,0.0,2077.38
5520,2205,25,3,1719.78,0.0,5159.34
5521,2205,51,2,29838.95,0.0,59677.9
5522,2205,46,3,44103.32,0.2,105847.97
5523,2206,1,3,4311.34,0.0,12934.02
5524,2207,31,2,440.79,0.05,837.5
5525,2208,47,3,32443.0,0.05,92462.55
5526,2208,50,2,32122.03,0.0,64244.06
5527,2209,16,3,1147.33,0.0,3441.99
5528,2209,47,3,32443.0,0.0,97329.0
5529,2210,22,3,256.1,0.05,729.88
5530,2210,35,3,3039.94,0.0,9119.82
5531,2210,35,2,3039.94,0.0,6079.88
5532,2211,20,3,337.55,0.0,1012.65
5533,2212,8,3,7478.19,0.0,22434.57
5534,2212,51,3,29838.95,0.05,85041.01
5535,2212,1,2,4311.34,0.0,8622.68
5536,2212,41,3,1458.5,0.0,4375.5
5537,2213,47,2,32443.0,0.0,64886.0
5538,2213,9,3,4533.34,0.05,12920.02
5539,2214,23,1,381.96,0.0,381.96
5540,2214,51,2,29838.95,0.05,56694.0
5541,2214,50,3,32122.03,0.1,86729.48
5542,2214,44,1,1675.89,0.0,1675.89
5543,2215,9,3,4533.34,0.1,12240.02
5544,2215,35,1,3039.94,0.0,3039.94
5545,2215,45,3,50632.32,0.0,151896.96
5546,2215,51,2,29838.95,0.0,59677.9
5547,2216,41,3,1458.5,0.1,3937.95
5548,2216,11,1,4853.64,0.0,4853.64
5549,2216,29,1,438.5,0.0,438.5
5550,2216,23,1,381.96,0.0,381.96
5551,2217,51,3,29838.95,0.0,89516.85
5552,2217,15,2,1717.5,0.0,3435.0
5553,2218,5,1,7323.99,0.05,6957.79
5554,2218,27,3,1246.0,0.0,3738.0
5555,2218,50,2,32122.03,0.0,64244.06
5556,2218,19,2,301.26,0.0,602.52
5557,2219,39,3,22252.18,0.0,66756.54
5558,2219,49,1,24383.87,0.05,23164.68
5559,2219,10,3,5058.33,0.0,15174.99
5560,2219,37,3,20338.2,0.0,61014.6
5561,2220,30,3,448.49,0.05,1278.2
5562,2220,47,1,32443.0,0.0,32443.0
5563,2220,43,1,1480.37,0.0,1480.37
5564,2220,1,1,4311.34,0.05,4095.77
5565,2221,40,3,16569.14,0.05,47222.05
5566,2221,3,1,4598.39,0.0,4598.39
5567,2221,37,2,20338.2,0.1,36608.76
5568,2222,25,1,1719.78,0.0,1719.78
5569,2222,11,1,4853.64,0.0,4853.64
5570,2222,23,1,381.96,0.0,381.96
5571,2223,29,2,438.5,0.0,877.0
5572,2224,28,1,2077.38,0.0,2077.38
5573,2224,35,1,3039.94,0.0,3039.94
5574,2224,3,3,4598.39,0.1,12415.65
5575,2225,50,3,32122.03,0.0,96366.09
5576,2226,35,2,3039.94,0.05,5775.89
5577,2226,41,3,1458.5,0.0,4375.5
5578,2226,11,3,4853.64,0.05,13832.87
5579,2226,40,1,16569.14,0.0,16569.14
5580,2227,3,1,4598.39,0.05,4368.47
5581,2227,40,1,16569.14,0.0,16569.14
5582,2228,52,3,35725.17,0.0,107175.51
5583,2228,33,3,3763.53,0.0,11290.59
5584,2228,6,2,8439.67,0.1,15191.41
5585,2228,34,3,3937.59,0.0,11812.77
5586,2229,14,3,1335.52,0.2,3205.25
5587,2230,31,3,440.79,0.0,1322.37
5588,2230,35,2,3039.94,0.05,5775.89
5589,2230,14,1,1335.52,0.0,1335.52
5590,2231,17,1,425.94,0.2,340.75
5591,2231,31,3,440.79,0.2,1057.9
5592,2232,27,2,1246.0,0.0,2492.0
5593,2232,44,3,1675.89,0.1,4524.9
5594,2233,47,2,32443.0,0.1,58397.4
5595,2234,19,3,301.26,0.0,903.78
5596,2234,31,1,440.79,0.1,396.71
5597,2234,8,1,7478.19,0.05,7104.28
5598,2235,5,3,7323.99,0.0,21971.97
5599,2235,30,2,448.49,0.0,896.98
5600,2236,49,2,24383.87,0.05,46329.35
5601,2237,14,2,1335.52,0.1,2403.94
5602,2238,19,1,301.26,0.2,241.01
5603,2238,43,1,1480.37,0.0,1480.37
5604,2239,28,1,2077.38,0.0,2077.38
5605,2240,44,2,1675.89,0.0,3351.78
5606,2240,25,3,1719.78,0.1,4643.41
5607,2241,16,2,1147.33,0.0,2294.66
5608,2242,12,1,5553.73,0.1,4998.36
5609,2243,21,1,395.89,0.0,395.89
5610,2244,27,2,1246.0,0.1,2242.8
5611,2244,39,1,22252.18,0.0,22252.18
5612,2244,6,1,8439.67,0.2,6751.74
5613,2245,31,2,440.79,0.1,793.42
5614,2245,49,1,24383.87,0.05,23164.68
5615,2245,34,2,3937.59,0.1,7087.66
5616,2245,41,3,1458.5,0.0,4375.5
5617,2246,48,3,48857.09,0.05,139242.71
5618,2247,25,2,1719.78,0.1,3095.6
5619,2247,17,1,425.94,0.0,425.94
5620,2248,22,2,256.1,0.0,512.2
5621,2248,8,3,7478.19,0.1,20191.11
5622,2248,51,2,29838.95,0.05,56694.0
5623,2248,30,2,448.49,0.0,896.98
5624,2249,25,1,1719.78,0.0,1719.78
5625,2249,6,2,8439.67,0.0,16879.34
5626,2249,20,1,337.55,0.1,303.8
5627,2250,35,1,3039.94,0.0,3039.94
5628,2251,6,3,8439.67,0.0,25319.01
5629,2251,21,2,395.89,0.05,752.19
5630,2252,46,3,44103.32,0.0,132309.96
5631,2252,51,2,29838.95,0.05,56694.0
5632,2252,46,3,44103.32,0.05,125694.46
5633,2252,1,1,4311.34,0.0,4311.34
5634,2253,52,1,35725.17,0.2,28580.14
5635,2253,33,2,3763.53,0.0,7527.06
5636,2254,48,2,48857.09,0.1,87942.76
5637,2254,10,2,5058.33,0.0,10116.66
5638,2255,36,1,2924.06,0.1,2631.65
5639,2256,1,1,4311.34,0.2,3449.07
5640,2256,21,3,395.89,0.05,1128.29
5641,2257,28,1,2077.38,0.0,2077.38
5642,2257,10,1,5058.33,0.05,4805.41
5643,2258,35,2,3039.94,0.0,6079.88
5644,2259,44,3,1675.89,0.0,5027.67
5645,2259,17,3,425.94,0.0,1277.82
5646,2259,21,3,395.89,0.0,1187.67
5647,2260,30,3,448.49,0.0,1345.47
5648,2260,43,1,1480.37,0.2,1184.3
5649,2260,33,3,3763.53,0.0,11290.59
5650,2261,9,3,4533.34,0.1,12240.02
5651,2261,5,3,7323.99,0.0,21971.97
5652,2261,3,2,4598.39,0.1,8277.1
5653,2261,4,3,4078.93,0.0,12236.79
5654,2262,43,1,1480.37,0.1,1332.33
5655,2263,22,2,256.1,0.0,512.2
5656,2264,14,1,1335.52,0.0,1335.52
5657,2265,43,3,1480.37,0.05,4219.05
5658,2265,2,3,3911.93,0.0,11735.79
5659,2266,2,1,3911.93,0.0,3911.93
5660,2266,19,3,301.26,0.0,903.78
5661,2266,26,2,1412.65,0.0,2825.3
5662,2267,26,2,1412.65,0.1,2542.77
5663,2268,21,3,395.89,0.0,1187.67
5664,2268,34,1,3937.59,0.0,3937.59
5665,2268,38,1,21688.29,0.05,20603.88
5666,2268,46,3,44103.32,0.05,125694.46
5667,2269,52,3,35725.17,0.1,96457.96
5668,2270,38,3,21688.29,0.0,65064.87
5669,2271,33,1,3763.53,0.0,3763.53
5670,2271,51,1,29838.95,0.05,28347.0
5671,2271,14,3,1335.52,0.0,4006.56
5672,2271,52,2,35725.17,0.1,64305.31
5673,2272,47,2,32443.0,0.1,58397.4
5674,2272,31,3,440.79,0.0,1322.37
5675,2272,48,2,48857.09,0.05,92828.47
5676,2272,13,1,1356.94,0.0,1356.94
5677,2273,28,2,2077.38,0.1,3739.28
5678,2273,28,3,2077.38,0.0,6232.14
5679,2273,51,3,29838.95,0.0,89516.85
5680,2273,3,2,4598.39,0.0,9196.78
5681,2274,44,3,1675.89,0.05,4776.29
5682,2274,51,1,29838.95,0.0,29838.95
5683,2274,15,1,1717.5,0.0,1717.5
5684,2274,15,1,1717.5,0.1,1545.75
5685,2275,34,3,3937.59,0.05,11222.13
5686,2275,13,2,1356.94,0.1,2442.49
5687,2275,17,3,425.94,0.1,1150.04
5688,2275,15,1,1717.5,0.0,1717.5
5689,2276,43,1,1480.37,0.0,1480.37
5690,2277,4,1,4078.93,0.05,3874.98
5691,2277,32,1,403.22,0.1,362.9
5692,2278,10,1,5058.33,0.0,5058.33
5693,2278,12,3,5553.73,0.05,15828.13
5694,2278,37,1,20338.2,0.0,20338.2
5695,2278,24,3,291.78,0.0,875.34
5696,2279,16,2,1147.33,0.0,2294.66
5697,2279,25,1,1719.78,0.0,1719.78
5698,2279,9,2,4533.34,0.05,8613.35
5699,2279,40,3,16569.14,0.0,49707.42
5700,2280,46,2,44103.32,0.05,83796.31
5701,2281,47,2,32443.0,0.05,61641.7
5702,2281,28,2,2077.38,0.05,3947.02
5703,2281,32,2,403.22,0.05,766.12
5704,2282,31,3,440.79,0.0,1322.37
5705,2282,20,3,337.55,0.0,1012.65
5706,2282,42,2,1783.38,0.0,3566.76
5707,2283,45,1,50632.32,0.0,50632.32
5708,2283,16,3,1147.33,0.0,3441.99
5709,2283,2,3,3911.93,0.0,11735.79
5710,2284,31,3,440.79,0.2,1057.9
5711,2284,17,1,425.94,0.0,425.94
5712,2284,26,3,1412.65,0.0,4237.95
5713,2284,32,1,403.22,0.2,322.58
5714,2285,34,3,3937.59,0.1,10631.49
5715,2285,18,2,316.88,0.1,570.38
5716,2285,37,1,20338.2,0.05,19321.29
5717,2286,13,1,1356.94,0.2,1085.55
5718,2287,2,1,3911.93,0.1,3520.74
5719,2288,26,2,1412.65,0.0,2825.3
5720,2289,46,2,44103.32,0.0,88206.64
5721,2289,50,2,32122.03,0.0,64244.06
5722,2289,40,3,16569.14,0.1,44736.68
5723,2289,41,2,1458.5,0.0,2917.0
5724,2290,29,3,438.5,0.05,1249.72
5725,2290,2,2,3911.93,0.0,7823.86
5726,2290,9,1,4533.34,0.0,4533.34
5727,2291,16,2,1147.33,0.1,2065.19
5728,2292,11,2,4853.64,0.0,9707.28
5729,2293,11,3,4853.64,0.0,14560.92
5730,2293,23,1,381.96,0.1,343.76
5731,2293,31,2,440.79,0.0,881.58
5732,2293,52,2,35725.17,0.05,67877.82
5733,2294,21,1,395.89,0.0,395.89
5734,2295,43,1,1480.37,0.05,1406.35
5735,2295,48,3,48857.09,0.05,139242.71
5736,2296,49,3,24383.87,0.2,58521.29
5737,2296,26,3,1412.65,0.0,4237.95
5738,2296,5,3,7323.99,0.1,19774.77
5739,2296,3,2,4598.39,0.0,9196.78
5740,2297,26,1,1412.65,0.1,1271.39
5741,2298,27,2,1246.0,0.05,2367.4
5742,2299,11,3,4853.64,0.0,14560.92
5743,2299,13,1,1356.94,0.0,1356.94
5744,2300,38,3,21688.29,0.0,65064.87
5745,2300,45,2,50632.32,0.0,101264.64
5746,2301,33,3,3763.53,0.05,10726.06
5747,2301,8,1,7478.19,0.0,7478.19
5748,2301,28,2,2077.38,0.2,3323.81
5749,2301,24,2,291.78,0.05,554.38
5750,2302,23,2,381.96,0.0,763.92
5751,2302,42,3,1783.38,0.2,4280.11
5752,2302,47,1,32443.0,0.0,32443.0
5753,2303,46,2,44103.32,0.0,88206.64
5754,2304,25,2,1719.78,0.0,3439.56
5755,2304,7,3,11903.44,0.0,35710.32
5756,2304,47,2,32443.0,0.0,64886.0
5757,2304,34,1,3937.59,0.0,3937.59
5758,2305,35,3,3039.94,0.0,9119.82
5759,2306,2,2,3911.93,0.1,7041.47
5760,2306,17,2,425.94,0.05,809.29
5761,2306,9,2,4533.34,0.0,9066.68
5762,2306,13,3,1356.94,0.1,3663.74
5763,2307,18,3,316.88,0.05,903.11
5764,2307,36,3,2924.06,0.0,8772.18
5765,2308,50,1,32122.03,0.0,32122.03
5766,2308,52,2,35725.17,0.05,67877.82
5767,2308,24,2,291.78,0.0,583.56
5768,2308,28,3,2077.38,0.1,5608.93
5769,2309,44,2,1675.89,0.1,3016.6
5770,2310,2,2,3911.93,0.0,7823.86
5771,2310,12,3,5553.73,0.05,15828.13
5772,2310,24,3,291.78,0.0,875.34
5773,2311,29,1,438.5,0.05,416.58
5774,2311,37,3,20338.2,0.0,61014.6
5775,2311,38,3,21688.29,0.0,65064.87
5776,2312,34,2,3937.59,0.05,7481.42
5777,2312,21,1,395.89,0.0,395.89
5778,2313,46,1,44103.32,0.0,44103.32
5779,2314,36,1,2924.06,0.0,2924.06
5780,2314,42,3,1783.38,0.1,4815.13
5781,2314,7,1,11903.44,0.0,11903.44
5782,2315,30,3,448.49,0.0,1345.47
5783,2315,50,1,32122.03,0.05,30515.93
5784,2316,15,2,1717.5,0.0,3435.0
5785,2316,5,3,7323.99,0.1,19774.77
5786,2316,11,1,4853.64,0.0,4853.64
5787,2317,47,1,32443.0,0.1,29198.7
5788,2317,27,3,1246.0,0.0,3738.0
5789,2317,14,2,1335.52,0.05,2537.49
5790,2318,24,1,291.78,0.0,291.78
5791,2319,7,3,11903.44,0.0,35710.32
5792,2320,36,1,2924.06,0.05,2777.86
5793,2320,48,1,48857.09,0.1,43971.38
5794,2320,16,3,1147.33,0.0,3441.99
5795,2320,1,3,4311.34,0.0,12934.02
5796,2321,27,3,1246.0,0.1,3364.2
5797,2322,24,1,291.78,0.0,291.78
5798,2322,40,3,16569.14,0.0,49707.42
5799,2323,22,3,256.1,0.0,768.3
5800,2323,21,2,395.89,0.1,712.6
5801,2323,24,3,291.78,0.2,700.27
5802,2323,14,3,1335.52,0.05,3806.23
5803,2324,28,2,2077.38,0.0,4154.76
5804,2324,31,1,440.79,0.0,440.79
5805,2324,17,2,425.94,0.0,851.88
5806,2325,40,3,16569.14,0.1,44736.68
5807,2325,27,1,1246.0,0.1,1121.4
5808,2326,29,2,438.5,0.0,877.0
5809,2327,34,2,3937.59,0.0,7875.18
5810,2327,42,1,1783.38,0.1,1605.04
5811,2327,44,3,1675.89,0.0,5027.67
5812,2327,32,2,403.22,0.1,725.8
5813,2328,23,3,381.96,0.1,1031.29
5814,2328,42,3,1783.38,0.0,5350.14
5815,2328,6,2,8439.67,0.2,13503.47
5816,2329,14,3,1335.52,0.1,3605.9
5817,2329,41,2,1458.5,0.0,2917.0
5818,2329,20,3,337.55,0.05,962.02
5819,2330,30,1,448.49,0.0,448.49
5820,2330,45,2,50632.32,0.0,101264.64
5821,2331,4,2,4078.93,0.1,7342.07
5822,2331,2,3,3911.93,0.2,9388.63
5823,2332,6,3,8439.67,0.1,22787.11
5824,2332,3,2,4598.39,0.0,9196.78
5825,2332,49,3,24383.87,0.05,69494.03
5826,2332,5,2,7323.99,0.0,14647.98
5827,2333,13,3,1356.94,0.1,3663.74
5828,2333,11,1,4853.64,0.0,4853.64
5829,2333,25,2,1719.78,0.0,3439.56
5830,2334,20,3,337.55,0.1,911.39
5831,2335,9,3,4533.34,0.0,13600.02
5832,2335,50,2,32122.03,0.0,64244.06
5833,2335,27,3,1246.0,0.0,3738.0
5834,2335,35,2,3039.94,0.1,5471.89
5835,2336,50,2,32122.03,0.2,51395.25
5836,2337,22,2,256.1,0.2,409.76
5837,2337,8,3,7478.19,0.0,22434.57
5838,2337,17,2,425.94,0.0,851.88
5839,2338,42,1,1783.38,0.2,1426.7
5840,2338,1,1,4311.34,0.0,4311.34
5841,2338,9,1,4533.34,0.05,4306.67
5842,2338,36,2,2924.06,0.05,5555.71
5843,2339,36,2,2924.06,0.05,5555.71
5844,2340,27,1,1246.0,0.1,1121.4
5845,2340,45,2,50632.32,0.05,96201.41
5846,2341,22,3,256.1,0.05,729.88
5847,2341,17,1,425.94,0.0,425.94
5848,2341,28,3,2077.38,0.05,5920.53
5849,2342,36,3,2924.06,0.0,8772.18
5850,2342,44,3,1675.89,0.0,5027.67
5851,2343,18,3,316.88,0.0,950.64
5852,2343,30,3,448.49,0.0,1345.47
5853,2344,41,3,1458.5,0.1,3937.95
5854,2344,50,2,32122.03,0.2,51395.25
5855,2344,11,1,4853.64,0.0,4853.64
5856,2345,11,2,4853.64,0.1,8736.55
5857,2346,47,2,32443.0,0.1,58397.4
5858,2346,4,2,4078.93,0.0,8157.86
5859,2346,24,3,291.78,0.0,875.34
5860,2346,10,3,5058.33,0.0,15174.99
5861,2347,8,1,7478.19,0.05,7104.28
5862,2348,1,2,4311.34,0.05,8191.55
5863,2348,29,2,438.5,0.05,833.15
5864,2348,41,3,1458.5,0.0,4375.5
5865,2349,2,2,3911.93,0.1,7041.47
5866,2350,41,1,1458.5,0.0,1458.5
5867,2350,9,1,4533.34,0.0,4533.34
5868,2350,24,3,291.78,0.0,875.34
5869,2350,22,2,256.1,0.0,512.2
5870,2351,40,3,16569.14,0.0,49707.42
5871,2351,3,1,4598.39,0.0,4598.39
5872,2351,39,2,22252.18,0.05,42279.14
5873,2351,39,2,22252.18,0.0,44504.36
5874,2352,22,1,256.1,0.0,256.1
5875,2352,34,3,3937.59,0.0,11812.77
5876,2352,5,2,7323.99,0.1,13183.18
5877,2353,1,3,4311.34,0.0,12934.02
5878,2353,17,1,425.94,0.1,383.35
5879,2353,43,3,1480.37,0.1,3997.0
5880,2353,12,3,5553.73,0.0,16661.19
5881,2354,7,2,11903.44,0.2,19045.5
5882,2355,52,3,35725.17,0.2,85740.41
5883,2355,23,3,381.96,0.0,1145.88
5884,2356,14,2,1335.52,0.0,2671.04
5885,2356,17,1,425.94,0.0,425.94
5886,2356,21,2,395.89,0.0,791.78
5887,2356,46,3,44103.32,0.05,125694.46
5888,2357,12,1,5553.73,0.1,4998.36
5889,2358,18,2,316.88,0.1,570.38
5890,2359,35,1,3039.94,0.0,3039.94
5891,2359,22,2,256.1,0.0,512.2
5892,2359,50,2,32122.03,0.0,64244.06
5893,2360,49,1,24383.87,0.2,19507.1
5894,2360,18,1,316.88,0.0,316.88
5895,2360,12,1,5553.73,0.1,4998.36
5896,2361,3,2,4598.39,0.05,8736.94
5897,2361,19,3,301.26,0.05,858.59
5898,2361,9,1,4533.34,0.05,4306.67
5899,2362,50,3,32122.03,0.0,96366.09
5900,2362,24,1,291.78,0.05,277.19
5901,2362,6,3,8439.67,0.0,25319.01
5902,2362,19,1,301.26,0.2,241.01
5903,2363,28,3,2077.38,0.0,6232.14
5904,2364,23,2,381.96,0.05,725.72
5905,2364,25,2,1719.78,0.0,3439.56
5906,2364,49,1,24383.87,0.0,24383.87
5907,2365,30,3,448.49,0.0,1345.47
5908,2365,7,3,11903.44,0.0,35710.32
5909,2366,20,2,337.55,0.2,540.08
5910,2366,45,2,50632.32,0.05,96201.41
5911,2367,38,1,21688.29,0.1,19519.46
5912,2367,9,3,4533.34,0.0,13600.02
5913,2367,4,1,4078.93,0.0,4078.93
5914,2367,9,2,4533.34,0.0,9066.68
5915,2368,10,1,5058.33,0.0,5058.33
5916,2368,39,2,22252.18,0.0,44504.36
5917,2368,43,3,1480.37,0.1,3997.0
5918,2369,38,1,21688.29,0.0,21688.29
5919,2370,13,1,1356.94,0.1,1221.25
5920,2371,20,1,337.55,0.05,320.67
5921,2371,16,3,1147.33,0.0,3441.99
5922,2371,28,3,2077.38,0.1,5608.93
5923,2371,39,1,22252.18,0.2,17801.74
5924,2372,49,1,24383.87,0.1,21945.48
5925,2373,50,2,32122.03,0.0,64244.06
5926,2373,51,2,29838.95,0.2,47742.32
5927,2373,36,3,2924.06,0.0,8772.18
5928,2374,42,3,1783.38,0.0,5350.14
5929,2375,5,2,7323.99,0.1,13183.18
5930,2375,8,2,7478.19,0.0,14956.38
5931,2375,13,2,1356.94,0.2,2171.1
5932,2375,18,1,316.88,0.0,316.88
5933,2376,37,3,20338.2,0.0,61014.6
5934,2376,40,1,16569.14,0.0,16569.14
5935,2377,23,1,381.96,0.05,362.86
5936,2378,45,2,50632.32,0.0,101264.64
5937,2378,46,2,44103.32,0.0,88206.64
5938,2378,43,2,1480.37,0.0,2960.74
5939,2378,52,2,35725.17,0.05,67877.82
5940,2379,24,1,291.78,0.1,262.6
5941,2379,5,2,7323.99,0.1,13183.18
5942,2380,14,3,1335.52,0.0,4006.56
5943,2380,22,2,256.1,0.0,512.2
5944,2380,11,3,4853.64,0.0,14560.92
5945,2381,12,3,5553.73,0.0,16661.19
5946,2381,41,3,1458.5,0.0,4375.5
5947,2381,49,1,24383.87,0.05,23164.68
5948,2382,45,1,50632.32,0.2,40505.86
5949,2382,37,1,20338.2,0.0,20338.2
5950,2382,44,2,1675.89,0.05,3184.19
5951,2382,19,2,301.26,0.2,482.02
5952,2383,15,3,1717.5,0.2,4122.0
5953,2383,32,1,403.22,0.0,403.22
5954,2383,9,3,4533.34,0.0,13600.02
5955,2384,10,2,5058.33,0.05,9610.83
5956,2385,45,3,50632.32,0.0,151896.96
5957,2385,33,3,3763.53,0.0,11290.59
5958,2385,40,2,16569.14,0.2,26510.62
5959,2385,51,3,29838.95,0.0,89516.85
5960,2386,48,2,48857.09,0.2,78171.34
5961,2386,26,1,1412.65,0.2,1130.12
5962,2387,10,1,5058.33,0.2,4046.66
5963,2387,39,2,22252.18,0.0,44504.36
5964,2388,9,3,4533.34,0.05,12920.02
5965,2388,50,3,32122.03,0.1,86729.48
5966,2389,43,2,1480.37,0.0,2960.74
5967,2390,42,2,1783.38,0.1,3210.08
5968,2390,10,2,5058.33,0.0,10116.66
5969,2391,32,1,403.22,0.0,403.22
5970,2392,34,1,3937.59,0.05,3740.71
5971,2392,48,3,48857.09,0.0,146571.27
5972,2392,36,1,2924.06,0.0,2924.06
5973,2393,24,2,291.78,0.05,554.38
5974,2393,23,3,381.96,0.05,1088.59
5975,2394,19,1,301.26,0.0,301.26
5976,2395,8,1,7478.19,0.0,7478.19
5977,2395,49,2,24383.87,0.0,48767.74
5978,2395,3,2,4598.39,0.2,7357.42
5979,2396,48,1,48857.09,0.0,48857.09
5980,2396,45,3,50632.32,0.0,151896.96
5981,2396,16,3,1147.33,0.1,3097.79
5982,2397,29,3,438.5,0.1,1183.95
5983,2397,33,1,3763.53,0.05,3575.35
5984,2398,36,1,2924.06,0.0,2924.06
5985,2399,52,3,35725.17,0.0,107175.51
5986,2399,32,2,403.22,0.1,725.8
5987,2400,9,1,4533.34,0.05,4306.67
5988,2400,19,3,301.26,0.0,903.78
5989,2401,34,1,3937.59,0.0,3937.59
5990,2401,14,3,1335.52,0.0,4006.56
5991,2401,35,2,3039.94,0.05,5775.89
5992,2401,50,2,32122.03,0.0,64244.06
5993,2402,8,2,7478.19,0.0,14956.38
5994,2402,48,3,48857.09,0.05,139242.71
5995,2402,3,2,4598.39,0.0,9196.78
5996,2403,46,2,44103.32,0.1,79385.98
5997,2403,28,1,2077.38,0.0,2077.38
5998,2403,15,2,1717.5,0.1,3091.5
5999,2404,38,2,21688.29,0.05,41207.75
6000,2404,36,1,2924.06,0.0,2924.06
6001,2404,37,2,20338.2,0.2,32541.12
6002,2404,3,3,4598.39,0.0,13795.17
6003,2405,14,3,1335.52,0.1,3605.9
6004,2405,26,3,1412.65,0.2,3390.36
6005,2406,40,3,16569.14,0.05,47222.05
6006,2406,16,3,1147.33,0.05,3269.89
6007,2406,24,2,291.78,0.1,525.2
6008,2406,45,2,50632.32,0.0,101264.64
6009,2407,32,2,403.22,0.0,806.44
6010,2407,45,2,50632.32,0.0,101264.64
6011,2407,31,2,440.79,0.05,837.5
6012,2408,32,2,403.22,0.0,806.44
6013,2408,30,1,448.49,0.0,448.49
6014,2408,45,2,50632.32,0.0,101264.64
6015,2408,17,2,425.94,0.0,851.88
6016,2409,5,1,7323.99,0.05,6957.79
6017,2409,12,1,5553.73,0.1,4998.36
6018,2409,9,2,4533.34,0.0,9066.68
6019,2409,26,2,1412.65,0.2,2260.24
6020,2410,30,3,448.49,0.05,1278.2
6021,2410,1,2,4311.34,0.0,8622.68
6022,2411,31,1,440.79,0.05,418.75
6023,2411,3,3,4598.39,0.0,13795.17
6024,2411,40,2,16569.14,0.2,26510.62
6025,2411,5,3,7323.99,0.0,21971.97
6026,2412,1,1,4311.34,0.0,4311.34
6027,2412,23,1,381.96,0.1,343.76
6028,2412,52,2,35725.17,0.05,67877.82
6029,2413,20,2,337.55,0.0,675.1
6030,2413,1,1,4311.34,0.05,4095.77
6031,2414,36,2,2924.06,0.0,5848.12
6032,2415,44,2,1675.89,0.1,3016.6
6033,2415,40,3,16569.14,0.2,39765.94
6034,2416,2,1,3911.93,0.05,3716.33
6035,2416,38,2,21688.29,0.0,43376.58
6036,2416,14,2,1335.52,0.1,2403.94
6037,2416,52,3,35725.17,0.0,107175.51
6038,2417,20,1,337.55,0.0,337.55
6039,2418,9,2,4533.34,0.0,9066.68
6040,2419,29,1,438.5,0.0,438.5
6041,2419,7,3,11903.44,0.0,35710.32
6042,2420,22,1,256.1,0.0,256.1
6043,2420,44,1,1675.89,0.2,1340.71
6044,2421,42,2,1783.38,0.0,3566.76
6045,2421,49,3,24383.87,0.0,73151.61
6046,2421,50,2,32122.03,0.05,61031.86
6047,2421,52,2,35725.17,0.05,67877.82
6048,2422,13,1,1356.94,0.0,1356.94
6049,2423,8,2,7478.19,0.0,14956.38
6050,2423,20,3,337.55,0.2,810.12
6051,2423,45,2,50632.32,0.0,101264.64
6052,2423,39,3,22252.18,0.1,60080.89
6053,2424,9,2,4533.34,0.0,9066.68
6054,2425,13,2,1356.94,0.0,2713.88
6055,2425,38,2,21688.29,0.0,43376.58
6056,2425,22,1,256.1,0.05,243.3
6057,2425,26,1,1412.65,0.0,1412.65
6058,2426,35,1,3039.94,0.1,2735.95
6059,2426,40,2,16569.14,0.0,33138.28
6060,2426,13,2,1356.94,0.0,2713.88
6061,2426,11,1,4853.64,0.0,4853.64
6062,2427,42,1,1783.38,0.0,1783.38
6063,2428,9,3,4533.34,0.05,12920.02
6064,2428,50,3,32122.03,0.0,96366.09
6065,2429,31,2,440.79,0.0,881.58
6066,2429,7,2,11903.44,0.0,23806.88
6067,2430,10,1,5058.33,0.05,4805.41
6068,2431,17,3,425.94,0.1,1150.04
6069,2431,22,1,256.1,0.0,256.1
6070,2431,37,3,20338.2,0.05,57963.87
6071,2432,18,3,316.88,0.2,760.51
6072,2432,9,2,4533.34,0.0,9066.68
6073,2433,24,3,291.78,0.1,787.81
6074,2433,36,1,2924.06,0.2,2339.25
6075,2434,5,3,7323.99,0.0,21971.97
6076,2434,11,2,4853.64,0.05,9221.92
6077,2434,25,3,1719.78,0.2,4127.47
6078,2434,9,3,4533.34,0.2,10880.02
6079,2435,13,2,1356.94,0.0,2713.88
6080,2435,28,1,2077.38,0.0,2077.38
6081,2435,19,2,301.26,0.0,602.52
6082,2435,19,1,301.26,0.0,301.26
6083,2436,30,1,448.49,0.0,448.49
6084,2437,28,3,2077.38,0.0,6232.14
6085,2437,34,1,3937.59,0.05,3740.71
6086,2437,11,1,4853.64,0.0,4853.64
6087,2437,11,2,4853.64,0.05,9221.92
6088,2438,41,1,1458.5,0.1,1312.65
6089,2438,4,2,4078.93,0.2,6526.29
6090,2438,50,2,32122.03,0.05,61031.86
6091,2438,8,1,7478.19,0.05,7104.28
6092,2439,31,3,440.79,0.1,1190.13
6093,2439,38,1,21688.29,0.0,21688.29
6094,2440,36,1,2924.06,0.0,2924.06
6095,2440,20,2,337.55,0.0,675.1
6096,2440,35,3,3039.94,0.1,8207.84
6097,2441,30,3,448.49,0.0,1345.47
6098,2441,3,2,4598.39,0.1,8277.1
6099,2442,15,3,1717.5,0.1,4637.25
6100,2442,32,1,403.22,0.2,322.58
6101,2442,32,3,403.22,0.05,1149.18
6102,2443,17,3,425.94,0.05,1213.93
6103,2444,37,3,20338.2,0.1,54913.14
6104,2444,45,3,50632.32,0.0,151896.96
6105,2444,6,3,8439.67,0.0,25319.01
6106,2445,23,3,381.96,0.1,1031.29
6107,2446,34,2,3937.59,0.0,7875.18
6108,2446,7,3,11903.44,0.0,35710.32
6109,2447,52,2,35725.17,0.05,67877.82
6110,2447,21,2,395.89,0.0,791.78
6111,2447,7,2,11903.44,0.2,19045.5
6112,2448,41,2,1458.5,0.0,2917.0
6113,2448,37,2,20338.2,0.0,40676.4
6114,2449,26,3,1412.65,0.0,4237.95
6115,2449,6,2,8439.67,0.0,16879.34
6116,2449,40,3,16569.14,0.2,39765.94
6117,2449,42,2,1783.38,0.0,3566.76
6118,2450,43,2,1480.37,0.0,2960.74
6119,2450,1,3,4311.34,0.05,12287.32
6120,2451,49,1,24383.87,0.0,24383.87
6121,2451,39,1,22252.18,0.0,22252.18
6122,2451,14,1,1335.52,0.0,1335.52
6123,2451,30,3,448.49,0.05,1278.2
6124,2452,14,1,1335.52,0.2,1068.42
6125,2453,9,1,4533.34,0.0,4533.34
6126,2453,23,1,381.96,0.0,381.96
6127,2453,37,2,20338.2,0.0,40676.4
6128,2453,52,2,35725.17,0.0,71450.34
6129,2454,5,3,7323.99,0.0,21971.97
6130,2454,34,3,3937.59,0.1,10631.49
6131,2454,10,3,5058.33,0.1,13657.49
6132,2455,43,2,1480.37,0.05,2812.7
6133,2455,17,3,425.94,0.2,1022.26
6134,2456,27,1,1246.0,0.0,1246.0
6135,2456,30,1,448.49,0.2,358.79
6136,2456,25,2,1719.78,0.0,3439.56
6137,2456,7,2,11903.44,0.0,23806.88
6138,2457,20,2,337.55,0.0,675.1
6139,2457,33,1,3763.53,0.0,3763.53
6140,2458,16,1,1147.33,0.0,1147.33
6141,2458,24,3,291.78,0.1,787.81
6142,2459,32,3,403.22,0.0,1209.66
6143,2459,34,2,3937.59,0.05,7481.42
6144,2460,24,3,291.78,0.0,875.34
6145,2461,45,2,50632.32,0.05,96201.41
6146,2461,30,1,448.49,0.0,448.49
6147,2462,7,1,11903.44,0.2,9522.75
6148,2463,44,1,1675.89,0.0,1675.89
6149,2463,40,3,16569.14,0.05,47222.05
6150,2463,43,3,1480.37,0.0,4441.11
6151,2464,39,3,22252.18,0.05,63418.71
6152,2464,30,2,448.49,0.05,852.13
6153,2465,47,3,32443.0,0.2,77863.2
6154,2465,18,2,316.88,0.0,633.76
6155,2465,3,1,4598.39,0.0,4598.39
6156,2466,16,3,1147.33,0.0,3441.99
6157,2466,37,3,20338.2,0.1,54913.14
6158,2466,30,2,448.49,0.0,896.98
6159,2467,24,1,291.78,0.0,291.78
6160,2467,49,1,24383.87,0.1,21945.48
6161,2468,25,3,1719.78,0.05,4901.37
6162,2468,29,3,438.5,0.0,1315.5
6163,2468,25,2,1719.78,0.0,3439.56
6164,2469,36,3,2924.06,0.2,7017.74
6165,2470,26,1,1412.65,0.05,1342.02
6166,2470,45,3,50632.32,0.0,151896.96
6167,2470,23,3,381.96,0.05,1088.59
6168,2470,30,2,448.49,0.05,852.13
6169,2471,23,1,381.96,0.05,362.86
6170,2471,4,1,4078.93,0.05,3874.98
6171,2471,1,2,4311.34,0.0,8622.68
6172,2471,41,2,1458.5,0.2,2333.6
6173,2472,3,2,4598.39,0.1,8277.1
6174,2472,44,3,1675.89,0.05,4776.29
6175,2473,12,2,5553.73,0.05,10552.09
6176,2473,28,2,2077.38,0.2,3323.81
6177,2474,52,3,35725.17,0.05,101816.73
6178,2474,16,2,1147.33,0.0,2294.66
6179,2474,23,1,381.96,0.0,381.96
6180,2475,36,1,2924.06,0.05,2777.86
6181,2475,24,1,291.78,0.1,262.6
6182,2475,14,1,1335.52,0.0,1335.52
6183,2475,46,1,44103.32,0.05,41898.15
6184,2476,5,2,7323.99,0.1,13183.18
6185,2476,9,2,4533.34,0.2,7253.34
6186,2476,5,1,7323.99,0.1,6591.59
6187,2477,16,2,1147.33,0.0,2294.66
6188,2477,49,3,24383.87,0.2,58521.29
6189,2477,24,2,291.78,0.0,583.56
6190,2478,31,3,440.79,0.1,1190.13
6191,2479,42,1,1783.38,0.05,1694.21
6192,2479,7,2,11903.44,0.0,23806.88
6193,2479,43,2,1480.37,0.2,2368.59
6194,2480,51,1,29838.95,0.0,29838.95
6195,2480,37,1,20338.2,0.0,20338.2
6196,2480,17,1,425.94,0.0,425.94
6197,2480,38,3,21688.29,0.05,61811.63
6198,2481,32,2,403.22,0.1,725.8
6199,2481,28,1,2077.38,0.1,1869.64
6200,2481,4,3,4078.93,0.05,11624.95
6201,2482,42,3,1783.38,0.05,5082.63
6202,2483,40,3,16569.14,0.0,49707.42
6203,2483,47,1,32443.0,0.0,32443.0
6204,2483,31,2,440.79,0.0,881.58
6205,2483,45,2,50632.32,0.0,101264.64
6206,2484,42,1,1783.38,0.0,1783.38
6207,2484,38,3,21688.29,0.1,58558.38
6208,2484,7,2,11903.44,0.05,22616.54
6209,2485,33,1,3763.53,0.0,3763.53
6210,2485,6,3,8439.67,0.2,20255.21
6211,2485,51,3,29838.95,0.1,80565.17
6212,2485,4,1,4078.93,0.05,3874.98
6213,2486,37,1,20338.2,0.0,20338.2
6214,2487,27,2,1246.0,0.0,2492.0
6215,2487,35,1,3039.94,0.1,2735.95
6216,2488,4,2,4078.93,0.0,8157.86
6217,2488,8,1,7478.19,0.0,7478.19
6218,2488,34,2,3937.59,0.0,7875.18
6219,2489,10,2,5058.33,0.1,9104.99
6220,2489,28,2,2077.38,0.0,4154.76
6221,2490,30,1,448.49,0.0,448.49
6222,2490,39,2,22252.18,0.0,44504.36
6223,2490,33,3,3763.53,0.1,10161.53
6224,2491,12,3,5553.73,0.0,16661.19
6225,2492,7,3,11903.44,0.0,35710.32
6226,2493,39,3,22252.18,0.05,63418.71
6227,2493,48,3,48857.09,0.0,146571.27
6228,2493,43,3,1480.37,0.0,4441.11
6229,2494,40,1,16569.14,0.0,16569.14
6230,2495,33,1,3763.53,0.0,3763.53
6231,2496,38,1,21688.29,0.0,21688.29
6232,2496,1,2,4311.34,0.0,8622.68
6233,2496,3,3,4598.39,0.0,13795.17
6234,2497,34,1,3937.59,0.0,3937.59
6235,2497,22,2,256.1,0.1,460.98
6236,2497,45,1,50632.32,0.05,48100.7
6237,2498,48,3,48857.09,0.1,131914.14
6238,2499,9,3,4533.34,0.1,12240.02
6239,2499,22,3,256.1,0.0,768.3
6240,2500,25,1,1719.78,0.1,1547.8
6241,2501,22,2,256.1,0.0,512.2
6242,2501,32,3,403.22,0.0,1209.66
6243,2501,24,2,291.78,0.0,583.56
6244,2502,2,2,3911.93,0.0,7823.86
6245,2502,7,2,11903.44,0.2,19045.5
6246,2502,9,3,4533.34,0.1,12240.02
6247,2502,16,1,1147.33,0.0,1147.33
6248,2503,3,3,4598.39,0.0,13795.17
6249,2503,10,3,5058.33,0.0,15174.99
6250,2503,39,3,22252.18,0.05,63418.71
6251,2504,5,3,7323.99,0.1,19774.77
6252,2504,14,1,1335.52,0.05,1268.74
6253,2505,31,3,440.79,0.2,1057.9
6254,2506,30,3,448.49,0.05,1278.2
6255,2506,6,3,8439.67,0.05,24053.06
6256,2506,18,3,316.88,0.0,950.64
6257,2507,2,2,3911.93,0.0,7823.86
6258,2508,47,2,32443.0,0.05,61641.7
6259,2508,41,1,1458.5,0.0,1458.5
6260,2509,28,1,2077.38,0.0,2077.38
6261,2510,50,3,32122.03,0.05,91547.79
6262,2510,30,3,448.49,0.0,1345.47
6263,2510,45,2,50632.32,0.05,96201.41
6264,2511,25,2,1719.78,0.1,3095.6
6265,2512,27,2,1246.0,0.0,2492.0
6266,2512,52,1,35725.17,0.05,33938.91
6267,2512,2,3,3911.93,0.05,11149.0
6268,2513,31,2,440.79,0.05,837.5
6269,2513,17,3,425.94,0.0,1277.82
6270,2513,17,1,425.94,0.1,383.35
6271,2513,36,1,2924.06,0.0,2924.06
6272,2514,44,1,1675.89,0.0,1675.89
6273,2514,30,1,448.49,0.05,426.07
6274,2515,34,1,3937.59,0.05,3740.71
6275,2515,42,3,1783.38,0.1,4815.13
6276,2516,12,1,5553.73,0.1,4998.36
6277,2516,24,2,291.78,0.0,583.56
6278,2516,27,1,1246.0,0.2,996.8
6279,2517,29,1,438.5,0.1,394.65
6280,2517,18,2,316.88,0.05,602.07
6281,2518,34,2,3937.59,0.1,7087.66
6282,2518,25,3,1719.78,0.1,4643.41
6283,2518,10,3,5058.33,0.0,15174.99
6284,2518,23,3,381.96,0.0,1145.88
6285,2519,52,2,35725.17,0.05,67877.82
6286,2519,31,1,440.79,0.05,418.75
6287,2519,39,1,22252.18,0.0,22252.18
6288,2520,44,2,1675.89,0.1,3016.6
6289,2520,33,2,3763.53,0.05,7150.71
6290,2521,29,2,438.5,0.05,833.15
6291,2521,8,1,7478.19,0.0,7478.19
6292,2521,13,1,1356.94,0.0,1356.94
6293,2521,22,3,256.1,0.1,691.47
6294,2522,14,1,1335.52,0.0,1335.52
6295,2522,9,3,4533.34,0.1,12240.02
6296,2523,3,3,4598.39,0.1,12415.65
6297,2523,50,2,32122.03,0.0,64244.06
6298,2523,43,1,1480.37,0.0,1480.37
6299,2524,40,3,16569.14,0.1,44736.68
6300,2525,9,2,4533.34,0.2,7253.34
6301,2526,33,1,3763.53,0.05,3575.35
6302,2526,27,2,1246.0,0.0,2492.0
6303,2526,3,1,4598.39,0.05,4368.47
6304,2527,20,1,337.55,0.0,337.55
6305,2527,30,1,448.49,0.0,448.49
6306,2527,52,1,35725.17,0.2,28580.14
6307,2527,8,3,7478.19,0.0,22434.57
6308,2528,49,2,24383.87,0.2,39014.19
6309,2529,43,3,1480.37,0.1,3997.0
6310,2529,23,3,381.96,0.0,1145.88
6311,2529,20,2,337.55,0.0,675.1
6312,2529,22,3,256.1,0.0,768.3
6313,2530,40,2,16569.14,0.1,29824.45
6314,2531,40,3,16569.14,0.05,47222.05
6315,2531,25,1,1719.78,0.0,1719.78
6316,2532,51,3,29838.95,0.1,80565.17
6317,2532,39,1,22252.18,0.0,22252.18
6318,2533,17,3,425.94,0.1,1150.04
6319,2533,39,1,22252.18,0.0,22252.18
6320,2534,42,1,1783.38,0.0,1783.38
6321,2534,50,3,32122.03,0.2,77092.87
6322,2535,26,3,1412.65,0.05,4026.05
6323,2536,29,3,438.5,0.0,1315.5
6324,2537,5,2,7323.99,0.1,13183.18
6325,2538,30,3,448.49,0.0,1345.47
6326,2538,28,2,2077.38,0.2,3323.81
6327,2538,20,3,337.55,0.0,1012.65
6328,2538,26,3,1412.65,0.0,4237.95
6329,2539,15,3,1717.5,0.0,5152.5
6330,2539,31,3,440.79,0.1,1190.13
6331,2540,41,1,1458.5,0.0,1458.5
6332,2540,28,2,2077.38,0.0,4154.76
6333,2540,33,2,3763.53,0.0,7527.06
6334,2541,52,2,35725.17,0.0,71450.34
6335,2541,18,2,316.88,0.1,570.38
6336,2541,24,3,291.78,0.1,787.81
6337,2541,32,2,403.22,0.0,806.44
6338,2542,6,1,8439.67,0.05,8017.69
6339,2542,36,3,2924.06,0.1,7894.96
6340,2543,11,1,4853.64,0.05,4610.96
6341,2543,1,2,4311.34,0.0,8622.68
6342,2544,11,2,4853.64,0.05,9221.92
6343,2544,6,2,8439.67,0.0,16879.34
6344,2545,15,1,1717.5,0.05,1631.62
6345,2545,27,1,1246.0,0.1,1121.4
6346,2546,33,3,3763.53,0.05,10726.06
6347,2546,52,2,35725.17,0.0,71450.34
6348,2546,38,1,21688.29,0.05,20603.88
6349,2547,17,3,425.94,0.05,1213.93
6350,2548,3,1,4598.39,0.0,4598.39
6351,2548,16,3,1147.33,0.05,3269.89
6352,2548,17,1,425.94,0.05,404.64
6353,2548,21,2,395.89,0.0,791.78
6354,2549,37,1,20338.2,0.05,19321.29
6355,2549,31,1,440.79,0.2,352.63
6356,2549,37,1,20338.2,0.0,20338.2
6357,2549,42,2,1783.38,0.0,3566.76
6358,2550,24,2,291.78,0.05,554.38
6359,2550,13,2,1356.94,0.05,2578.19
6360,2550,46,2,44103.32,0.0,88206.64
6361,2550,44,2,1675.89,0.0,3351.78
6362,2551,26,2,1412.65,0.0,2825.3
6363,2552,22,3,256.1,0.0,768.3
6364,2553,12,3,5553.73,0.0,16661.19
6365,2553,34,3,3937.59,0.05,11222.13
6366,2553,3,1,4598.39,0.0,4598.39
6367,2554,49,2,24383.87,0.1,43890.97
6368,2554,28,3,2077.38,0.1,5608.93
6369,2554,18,3,316.88,0.0,950.64
6370,2555,20,3,337.55,0.2,810.12
6371,2555,13,2,1356.94,0.0,2713.88
6372,2556,45,3,50632.32,0.0,151896.96
6373,2556,48,1,48857.09,0.0,48857.09
6374,2557,12,2,5553.73,0.05,10552.09
6375,2557,9,2,4533.34,0.0,9066.68
6376,2557,4,1,4078.93,0.0,4078.93
6377,2558,28,1,2077.38,0.1,1869.64
6378,2559,11,3,4853.64,0.0,14560.92
6379,2559,51,2,29838.95,0.0,59677.9
6380,2559,25,3,1719.78,0.0,5159.34
6381,2560,21,1,395.89,0.1,356.3
6382,2561,26,1,1412.65,0.05,1342.02
6383,2562,46,1,44103.32,0.1,39692.99
6384,2563,22,2,256.1,0.0,512.2
6385,2564,37,1,20338.2,0.2,16270.56
6386,2565,12,2,5553.73,0.05,10552.09
6387,2565,2,1,3911.93,0.05,3716.33
6388,2565,21,2,395.89,0.05,752.19
6389,2565,27,1,1246.0,0.0,1246.0
6390,2566,42,1,1783.38,0.0,1783.38
6391,2566,17,3,425.94,0.05,1213.93
6392,2566,29,2,438.5,0.1,789.3
6393,2567,28,2,2077.38,0.0,4154.76
6394,2567,6,1,8439.67,0.05,8017.69
6395,2567,41,3,1458.5,0.1,3937.95
6396,2568,6,2,8439.67,0.0,16879.34
6397,2569,10,3,5058.33,0.2,12139.99
6398,2569,28,1,2077.38,0.0,2077.38
6399,2569,45,3,50632.32,0.0,151896.96
6400,2570,48,3,48857.09,0.0,146571.27
6401,2571,32,3,403.22,0.0,1209.66
6402,2571,38,1,21688.29,0.1,19519.46
6403,2571,13,1,1356.94,0.0,1356.94
6404,2572,21,1,395.89,0.0,395.89
6405,2573,4,2,4078.93,0.0,8157.86
6406,2573,43,1,1480.37,0.05,1406.35
6407,2574,20,1,337.55,0.0,337.55
6408,2574,33,1,3763.53,0.0,3763.53
6409,2574,23,3,381.96,0.05,1088.59
6410,2574,14,1,1335.52,0.05,1268.74
6411,2575,23,2,381.96,0.05,725.72
6412,2575,8,3,7478.19,0.0,22434.57
6413,2576,17,3,425.94,0.05,1213.93
6414,2576,27,3,1246.0,0.2,2990.4
6415,2576,41,1,1458.5,0.0,1458.5
6416,2577,19,1,301.26,0.1,271.13
6417,2578,18,3,316.88,0.0,950.64
6418,2578,15,1,1717.5,0.0,1717.5
6419,2579,9,3,4533.34,0.0,13600.02
6420,2579,47,3,32443.0,0.0,97329.0
6421,2579,47,2,32443.0,0.1,58397.4
6422,2580,26,3,1412.65,0.0,4237.95
6423,2580,26,2,1412.65,0.0,2825.3
6424,2580,39,3,22252.18,0.0,66756.54
6425,2580,43,2,1480.37,0.2,2368.59
6426,2581,36,1,2924.06,0.2,2339.25
6427,2581,3,3,4598.39,0.1,12415.65
6428,2582,41,3,1458.5,0.0,4375.5
6429,2582,10,3,5058.33,0.1,13657.49
6430,2582,20,2,337.55,0.05,641.34
6431,2582,33,2,3763.53,0.2,6021.65
6432,2583,44,3,1675.89,0.0,5027.67
6433,2583,24,1,291.78,0.1,262.6
6434,2583,16,1,1147.33,0.0,1147.33
6435,2584,2,1,3911.93,0.05,3716.33
6436,2584,18,2,316.88,0.0,633.76
6437,2584,6,3,8439.67,0.0,25319.01
6438,2584,36,1,2924.06,0.0,2924.06
6439,2585,50,1,32122.03,0.0,32122.03
6440,2585,20,1,337.55,0.0,337.55
6441,2585,35,1,3039.94,0.0,3039.94
6442,2586,11,3,4853.64,0.0,14560.92
6443,2586,25,3,1719.78,0.0,5159.34
6444,2586,28,1,2077.38,0.0,2077.38
6445,2587,6,2,8439.67,0.0,16879.34
6446,2587,33,3,3763.53,0.05,10726.06
6447,2587,34,2,3937.59,0.0,7875.18
6448,2588,22,3,256.1,0.0,768.3
6449,2588,50,3,32122.03,0.1,86729.48
6450,2588,5,2,7323.99,0.0,14647.98
6451,2589,44,2,1675.89,0.0,3351.78
6452,2590,32,2,403.22,0.1,725.8
6453,2590,34,1,3937.59,0.1,3543.83
6454,2590,31,3,440.79,0.0,1322.37
6455,2591,46,2,44103.32,0.1,79385.98
6456,2591,36,3,2924.06,0.0,8772.18
6457,2592,40,3,16569.14,0.1,44736.68
6458,2592,42,1,1783.38,0.05,1694.21
6459,2593,7,3,11903.44,0.05,33924.8
6460,2593,36,2,2924.06,0.0,5848.12
6461,2593,15,2,1717.5,0.0,3435.0
6462,2594,51,2,29838.95,0.1,53710.11
6463,2594,6,3,8439.67,0.1,22787.11
6464,2594,18,3,316.88,0.0,950.64
6465,2595,31,3,440.79,0.0,1322.37
6466,2595,20,1,337.55,0.0,337.55
6467,2596,32,1,403.22,0.2,322.58
6468,2597,48,2,48857.09,0.0,97714.18
6469,2597,10,2,5058.33,0.0,10116.66
6470,2598,15,1,1717.5,0.0,1717.5
6471,2598,38,1,21688.29,0.05,20603.88
6472,2599,30,1,448.49,0.0,448.49
6473,2599,34,1,3937.59,0.0,3937.59
6474,2599,42,2,1783.38,0.0,3566.76
6475,2599,38,2,21688.29,0.0,43376.58
6476,2600,25,3,1719.78,0.0,5159.34
6477,2600,42,2,1783.38,0.05,3388.42
6478,2601,8,3,7478.19,0.1,20191.11
6479,2601,49,3,24383.87,0.0,73151.61
6480,2601,5,1,7323.99,0.0,7323.99
6481,2602,45,3,50632.32,0.0,151896.96
6482,2603,7,1,11903.44,0.05,11308.27
6483,2603,26,3,1412.65,0.2,3390.36
6484,2604,19,1,301.26,0.05,286.2
6485,2605,48,1,48857.09,0.0,48857.09
6486,2606,2,2,3911.93,0.1,7041.47
6487,2606,29,2,438.5,0.05,833.15
6488,2607,29,1,438.5,0.05,416.58
6489,2607,11,1,4853.64,0.1,4368.28
6490,2608,26,1,1412.65,0.05,1342.02
6491,2608,7,3,11903.44,0.05,33924.8
6492,2608,22,3,256.1,0.0,768.3
6493,2609,40,1,16569.14,0.0,16569.14
6494,2609,34,1,3937.59,0.1,3543.83
6495,2609,13,3,1356.94,0.0,4070.82
6496,2610,1,1,4311.34,0.0,4311.34
6497,2610,22,2,256.1,0.05,486.59
6498,2611,46,2,44103.32,0.1,79385.98
6499,2612,32,3,403.22,0.1,1088.69
6500,2612,30,3,448.49,0.0,1345.47
6501,2612,5,2,7323.99,0.05,13915.58
6502,2613,21,3,395.89,0.0,1187.67
6503,2614,45,2,50632.32,0.2,81011.71
6504,2614,33,1,3763.53,0.0,3763.53
6505,2614,2,2,3911.93,0.2,6259.09
6506,2614,43,1,1480.37,0.0,1480.37
6507,2615,16,2,1147.33,0.0,2294.66
6508,2616,40,2,16569.14,0.1,29824.45
6509,2616,43,1,1480.37,0.0,1480.37
6510,2616,37,3,20338.2,0.05,57963.87
6511,2616,4,1,4078.93,0.1,3671.04
6512,2617,49,1,24383.87,0.1,21945.48
6513,2617,50,1,32122.03,0.05,30515.93
6514,2618,1,3,4311.34,0.0,12934.02
6515,2618,14,1,1335.52,0.0,1335.52
6516,2618,6,1,8439.67,0.0,8439.67
6517,2619,40,1,16569.14,0.0,16569.14
6518,2619,25,3,1719.78,0.0,5159.34
6519,2619,25,3,1719.78,0.0,5159.34
6520,2620,27,2,1246.0,0.0,2492.0
6521,2620,7,1,11903.44,0.0,11903.44
6522,2620,46,1,44103.32,0.0,44103.32
6523,2621,36,2,2924.06,0.0,5848.12
6524,2621,3,3,4598.39,0.1,12415.65
6525,2622,28,3,2077.38,0.2,4985.71
6526,2623,45,3,50632.32,0.0,151896.96
6527,2623,44,2,1675.89,0.0,3351.78
6528,2623,32,2,403.22,0.0,806.44
6529,2624,37,3,20338.2,0.05,57963.87
6530,2624,8,3,7478.19,0.1,20191.11
6531,2624,36,3,2924.06,0.0,8772.18
6532,2624,22,1,256.1,0.0,256.1
6533,2625,2,1,3911.93,0.0,3911.93
6534,2625,19,3,301.26,0.0,903.78
6535,2625,38,3,21688.29,0.0,65064.87
6536,2626,25,1,1719.78,0.05,1633.79
6537,2626,9,1,4533.34,0.0,4533.34
6538,2626,29,1,438.5,0.0,438.5
6539,2627,48,3,48857.09,0.0,146571.27
6540,2627,1,1,4311.34,0.2,3449.07
6541,2628,7,3,11903.44,0.0,35710.32
6542,2628,27,3,1246.0,0.0,3738.0
6543,2628,20,2,337.55,0.0,675.1
6544,2628,19,1,301.26,0.05,286.2
6545,2629,39,2,22252.18,0.0,44504.36
6546,2629,30,3,448.49,0.0,1345.47
6547,2629,49,1,24383.87,0.1,21945.48
6548,2630,26,3,1412.65,0.0,4237.95
6549,2630,51,2,29838.95,0.1,53710.11
6550,2630,19,3,301.26,0.2,723.02
6551,2630,40,2,16569.14,0.1,29824.45
6552,2631,51,3,29838.95,0.0,89516.85
6553,2631,26,3,1412.65,0.05,4026.05
6554,2632,52,3,35725.17,0.1,96457.96
6555,2632,1,3,4311.34,0.2,10347.22
6556,2632,49,2,24383.87,0.1,43890.97
6557,2633,22,1,256.1,0.0,256.1
6558,2633,32,3,403.22,0.0,1209.66
6559,2633,38,2,21688.29,0.0,43376.58
6560,2633,8,3,7478.19,0.0,22434.57
6561,2634,20,2,337.55,0.0,675.1
6562,2635,27,2,1246.0,0.05,2367.4
6563,2635,2,2,3911.93,0.0,7823.86
6564,2635,24,1,291.78,0.0,291.78
6565,2636,24,2,291.78,0.05,554.38
6566,2636,30,2,448.49,0.0,896.98
6567,2636,14,3,1335.52,0.2,3205.25
6568,2637,39,3,22252.18,0.0,66756.54
6569,2637,40,1,16569.14,0.05,15740.68
6570,2637,17,1,425.94,0.0,425.94
6571,2638,27,2,1246.0,0.0,2492.0
6572,2638,41,3,1458.5,0.05,4156.72
6573,2638,17,1,425.94,0.0,425.94
6574,2639,51,2,29838.95,0.0,59677.9
6575,2640,4,1,4078.93,0.0,4078.93
6576,2640,35,3,3039.94,0.1,8207.84
6577,2640,8,1,7478.19,0.1,6730.37
6578,2640,2,3,3911.93,0.0,11735.79
6579,2641,14,1,1335.52,0.0,1335.52
6580,2641,29,1,438.5,0.0,438.5
6581,2641,43,1,1480.37,0.0,1480.37
6582,2641,25,2,1719.78,0.05,3267.58
6583,2642,16,1,1147.33,0.2,917.86
6584,2642,17,2,425.94,0.0,851.88
6585,2642,49,1,24383.87,0.0,24383.87
6586,2642,25,3,1719.78,0.1,4643.41
6587,2643,36,1,2924.06,0.1,2631.65
6588,2643,33,2,3763.53,0.05,7150.71
6589,2643,10,1,5058.33,0.0,5058.33
6590,2643,36,1,2924.06,0.0,2924.06
6591,2644,22,2,256.1,0.0,512.2
6592,2644,5,1,7323.99,0.0,7323.99
6593,2644,27,2,1246.0,0.1,2242.8
6594,2645,42,1,1783.38,0.05,1694.21
6595,2646,13,3,1356.94,0.05,3867.28
6596,2646,29,2,438.5,0.05,833.15
6597,2646,31,2,440.79,0.05,837.5
6598,2647,32,2,403.22,0.2,645.15
6599,2648,21,3,395.89,0.1,1068.9
6600,2648,5,1,7323.99,0.0,7323.99
6601,2648,21,2,395.89,0.2,633.42
6602,2648,3,3,4598.39,0.0,13795.17
6603,2649,25,2,1719.78,0.05,3267.58
6604,2649,14,3,1335.52,0.2,3205.25
6605,2650,25,1,1719.78,0.05,1633.79
6606,2650,17,1,425.94,0.0,425.94
6607,2650,35,1,3039.94,0.05,2887.94
6608,2651,3,3,4598.39,0.05,13105.41
6609,2652,13,2,1356.94,0.2,2171.1
6610,2652,51,1,29838.95,0.0,29838.95
6611,2653,50,2,32122.03,0.1,57819.65
6612,2653,20,2,337.55,0.0,675.1
6613,2653,30,3,448.49,0.05,1278.2
6614,2654,25,3,1719.78,0.0,5159.34
6615,2655,1,1,4311.34,0.2,3449.07
6616,2656,40,1,16569.14,0.0,16569.14
6617,2657,49,3,24383.87,0.0,73151.61
6618,2657,34,2,3937.59,0.0,7875.18
6619,2657,10,2,5058.33,0.0,10116.66
6620,2658,3,3,4598.39,0.05,13105.41
6621,2658,14,2,1335.52,0.2,2136.83
6622,2658,40,3,16569.14,0.0,49707.42
6623,2658,17,1,425.94,0.1,383.35
6624,2659,15,2,1717.5,0.0,3435.0
6625,2659,16,1,1147.33,0.05,1089.96
6626,2660,14,3,1335.52,0.0,4006.56
6627,2660,46,2,44103.32,0.1,79385.98
6628,2660,18,3,316.88,0.0,950.64
6629,2660,14,2,1335.52,0.05,2537.49
6630,2661,14,1,1335.52,0.05,1268.74
6631,2661,13,3,1356.94,0.0,4070.82
6632,2661,7,2,11903.44,0.0,23806.88
6633,2661,1,3,4311.34,0.0,12934.02
6634,2662,13,1,1356.94,0.1,1221.25
6635,2663,35,2,3039.94,0.1,5471.89
6636,2663,5,3,7323.99,0.0,21971.97
6637,2663,21,3,395.89,0.0,1187.67
6638,2664,29,2,438.5,0.0,877.0
6639,2665,1,3,4311.34,0.0,12934.02
6640,2665,37,2,20338.2,0.0,40676.4
6641,2666,47,1,32443.0,0.0,32443.0
6642,2666,26,2,1412.65,0.0,2825.3
6643,2666,33,3,3763.53,0.0,11290.59
6644,2667,35,1,3039.94,0.0,3039.94
6645,2667,35,1,3039.94,0.0,3039.94
6646,2668,17,1,425.94,0.05,404.64
6647,2668,26,1,1412.65,0.05,1342.02
6648,2669,4,2,4078.93,0.2,6526.29
6649,2669,13,3,1356.94,0.0,4070.82
6650,2670,9,2,4533.34,0.0,9066.68
6651,2670,8,3,7478.19,0.0,22434.57
6652,2670,16,3,1147.33,0.05,3269.89
6653,2670,21,2,395.89,0.1,712.6
6654,2671,42,3,1783.38,0.05,5082.63
6655,2671,46,2,44103.32,0.0,88206.64
6656,2671,46,2,44103.32,0.0,88206.64
6657,2671,34,3,3937.59,0.0,11812.77
6658,2672,8,2,7478.19,0.0,14956.38
6659,2672,37,2,20338.2,0.05,38642.58
6660,2672,47,1,32443.0,0.0,32443.0
6661,2672,52,1,35725.17,0.1,32152.65
6662,2673,25,2,1719.78,0.0,3439.56
6663,2673,49,1,24383.87,0.0,24383.87
6664,2673,7,3,11903.44,0.0,35710.32
6665,2674,32,1,403.22,0.05,383.06
6666,2675,5,1,7323.99,0.2,5859.19
6667,2675,9,1,4533.34,0.0,4533.34
6668,2675,49,3,24383.87,0.05,69494.03
6669,2675,17,2,425.94,0.0,851.88
6670,2676,50,3,32122.03,0.05,91547.79
6671,2676,21,3,395.89,0.0,1187.67
6672,2676,46,1,44103.32,0.0,44103.32
6673,2677,5,2,7323.99,0.2,11718.38
6674,2677,47,3,32443.0,0.0,97329.0
6675,2677,44,3,1675.89,0.05,4776.29
6676,2677,29,1,438.5,0.1,394.65
6677,2678,32,3,403.22,0.0,1209.66
6678,2679,44,3,1675.89,0.1,4524.9
6679,2679,1,1,4311.34,0.0,4311.34
6680,2679,46,2,44103.32,0.0,88206.64
6681,2679,52,2,35725.17,0.0,71450.34
6682,2680,45,1,50632.32,0.0,50632.32
6683,2680,16,1,1147.33,0.2,917.86
6684,2680,40,2,16569.14,0.0,33138.28
6685,2680,47,3,32443.0,0.1,87596.1
6686,2681,10,2,5058.33,0.0,10116.66
6687,2681,25,3,1719.78,0.2,4127.47
6688,2681,50,3,32122.03,0.0,96366.09
6689,2681,5,2,7323.99,0.0,14647.98
6690,2682,3,2,4598.39,0.2,7357.42
6691,2683,1,3,4311.34,0.2,10347.22
6692,2684,36,1,2924.06,0.05,2777.86
6693,2684,32,1,403.22,0.0,403.22
6694,2685,40,1,16569.14,0.0,16569.14
6695,2686,43,1,1480.37,0.0,1480.37
6696,2687,34,2,3937.59,0.0,7875.18
6697,2687,16,2,1147.33,0.0,2294.66
6698,2687,15,1,1717.5,0.1,1545.75
6699,2687,21,1,395.89,0.0,395.89
6700,2688,29,3,438.5,0.0,1315.5
6701,2688,8,3,7478.19,0.05,21312.84
6702,2689,50,3,32122.03,0.0,96366.09
6703,2690,32,2,403.22,0.1,725.8
6704,2690,28,3,2077.38,0.1,5608.93
6705,2690,26,2,1412.65,0.05,2684.04
6706,2691,7,2,11903.44,0.0,23806.88
6707,2692,42,3,1783.38,0.0,5350.14
6708,2692,12,3,5553.73,0.1,14995.07
6709,2692,38,3,21688.29,0.0,65064.87
6710,2692,50,3,32122.03,0.0,96366.09
6711,2693,35,2,3039.94,0.0,6079.88
6712,2694,29,3,438.5,0.05,1249.72
6713,2694,44,1,1675.89,0.1,1508.3
6714,2694,7,1,11903.44,0.05,11308.27
6715,2695,49,2,24383.87,0.1,43890.97
6716,2695,29,1,438.5,0.05,416.58
6717,2695,16,2,1147.33,0.0,2294.66
6718,2696,30,1,448.49,0.2,358.79
6719,2696,17,2,425.94,0.05,809.29
6720,2696,30,2,448.49,0.0,896.98
6721,2697,6,2,8439.67,0.1,15191.41
6722,2698,10,2,5058.33,0.0,10116.66
6723,2698,51,2,29838.95,0.05,56694.0
6724,2698,36,3,2924.06,0.05,8333.57
6725,2698,8,2,7478.19,0.0,14956.38
6726,2699,34,3,3937.59,0.0,11812.77
6727,2699,45,1,50632.32,0.2,40505.86
6728,2699,38,2,21688.29,0.0,43376.58
6729,2699,47,2,32443.0,0.05,61641.7
6730,2700,8,2,7478.19,0.0,14956.38
6731,2701,13,2,1356.94,0.1,2442.49
6732,2701,4,1,4078.93,0.05,3874.98
6733,2701,19,3,301.26,0.05,858.59
6734,2701,20,1,337.55,0.0,337.55
6735,2702,44,3,1675.89,0.05,4776.29
6736,2702,31,3,440.79,0.0,1322.37
6737,2702,37,3,20338.2,0.05,57963.87
6738,2702,28,1,2077.38,0.0,2077.38
6739,2703,46,2,44103.32,0.2,70565.31
6740,2703,33,3,3763.53,0.05,10726.06
6741,2703,6,3,8439.67,0.0,25319.01
6742,2703,46,2,44103.32,0.0,88206.64
6743,2704,16,2,1147.33,0.05,2179.93
6744,2704,28,3,2077.38,0.0,6232.14
6745,2704,12,3,5553.73,0.1,14995.07
6746,2705,22,1,256.1,0.1,230.49
6747,2705,18,3,316.88,0.0,950.64
6748,2705,51,2,29838.95,0.0,59677.9
6749,2706,47,1,32443.0,0.0,32443.0
6750,2706,39,1,22252.18,0.1,20026.96
6751,2707,33,2,3763.53,0.2,6021.65
6752,2707,31,3,440.79,0.0,1322.37
6753,2707,26,2,1412.65,0.0,2825.3
6754,2707,50,1,32122.03,0.2,25697.62
6755,2708,51,3,29838.95,0.05,85041.01
6756,2708,52,1,35725.17,0.0,35725.17
6757,2709,32,2,403.22,0.0,806.44
6758,2709,2,1,3911.93,0.1,3520.74
6759,2710,36,1,2924.06,0.0,2924.06
6760,2711,37,3,20338.2,0.0,61014.6
6761,2711,43,1,1480.37,0.05,1406.35
6762,2711,41,2,1458.5,0.0,2917.0
6763,2711,41,1,1458.5,0.0,1458.5
6764,2712,38,2,21688.29,0.0,43376.58
6765,2712,49,3,24383.87,0.05,69494.03
6766,2713,33,2,3763.53,0.1,6774.35
6767,2713,39,3,22252.18,0.0,66756.54
6768,2714,19,3,301.26,0.2,723.02
6769,2714,34,2,3937.59,0.1,7087.66
6770,2714,26,2,1412.65,0.2,2260.24
6771,2715,22,3,256.1,0.2,614.64
6772,2715,4,3,4078.93,0.0,12236.79
6773,2715,11,2,4853.64,0.1,8736.55
6774,2716,52,3,35725.17,0.0,107175.51
6775,2716,44,2,1675.89,0.0,3351.78
6776,2716,28,1,2077.38,0.05,1973.51
6777,2717,16,3,1147.33,0.1,3097.79
6778,2717,20,3,337.55,0.0,1012.65
6779,2717,6,2,8439.67,0.1,15191.41
6780,2717,37,2,20338.2,0.05,38642.58
6781,2718,10,2,5058.33,0.0,10116.66
6782,2718,50,1,32122.03,0.0,32122.03
6783,2718,30,1,448.49,0.0,448.49
6784,2718,9,3,4533.34,0.05,12920.02
6785,2719,18,3,316.88,0.2,760.51
6786,2719,2,1,3911.93,0.0,3911.93
6787,2719,2,2,3911.93,0.0,7823.86
6788,2720,36,3,2924.06,0.2,7017.74
6789,2720,20,2,337.55,0.0,675.1
6790,2720,4,2,4078.93,0.2,6526.29
6791,2720,20,2,337.55,0.0,675.1
6792,2721,6,3,8439.67,0.0,25319.01
6793,2721,51,1,29838.95,0.0,29838.95
6794,2721,45,3,50632.32,0.0,151896.96
6795,2721,50,1,32122.03,0.0,32122.03
6796,2722,27,1,1246.0,0.0,1246.0
6797,2722,50,3,32122.03,0.1,86729.48
6798,2723,30,3,448.49,0.0,1345.47
6799,2724,33,3,3763.53,0.1,10161.53
6800,2724,30,3,448.49,0.05,1278.2
6801,2724,32,2,403.22,0.05,766.12
6802,2725,16,2,1147.33,0.0,2294.66
6803,2725,28,2,2077.38,0.05,3947.02
6804,2725,38,3,21688.29,0.0,65064.87
6805,2726,33,2,3763.53,0.0,7527.06
6806,2726,40,3,16569.14,0.0,49707.42
6807,2727,50,1,32122.03,0.1,28909.83
6808,2727,9,2,4533.34,0.0,9066.68
6809,2728,38,1,21688.29,0.0,21688.29
6810,2728,3,2,4598.39,0.0,9196.78
6811,2728,16,1,1147.33,0.2,917.86
6812,2728,52,1,35725.17,0.1,32152.65
6813,2729,26,1,1412.65,0.0,1412.65
6814,2729,11,2,4853.64,0.1,8736.55
6815,2730,35,2,3039.94,0.0,6079.88
6816,2730,28,3,2077.38,0.0,6232.14
6817,2731,34,2,3937.59,0.05,7481.42
6818,2731,42,1,1783.38,0.05,1694.21
6819,2731,12,3,5553.73,0.0,16661.19
6820,2732,30,3,448.49,0.0,1345.47
6821,2732,20,2,337.55,0.0,675.1
6822,2733,9,1,4533.34,0.05,4306.67
6823,2733,7,2,11903.44,0.1,21426.19
6824,2733,36,2,2924.06,0.2,4678.5
6825,2733,46,2,44103.32,0.0,88206.64
6826,2734,9,1,4533.34,0.0,4533.34
6827,2735,34,1,3937.59,0.2,3150.07
6828,2735,35,1,3039.94,0.05,2887.94
6829,2735,30,2,448.49,0.1,807.28
6830,2736,36,3,2924.06,0.0,8772.18
6831,2736,47,1,32443.0,0.1,29198.7
6832,2737,3,3,4598.39,0.0,13795.17
6833,2737,20,3,337.55,0.0,1012.65
6834,2737,32,2,403.22,0.0,806.44
6835,2737,2,3,3911.93,0.0,11735.79
6836,2738,17,2,425.94,0.05,809.29
6837,2739,12,2,5553.73,0.2,8885.97
6838,2739,35,1,3039.94,0.1,2735.95
6839,2739,33,1,3763.53,0.0,3763.53
6840,2740,5,3,7323.99,0.0,21971.97
6841,2740,6,1,8439.67,0.05,8017.69
6842,2740,46,1,44103.32,0.0,44103.32
6843,2740,43,3,1480.37,0.0,4441.11
6844,2741,5,2,7323.99,0.0,14647.98
6845,2741,6,2,8439.67,0.0,16879.34
6846,2742,3,2,4598.39,0.1,8277.1
6847,2742,20,1,337.55,0.2,270.04
6848,2742,36,1,2924.06,0.0,2924.06
6849,2742,21,2,395.89,0.0,791.78
6850,2743,20,1,337.55,0.1,303.8
6851,2743,39,1,22252.18,0.0,22252.18
6852,2743,28,1,2077.38,0.0,2077.38
6853,2743,23,3,381.96,0.0,1145.88
6854,2744,13,3,1356.94,0.2,3256.66
6855,2744,47,2,32443.0,0.1,58397.4
6856,2744,43,1,1480.37,0.0,1480.37
6857,2744,47,3,32443.0,0.0,97329.0
6858,2745,2,3,3911.93,0.0,11735.79
6859,2745,17,1,425.94,0.05,404.64
6860,2746,37,3,20338.2,0.0,61014.6
6861,2746,33,3,3763.53,0.0,11290.59
6862,2746,31,1,440.79,0.1,396.71
6863,2746,43,2,1480.37,0.05,2812.7
6864,2747,49,2,24383.87,0.05,46329.35
6865,2747,37,3,20338.2,0.0,61014.6
6866,2748,31,1,440.79,0.05,418.75
6867,2748,20,2,337.55,0.1,607.59
6868,2748,3,1,4598.39,0.05,4368.47
6869,2749,38,2,21688.29,0.0,43376.58
6870,2749,40,2,16569.14,0.0,33138.28
6871,2749,20,3,337.55,0.1,911.39
6872,2749,15,3,1717.5,0.0,5152.5
6873,2750,9,1,4533.34,0.0,4533.34
6874,2750,47,1,32443.0,0.1,29198.7
6875,2751,39,1,22252.18,0.2,17801.74
6876,2752,2,2,3911.93,0.0,7823.86
6877,2753,30,1,448.49,0.0,448.49
6878,2753,2,1,3911.93,0.1,3520.74
6879,2754,2,3,3911.93,0.0,11735.79
6880,2755,21,1,395.89,0.0,395.89
6881,2755,32,2,403.22,0.0,806.44
6882,2755,41,2,1458.5,0.0,2917.0
6883,2755,31,3,440.79,0.1,1190.13
6884,2756,7,2,11903.44,0.0,23806.88
6885,2757,3,2,4598.39,0.0,9196.78
6886,2757,37,2,20338.2,0.05,38642.58
6887,2758,3,1,4598.39,0.1,4138.55
6888,2758,23,2,381.96,0.0,763.92
6889,2758,28,2,2077.38,0.05,3947.02
6890,2759,45,2,50632.32,0.0,101264.64
6891,2760,44,3,1675.89,0.0,5027.67
6892,2761,1,1,4311.34,0.1,3880.21
6893,2761,32,2,403.22,0.0,806.44
6894,2762,16,2,1147.33,0.0,2294.66
6895,2763,30,1,448.49,0.05,426.07
6896,2763,3,1,4598.39,0.0,4598.39
6897,2764,34,1,3937.59,0.05,3740.71
6898,2764,19,2,301.26,0.05,572.39
6899,2764,10,3,5058.33,0.0,15174.99
6900,2764,34,3,3937.59,0.0,11812.77
6901,2765,28,3,2077.38,0.0,6232.14
6902,2765,4,3,4078.93,0.05,11624.95
6903,2765,17,3,425.94,0.1,1150.04
6904,2765,36,1,2924.06,0.0,2924.06
6905,2766,1,3,4311.34,0.05,12287.32
6906,2766,31,3,440.79,0.0,1322.37
6907,2766,23,1,381.96,0.2,305.57
6908,2767,39,2,22252.18,0.0,44504.36
6909,2767,42,3,1783.38,0.0,5350.14
6910,2768,28,3,2077.38,0.1,5608.93
6911,2768,17,3,425.94,0.0,1277.82
6912,2768,13,1,1356.94,0.0,1356.94
6913,2769,5,3,7323.99,0.1,19774.77
6914,2769,37,3,20338.2,0.1,54913.14
6915,2770,38,1,21688.29,0.0,21688.29
6916,2770,35,2,3039.94,0.2,4863.9
6917,2770,46,2,44103.32,0.0,88206.64
6918,2771,10,3,5058.33,0.05,14416.24
6919,2771,27,1,1246.0,0.05,1183.7
6920,2772,47,2,32443.0,0.0,64886.0
6921,2772,44,3,1675.89,0.1,4524.9
6922,2772,11,3,4853.64,0.0,14560.92
6923,2773,21,3,395.89,0.0,1187.67
6924,2773,26,3,1412.65,0.0,4237.95
6925,2774,4,3,4078.93,0.05,11624.95
6926,2774,52,3,35725.17,0.0,107175.51
6927,2774,19,1,301.26,0.0,301.26
6928,2775,15,1,1717.5,0.2,1374.0
6929,2775,7,1,11903.44,0.05,11308.27
6930,2775,17,3,425.94,0.0,1277.82
6931,2776,46,3,44103.32,0.05,125694.46
6932,2776,35,3,3039.94,0.0,9119.82
6933,2777,33,1,3763.53,0.2,3010.82
6934,2777,2,3,3911.93,0.1,10562.21
6935,2777,48,1,48857.09,0.0,48857.09
6936,2777,3,1,4598.39,0.1,4138.55
6937,2778,27,2,1246.0,0.05,2367.4
6938,2779,40,1,16569.14,0.0,16569.14
6939,2780,40,1,16569.14,0.2,13255.31
6940,2780,2,3,3911.93,0.0,11735.79
6941,2780,31,2,440.79,0.1,793.42
6942,2780,23,1,381.96,0.2,305.57
6943,2781,13,3,1356.94,0.1,3663.74
6944,2781,19,2,301.26,0.1,542.27
6945,2781,34,2,3937.59,0.0,7875.18
6946,2781,44,2,1675.89,0.1,3016.6
6947,2782,17,2,425.94,0.05,809.29
6948,2783,40,3,16569.14,0.2,39765.94
6949,2783,36,1,2924.06,0.0,2924.06
6950,2784,4,1,4078.93,0.0,4078.93
6951,2784,34,1,3937.59,0.05,3740.71
6952,2785,18,1,316.88,0.1,285.19
6953,2786,30,2,448.49,0.0,896.98
6954,2786,25,2,1719.78,0.1,3095.6
6955,2786,38,3,21688.29,0.0,65064.87
6956,2786,6,1,8439.67,0.0,8439.67
6957,2787,48,3,48857.09,0.1,131914.14
6958,2787,51,1,29838.95,0.0,29838.95
6959,2787,28,1,2077.38,0.0,2077.38
6960,2788,42,1,1783.38,0.2,1426.7
6961,2789,4,1,4078.93,0.1,3671.04
6962,2790,21,1,395.89,0.0,395.89
6963,2790,18,3,316.88,0.05,903.11
6964,2790,9,3,4533.34,0.2,10880.02
6965,2791,21,1,395.89,0.05,376.1
6966,2791,41,3,1458.5,0.0,4375.5
6967,2791,43,3,1480.37,0.0,4441.11
6968,2791,52,1,35725.17,0.0,35725.17
6969,2792,38,1,21688.29,0.0,21688.29
6970,2792,12,1,5553.73,0.0,5553.73
6971,2792,46,2,44103.32,0.1,79385.98
6972,2793,25,1,1719.78,0.0,1719.78
6973,2793,1,1,4311.34,0.0,4311.34
6974,2793,38,2,21688.29,0.1,39038.92
6975,2793,48,3,48857.09,0.0,146571.27
6976,2794,23,3,381.96,0.0,1145.88
6977,2794,32,2,403.22,0.0,806.44
6978,2794,27,2,1246.0,0.0,2492.0
6979,2795,46,3,44103.32,0.0,132309.96
6980,2795,21,2,395.89,0.05,752.19
6981,2795,33,2,3763.53,0.0,7527.06
6982,2796,36,1,2924.06,0.2,2339.25
6983,2796,15,3,1717.5,0.05,4894.88
6984,2796,18,3,316.88,0.0,950.64
6985,2797,21,1,395.89,0.05,376.1
6986,2797,29,2,438.5,0.0,877.0
6987,2797,36,3,2924.06,0.0,8772.18
6988,2798,30,3,448.49,0.0,1345.47
6989,2798,22,1,256.1,0.0,256.1
6990,2798,2,2,3911.93,0.0,7823.86
6991,2799,15,1,1717.5,0.05,1631.62
6992,2800,28,2,2077.38,0.2,3323.81
6993,2801,3,1,4598.39,0.0,4598.39
6994,2801,9,1,4533.34,0.05,4306.67
6995,2802,30,2,448.49,0.0,896.98
6996,2802,36,2,2924.06,0.0,5848.12
6997,2802,15,3,1717.5,0.2,4122.0
6998,2803,27,1,1246.0,0.05,1183.7
6999,2803,32,2,403.22,0.05,766.12
7000,2804,15,1,1717.5,0.2,1374.0
7001,2805,12,2,5553.73,0.0,11107.46
7002,2805,38,3,21688.29,0.0,65064.87
7003,2805,7,2,11903.44,0.0,23806.88
7004,2805,14,3,1335.52,0.0,4006.56
7005,2806,10,2,5058.33,0.0,10116.66
7006,2807,51,3,29838.95,0.0,89516.85
7007,2807,11,3,4853.64,0.2,11648.74
7008,2807,42,2,1783.38,0.0,3566.76
7009,2808,1,1,4311.34,0.0,4311.34
7010,2809,14,1,1335.52,0.05,1268.74
7011,2809,48,1,48857.09,0.1,43971.38
7012,2809,25,3,1719.78,0.0,5159.34
7013,2809,33,2,3763.53,0.0,7527.06
7014,2810,16,1,1147.33,0.0,1147.33
7015,2810,31,3,440.79,0.0,1322.37
7016,2810,42,1,1783.38,0.0,1783.38
7017,2811,4,2,4078.93,0.05,7749.97
7018,2811,36,3,2924.06,0.05,8333.57
7019,2812,43,3,1480.37,0.05,4219.05
7020,2812,33,3,3763.53,0.0,11290.59
7021,2813,28,1,2077.38,0.0,2077.38
7022,2813,22,3,256.1,0.0,768.3
7023,2814,10,2,5058.33,0.05,9610.83
7024,2815,39,3,22252.18,0.0,66756.54
7025,2816,12,1,5553.73,0.1,4998.36
7026,2817,36,3,2924.06,0.0,8772.18
7027,2817,7,1,11903.44,0.2,9522.75
7028,2817,6,3,8439.67,0.0,25319.01
7029,2817,24,3,291.78,0.05,831.57
7030,2818,15,1,1717.5,0.05,1631.62
7031,2818,36,2,2924.06,0.05,5555.71
7032,2818,17,3,425.94,0.05,1213.93
7033,2819,50,2,32122.03,0.05,61031.86
7034,2819,4,1,4078.93,0.1,3671.04
7035,2819,10,1,5058.33,0.1,4552.5
7036,2819,36,2,2924.06,0.0,5848.12
7037,2820,20,2,337.55,0.1,607.59
7038,2821,49,1,24383.87,0.1,21945.48
7039,2821,13,2,1356.94,0.2,2171.1
7040,2822,27,3,1246.0,0.0,3738.0
7041,2822,34,1,3937.59,0.0,3937.59
7042,2822,38,2,21688.29,0.05,41207.75
7043,2822,35,2,3039.94,0.0,6079.88
7044,2823,22,1,256.1,0.05,243.3
7045,2823,43,3,1480.37,0.05,4219.05
7046,2823,22,3,256.1,0.0,768.3
7047,2823,3,2,4598.39,0.0,9196.78
7048,2824,16,3,1147.33,0.05,3269.89
7049,2824,31,1,440.79,0.0,440.79
7050,2825,12,1,5553.73,0.0,5553.73
7051,2826,43,2,1480.37,0.1,2664.67
7052,2827,49,2,24383.87,0.05,46329.35
7053,2828,41,2,1458.5,0.05,2771.15
7054,2828,8,2,7478.19,0.05,14208.56
7055,2828,32,3,403.22,0.05,1149.18
7056,2828,14,2,1335.52,0.0,2671.04
7057,2829,16,3,1147.33,0.0,3441.99
7058,2829,32,2,403.22,0.0,806.44
7059,2830,22,3,256.1,0.0,768.3
7060,2830,2,2,3911.93,0.0,7823.86
7061,2830,1,2,4311.34,0.05,8191.55
7062,2830,47,3,32443.0,0.0,97329.0
7063,2831,35,2,3039.94,0.0,6079.88
7064,2831,33,1,3763.53,0.0,3763.53
7065,2831,11,2,4853.64,0.2,7765.82
7066,2832,30,2,448.49,0.0,896.98
7067,2832,30,3,448.49,0.0,1345.47
7068,2833,15,2,1717.5,0.0,3435.0
7069,2833,36,2,2924.06,0.0,5848.12
7070,2833,50,2,32122.03,0.05,61031.86
7071,2834,7,3,11903.44,0.05,33924.8
7072,2835,22,2,256.1,0.1,460.98
7073,2835,34,2,3937.59,0.0,7875.18
7074,2835,48,1,48857.09,0.0,48857.09
7075,2835,20,2,337.55,0.0,675.1
7076,2836,26,1,1412.65,0.1,1271.39
7077,2836,22,1,256.1,0.0,256.1
7078,2837,3,2,4598.39,0.05,8736.94
7079,2837,29,3,438.5,0.05,1249.72
7080,2837,48,3,48857.09,0.1,131914.14
7081,2837,17,3,425.94,0.05,1213.93
7082,2838,37,1,20338.2,0.05,19321.29
7083,2838,45,1,50632.32,0.1,45569.09
7084,2838,11,1,4853.64,0.0,4853.64
7085,2838,47,2,32443.0,0.0,64886.0
7086,2839,20,1,337.55,0.05,320.67
7087,2839,19,1,301.26,0.05,286.2
7088,2839,26,2,1412.65,0.0,2825.3
7089,2839,32,1,403.22,0.05,383.06
7090,2840,22,2,256.1,0.0,512.2
7091,2840,5,2,7323.99,0.0,14647.98
7092,2841,5,3,7323.99,0.0,21971.97
7093,2841,27,3,1246.0,0.0,3738.0
7094,2841,10,3,5058.33,0.2,12139.99
7095,2841,25,1,1719.78,0.1,1547.8
7096,2842,49,1,24383.87,0.0,24383.87
7097,2843,9,2,4533.34,0.05,8613.35
7098,2843,30,1,448.49,0.05,426.07
7099,2843,19,3,301.26,0.0,903.78
7100,2844,40,2,16569.14,0.1,29824.45
7101,2844,52,3,35725.17,0.1,96457.96
7102,2845,17,2,425.94,0.2,681.5
7103,2846,13,2,1356.94,0.0,2713.88
7104,2847,11,2,4853.64,0.0,9707.28
7105,2847,1,3,4311.34,0.0,12934.02
7106,2847,46,3,44103.32,0.05,125694.46
7107,2848,26,2,1412.65,0.0,2825.3
7108,2848,41,3,1458.5,0.1,3937.95
7109,2848,43,3,1480.37,0.1,3997.0
7110,2849,5,1,7323.99,0.0,7323.99
7111,2849,16,2,1147.33,0.05,2179.93
7112,2849,34,1,3937.59,0.1,3543.83
7113,2850,40,1,16569.14,0.1,14912.23
7114,2850,51,3,29838.95,0.0,89516.85
7115,2850,17,3,425.94,0.0,1277.82
7116,2851,6,2,8439.67,0.0,16879.34
7117,2851,49,3,24383.87,0.05,69494.03
7118,2851,16,2,1147.33,0.0,2294.66
7119,2851,3,1,4598.39,0.0,4598.39
7120,2852,15,2,1717.5,0.0,3435.0
7121,2852,3,2,4598.39,0.0,9196.78
7122,2853,50,2,32122.03,0.0,64244.06
7123,2853,1,3,4311.34,0.2,10347.22
7124,2853,34,3,3937.59,0.2,9450.22
7125,2853,9,2,4533.34,0.0,9066.68
7126,2854,6,3,8439.67,0.0,25319.01
7127,2855,29,1,438.5,0.2,350.8
7128,2855,14,2,1335.52,0.0,2671.04
7129,2855,15,3,1717.5,0.0,5152.5
7130,2855,50,3,32122.03,0.1,86729.48
7131,2856,14,1,1335.52,0.1,1201.97
7132,2856,26,3,1412.65,0.1,3814.16
7133,2856,15,1,1717.5,0.0,1717.5
7134,2857,21,1,395.89,0.2,316.71
7135,2858,31,3,440.79,0.1,1190.13
7136,2858,49,3,24383.87,0.0,73151.61
7137,2859,46,2,44103.32,0.0,88206.64
7138,2859,1,3,4311.34,0.0,12934.02
7139,2859,29,2,438.5,0.1,789.3
7140,2860,28,1,2077.38,0.05,1973.51
7141,2860,39,3,22252.18,0.1,60080.89
7142,2860,25,1,1719.78,0.0,1719.78
7143,2860,32,2,403.22,0.05,766.12
7144,2861,19,2,301.26,0.2,482.02
7145,2862,11,3,4853.64,0.1,13104.83
7146,2862,30,3,448.49,0.0,1345.47
7147,2863,31,3,440.79,0.0,1322.37
7148,2863,34,1,3937.59,0.1,3543.83
7149,2863,45,1,50632.32,0.0,50632.32
7150,2864,42,3,1783.38,0.0,5350.14
7151,2864,50,2,32122.03,0.05,61031.86
7152,2864,24,3,291.78,0.2,700.27
7153,2864,27,1,1246.0,0.05,1183.7
7154,2865,16,2,1147.33,0.0,2294.66
7155,2865,44,2,1675.89,0.0,3351.78
7156,2866,8,2,7478.19,0.1,13460.74
7157,2866,9,1,4533.34,0.0,4533.34
7158,2867,15,2,1717.5,0.0,3435.0
7159,2867,22,3,256.1,0.0,768.3
7160,2867,23,3,381.96,0.0,1145.88
7161,2868,21,2,395.89,0.1,712.6
7162,2868,44,2,1675.89,0.0,3351.78
7163,2868,33,1,3763.53,0.05,3575.35
7164,2869,19,2,301.26,0.0,602.52
7165,2869,36,1,2924.06,0.05,2777.86
7166,2869,15,3,1717.5,0.0,5152.5
7167,2870,31,3,440.79,0.05,1256.25
7168,2870,11,3,4853.64,0.0,14560.92
7169,2870,6,3,8439.67,0.2,20255.21
7170,2871,14,1,1335.52,0.1,1201.97
7171,2872,33,1,3763.53,0.0,3763.53
7172,2873,10,3,5058.33,0.05,14416.24
7173,2874,37,3,20338.2,0.0,61014.6
7174,2874,39,3,22252.18,0.0,66756.54
7175,2874,25,2,1719.78,0.0,3439.56
7176,2875,40,1,16569.14,0.0,16569.14
7177,2875,36,1,2924.06,0.05,2777.86
7178,2875,45,3,50632.32,0.0,151896.96
7179,2875,52,3,35725.17,0.05,101816.73
7180,2876,19,3,301.26,0.0,903.78
7181,2876,10,1,5058.33,0.0,5058.33
7182,2877,19,2,301.26,0.1,542.27
7183,2878,47,1,32443.0,0.0,32443.0
7184,2879,44,1,1675.89,0.0,1675.89
7185,2879,1,2,4311.34,0.0,8622.68
7186,2879,2,3,3911.93,0.0,11735.79
7187,2880,1,1,4311.34,0.05,4095.77
7188,2880,35,2,3039.94,0.0,6079.88
7189,2880,6,3,8439.67,0.1,22787.11
7190,2881,33,1,3763.53,0.0,3763.53
7191,2881,51,3,29838.95,0.05,85041.01
7192,2882,16,1,1147.33,0.05,1089.96
7193,2882,28,1,2077.38,0.2,1661.9
7194,2883,20,3,337.55,0.0,1012.65
7195,2883,20,2,337.55,0.1,607.59
7196,2883,12,3,5553.73,0.05,15828.13
7197,2883,44,2,1675.89,0.0,3351.78
7198,2884,8,1,7478.19,0.0,7478.19
7199,2884,30,2,448.49,0.05,852.13
7200,2884,26,1,1412.65,0.0,1412.65
7201,2884,16,2,1147.33,0.0,2294.66
7202,2885,41,2,1458.5,0.1,2625.3
7203,2885,48,2,48857.09,0.1,87942.76
7204,2886,43,2,1480.37,0.0,2960.74
7205,2887,15,3,1717.5,0.05,4894.88
7206,2887,35,3,3039.94,0.0,9119.82
7207,2887,33,1,3763.53,0.0,3763.53
7208,2887,46,1,44103.32,0.05,41898.15
7209,2888,24,2,291.78,0.05,554.38
7210,2888,47,3,32443.0,0.0,97329.0
7211,2889,1,3,4311.34,0.0,12934.02
7212,2889,40,1,16569.14,0.0,16569.14
7213,2889,41,2,1458.5,0.05,2771.15
7214,2890,21,1,395.89,0.0,395.89
7215,2890,39,3,22252.18,0.1,60080.89
7216,2891,44,3,1675.89,0.05,4776.29
7217,2892,45,2,50632.32,0.05,96201.41
7218,2892,45,1,50632.32,0.1,45569.09
7219,2893,16,3,1147.33,0.0,3441.99
7220,2893,38,2,21688.29,0.0,43376.58
7221,2893,49,3,24383.87,0.0,73151.61
7222,2894,47,2,32443.0,0.1,58397.4
7223,2895,48,3,48857.09,0.2,117257.02
7224,2895,20,2,337.55,0.0,675.1
7225,2895,37,2,20338.2,0.0,40676.4
7226,2896,24,3,291.78,0.0,875.34
7227,2896,24,2,291.78,0.0,583.56
7228,2897,22,1,256.1,0.1,230.49
7229,2897,13,1,1356.94,0.0,1356.94
7230,2897,1,1,4311.34,0.2,3449.07
7231,2898,31,3,440.79,0.05,1256.25
7232,2898,31,3,440.79,0.1,1190.13
7233,2899,19,3,301.26,0.1,813.4
7234,2900,19,1,301.26,0.05,286.2
7235,2900,13,2,1356.94,0.0,2713.88
7236,2901,37,2,20338.2,0.0,40676.4
7237,2901,19,3,301.26,0.0,903.78
7238,2901,6,1,8439.67,0.0,8439.67
7239,2901,16,2,1147.33,0.0,2294.66
7240,2902,15,2,1717.5,0.1,3091.5
7241,2903,25,2,1719.78,0.0,3439.56
7242,2903,45,3,50632.32,0.05,144302.11
7243,2903,18,3,316.88,0.0,950.64
7244,2904,38,2,21688.29,0.0,43376.58
7245,2904,13,3,1356.94,0.0,4070.82
7246,2905,14,2,1335.52,0.0,2671.04
7247,2905,10,1,5058.33,0.1,4552.5
7248,2906,6,2,8439.67,0.0,16879.34
7249,2906,37,1,20338.2,0.05,19321.29
7250,2906,4,2,4078.93,0.0,8157.86
7251,2906,3,2,4598.39,0.0,9196.78
7252,2907,45,1,50632.32,0.05,48100.7
7253,2907,14,1,1335.52,0.0,1335.52
7254,2907,21,1,395.89,0.0,395.89
7255,2907,7,3,11903.44,0.05,33924.8
7256,2908,36,3,2924.06,0.0,8772.18
7257,2909,16,1,1147.33,0.0,1147.33
7258,2909,11,1,4853.64,0.0,4853.64
7259,2909,43,2,1480.37,0.0,2960.74
7260,2909,26,3,1412.65,0.1,3814.16
7261,2910,51,3,29838.95,0.0,89516.85
7262,2910,24,2,291.78,0.0,583.56
7263,2910,16,1,1147.33,0.0,1147.33
7264,2910,19,3,301.26,0.0,903.78
7265,2911,23,1,381.96,0.0,381.96
7266,2912,10,2,5058.33,0.0,10116.66
7267,2912,51,1,29838.95,0.05,28347.0
7268,2912,31,3,440.79,0.05,1256.25
7269,2913,20,2,337.55,0.0,675.1
7270,2913,49,1,24383.87,0.0,24383.87
7271,2913,39,2,22252.18,0.1,40053.92
7272,2914,34,2,3937.59,0.05,7481.42
7273,2914,14,3,1335.52,0.0,4006.56
7274,2914,23,1,381.96,0.2,305.57
7275,2914,1,1,4311.34,0.05,4095.77
7276,2915,2,1,3911.93,0.0,3911.93
7277,2916,16,3,1147.33,0.0,3441.99
7278,2917,15,1,1717.5,0.0,1717.5
7279,2917,22,1,256.1,0.0,256.1
7280,2917,10,1,5058.33,0.1,4552.5
7281,2917,25,1,1719.78,0.0,1719.78
7282,2918,2,2,3911.93,0.0,7823.86
7283,2918,9,2,4533.34,0.0,9066.68
7284,2918,41,3,1458.5,0.0,4375.5
7285,2918,17,3,425.94,0.0,1277.82
7286,2919,2,2,3911.93,0.1,7041.47
7287,2919,28,2,2077.38,0.2,3323.81
7288,2919,27,1,1246.0,0.0,1246.0
7289,2920,36,1,2924.06,0.0,2924.06
7290,2921,22,1,256.1,0.1,230.49
7291,2922,47,3,32443.0,0.0,97329.0
7292,2922,42,1,1783.38,0.05,1694.21
7293,2922,51,1,29838.95,0.0,29838.95
7294,2922,35,1,3039.94,0.1,2735.95
7295,2923,14,2,1335.52,0.0,2671.04
7296,2923,26,1,1412.65,0.05,1342.02
7297,2923,27,1,1246.0,0.05,1183.7
7298,2923,41,3,1458.5,0.0,4375.5
7299,2924,20,3,337.55,0.0,1012.65
7300,2924,20,3,337.55,0.2,810.12
7301,2924,2,1,3911.93,0.05,3716.33
7302,2925,44,3,1675.89,0.1,4524.9
7303,2925,30,3,448.49,0.05,1278.2
7304,2925,18,3,316.88,0.0,950.64
7305,2926,43,3,1480.37,0.2,3552.89
7306,2926,9,1,4533.34,0.05,4306.67
7307,2926,52,1,35725.17,0.05,33938.91
7308,2926,41,1,1458.5,0.0,1458.5
7309,2927,20,3,337.55,0.1,911.39
7310,2927,7,1,11903.44,0.05,11308.27
7311,2928,27,3,1246.0,0.0,3738.0
7312,2928,4,3,4078.93,0.0,12236.79
7313,2928,39,2,22252.18,0.05,42279.14
7314,2929,48,2,48857.09,0.1,87942.76
7315,2929,23,1,381.96,0.1,343.76
7316,2929,40,2,16569.14,0.2,26510.62
7317,2929,22,2,256.1,0.0,512.2
7318,2930,30,1,448.49,0.1,403.64
7319,2930,47,3,32443.0,0.2,77863.2
7320,2930,50,2,32122.03,0.05,61031.86
7321,2931,18,2,316.88,0.1,570.38
7322,2931,40,1,16569.14,0.2,13255.31
7323,2931,17,3,425.94,0.0,1277.82
7324,2932,52,1,35725.17,0.05,33938.91
7325,2932,39,1,22252.18,0.05,21139.57
7326,2933,28,2,2077.38,0.2,3323.81
7327,2933,11,1,4853.64,0.0,4853.64
7328,2934,52,3,35725.17,0.0,107175.51
7329,2934,10,2,5058.33,0.05,9610.83
7330,2934,42,3,1783.38,0.2,4280.11
7331,2934,43,3,1480.37,0.0,4441.11
7332,2935,3,1,4598.39,0.0,4598.39
7333,2936,41,2,1458.5,0.0,2917.0
7334,2936,39,3,22252.18,0.05,63418.71
7335,2936,29,3,438.5,0.05,1249.72
7336,2936,21,3,395.89,0.0,1187.67
7337,2937,14,1,1335.52,0.0,1335.52
7338,2938,8,2,7478.19,0.1,13460.74
7339,2938,3,2,4598.39,0.2,7357.42
7340,2939,10,1,5058.33,0.0,5058.33
7341,2940,5,1,7323.99,0.05,6957.79
7342,2940,10,1,5058.33,0.0,5058.33
7343,2941,29,3,438.5,0.05,1249.72
7344,2942,40,1,16569.14,0.05,15740.68
7345,2942,10,3,5058.33,0.0,15174.99
7346,2942,39,3,22252.18,0.1,60080.89
7347,2942,46,2,44103.32,0.0,88206.64
7348,2943,40,2,16569.14,0.0,33138.28
7349,2943,33,1,3763.53,0.0,3763.53
7350,2943,28,2,2077.38,0.05,3947.02
7351,2943,22,2,256.1,0.1,460.98
7352,2944,50,2,32122.03,0.0,64244.06
7353,2944,22,1,256.1,0.1,230.49
7354,2945,33,1,3763.53,0.0,3763.53
7355,2945,25,1,1719.78,0.0,1719.78
7356,2946,46,1,44103.32,0.0,44103.32
7357,2946,41,2,1458.5,0.0,2917.0
7358,2946,4,3,4078.93,0.0,12236.79
7359,2946,36,1,2924.06,0.1,2631.65
7360,2947,11,3,4853.64,0.0,14560.92
7361,2948,46,3,44103.32,0.0,132309.96
7362,2948,30,3,448.49,0.0,1345.47
7363,2949,1,2,4311.34,0.1,7760.41
7364,2949,15,2,1717.5,0.0,3435.0
7365,2950,12,2,5553.73,0.1,9996.71
7366,2951,5,3,7323.99,0.0,21971.97
7367,2951,11,2,4853.64,0.0,9707.28
7368,2951,27,1,1246.0,0.0,1246.0
7369,2952,42,1,1783.38,0.0,1783.38
7370,2953,19,3,301.26,0.2,723.02
7371,2953,15,1,1717.5,0.0,1717.5
7372,2953,3,2,4598.39,0.2,7357.42
7373,2953,39,2,22252.18,0.0,44504.36
7374,2954,40,1,16569.14,0.0,16569.14
7375,2954,40,3,16569.14,0.0,49707.42
7376,2954,25,3,1719.78,0.0,5159.34
7377,2955,43,1,1480.37,0.0,1480.37
7378,2955,51,1,29838.95,0.1,26855.06
7379,2956,31,1,440.79,0.0,440.79
7380,2956,30,3,448.49,0.05,1278.2
7381,2956,41,1,1458.5,0.0,1458.5
7382,2957,26,2,1412.65,0.0,2825.3
7383,2958,2,3,3911.93,0.0,11735.79
7384,2959,9,3,4533.34,0.0,13600.02
7385,2960,35,2,3039.94,0.0,6079.88
7386,2960,11,3,4853.64,0.0,14560.92
7387,2961,30,1,448.49,0.05,426.07
7388,2961,18,1,316.88,0.2,253.5
7389,2961,19,1,301.26,0.05,286.2
7390,2961,46,1,44103.32,0.0,44103.32
7391,2962,38,1,21688.29,0.05,20603.88
7392,2963,51,2,29838.95,0.05,56694.0
7393,2963,14,2,1335.52,0.05,2537.49
7394,2964,38,3,21688.29,0.0,65064.87
7395,2964,6,1,8439.67,0.05,8017.69
7396,2964,43,2,1480.37,0.0,2960.74
7397,2964,16,1,1147.33,0.0,1147.33
7398,2965,7,1,11903.44,0.1,10713.1
7399,2966,44,3,1675.89,0.0,5027.67
7400,2966,13,3,1356.94,0.0,4070.82
7401,2967,33,1,3763.53,0.1,3387.18
7402,2967,27,1,1246.0,0.1,1121.4
7403,2968,23,2,381.96,0.0,763.92
7404,2968,3,2,4598.39,0.05,8736.94
7405,2968,1,3,4311.34,0.05,12287.32
7406,2969,1,2,4311.34,0.05,8191.55
7407,2969,33,2,3763.53,0.05,7150.71
7408,2969,13,3,1356.94,0.0,4070.82
7409,2970,38,3,21688.29,0.0,65064.87
7410,2970,33,1,3763.53,0.0,3763.53
7411,2971,9,3,4533.34,0.0,13600.02
7412,2971,51,2,29838.95,0.1,53710.11
7413,2971,27,3,1246.0,0.0,3738.0
7414,2972,36,3,2924.06,0.0,8772.18
7415,2973,12,3,5553.73,0.0,16661.19
7416,2973,31,3,440.79,0.0,1322.37
7417,2973,2,3,3911.93,0.0,11735.79
7418,2974,5,1,7323.99,0.0,7323.99
7419,2974,1,2,4311.34,0.0,8622.68
7420,2975,31,2,440.79,0.0,881.58
7421,2975,27,1,1246.0,0.2,996.8
7422,2976,31,2,440.79,0.2,705.26
7423,2976,34,2,3937.59,0.1,7087.66
7424,2977,17,1,425.94,0.2,340.75
7425,2977,32,3,403.22,0.0,1209.66
7426,2977,16,2,1147.33,0.2,1835.73
7427,2978,27,2,1246.0,0.0,2492.0
7428,2978,26,2,1412.65,0.0,2825.3
7429,2978,40,2,16569.14,0.0,33138.28
7430,2978,38,1,21688.29,0.1,19519.46
7431,2979,22,2,256.1,0.0,512.2
7432,2980,6,2,8439.67,0.0,16879.34
7433,2980,51,2,29838.95,0.0,59677.9
7434,2980,5,3,7323.99,0.05,20873.37
7435,2980,25,1,1719.78,0.0,1719.78
7436,2981,18,2,316.88,0.0,633.76
7437,2981,44,2,1675.89,0.05,3184.19
7438,2981,47,3,32443.0,0.0,97329.0
7439,2981,44,2,1675.89,0.0,3351.78
7440,2982,48,3,48857.09,0.0,146571.27
7441,2982,23,2,381.96,0.2,611.14
7442,2982,12,3,5553.73,0.2,13328.95
7443,2983,1,1,4311.34,0.1,3880.21
7444,2983,7,1,11903.44,0.0,11903.44
7445,2983,35,2,3039.94,0.0,6079.88
7446,2983,19,3,301.26,0.0,903.78
7447,2984,21,3,395.89,0.0,1187.67
7448,2985,36,3,2924.06,0.05,8333.57
7449,2985,42,3,1783.38,0.1,4815.13
7450,2985,16,3,1147.33,0.05,3269.89
7451,2986,8,2,7478.19,0.0,14956.38
7452,2986,14,1,1335.52,0.0,1335.52
7453,2986,22,3,256.1,0.0,768.3
7454,2986,16,3,1147.33,0.0,3441.99
7455,2987,19,1,301.26,0.0,301.26
7456,2987,5,1,7323.99,0.05,6957.79
7457,2987,39,1,22252.18,0.05,21139.57
7458,2988,50,2,32122.03,0.0,64244.06
7459,2988,38,3,21688.29,0.1,58558.38
7460,2988,31,1,440.79,0.0,440.79
7461,2988,3,3,4598.39,0.0,13795.17
7462,2989,23,1,381.96,0.1,343.76
7463,2990,41,2,1458.5,0.0,2917.0
7464,2990,2,3,3911.93,0.1,10562.21
7465,2990,9,2,4533.34,0.0,9066.68
7466,2990,47,2,32443.0,0.05,61641.7
7467,2991,4,2,4078.93,0.0,8157.86
7468,2991,13,3,1356.94,0.05,3867.28
7469,2992,19,3,301.26,0.1,813.4
7470,2992,46,2,44103.32,0.0,88206.64
7471,2992,24,2,291.78,0.05,554.38
7472,2993,41,2,1458.5,0.0,2917.0
7473,2993,46,2,44103.32,0.0,88206.64
7474,2994,50,3,32122.03,0.05,91547.79
7475,2995,12,3,5553.73,0.0,16661.19
7476,2995,38,2,21688.29,0.0,43376.58
7477,2995,14,3,1335.52,0.0,4006.56
7478,2995,38,1,21688.29,0.0,21688.29
7479,2996,2,1,3911.93,0.0,3911.93
7480,2996,22,3,256.1,0.0,768.3
7481,2996,1,2,4311.34,0.1,7760.41
7482,2997,51,2,29838.95,0.0,59677.9
7483,2997,15,3,1717.5,0.1,4637.25
7484,2997,5,1,7323.99,0.05,6957.79
7485,2998,23,3,381.96,0.1,1031.29
7486,2998,2,3,3911.93,0.0,11735.79
7487,2999,48,1,48857.09,0.0,48857.09
7488,2999,16,3,1147.33,0.0,3441.99
7489,3000,10,3,5058.33,0.0,15174.99
7490,3001,34,1,3937.59,0.0,3937.59
7491,3001,45,3,50632.32,0.1,136707.26
7492,3001,42,3,1783.38,0.0,5350.14
7493,3001,13,2,1356.94,0.0,2713.88
7494,3002,19,1,301.26,0.0,301.26
7495,3003,7,1,11903.44,0.05,11308.27
7496,3004,19,2,301.26,0.1,542.27
7497,3004,42,1,1783.38,0.0,1783.38
7498,3005,16,2,1147.33,0.05,2179.93
7499,3006,5,3,7323.99,0.05,20873.37
7500,3006,8,1,7478.19,0.2,5982.55
7501,3006,4,2,4078.93,0.0,8157.86
7502,3007,42,2,1783.38,0.0,3566.76
7503,3007,44,1,1675.89,0.1,1508.3
7504,3007,44,2,1675.89,0.05,3184.19
7505,3008,48,2,48857.09,0.1,87942.76
7506,3008,24,2,291.78,0.05,554.38
7507,3008,34,3,3937.59,0.05,11222.13
7508,3008,19,1,301.26,0.0,301.26
7509,3009,24,1,291.78,0.1,262.6
7510,3009,14,2,1335.52,0.0,2671.04
7511,3009,14,3,1335.52,0.0,4006.56
7512,3009,12,3,5553.73,0.0,16661.19
7513,3010,30,2,448.49,0.2,717.58
7514,3010,28,2,2077.38,0.05,3947.02
7515,3011,37,2,20338.2,0.0,40676.4
7516,3011,19,1,301.26,0.1,271.13
7517,3011,39,3,22252.18,0.0,66756.54
7518,3011,39,1,22252.18,0.0,22252.18
7519,3012,17,3,425.94,0.2,1022.26
7520,3012,3,2,4598.39,0.0,9196.78
7521,3013,7,2,11903.44,0.0,23806.88
7522,3013,34,2,3937.59,0.0,7875.18
7523,3013,41,1,1458.5,0.1,1312.65
7524,3014,30,2,448.49,0.0,896.98
7525,3015,30,1,448.49,0.0,448.49
7526,3015,4,3,4078.93,0.05,11624.95
7527,3015,38,2,21688.29,0.0,43376.58
7528,3015,29,2,438.5,0.0,877.0
7529,3016,28,1,2077.38,0.05,1973.51
7530,3016,39,1,22252.18,0.0,22252.18
7531,3016,5,2,7323.99,0.05,13915.58
7532,3017,48,1,48857.09,0.1,43971.38
7533,3017,11,1,4853.64,0.0,4853.64
7534,3017,13,1,1356.94,0.1,1221.25
7535,3017,36,2,2924.06,0.0,5848.12
7536,3018,29,1,438.5,0.0,438.5
7537,3018,6,2,8439.67,0.2,13503.47
7538,3019,25,2,1719.78,0.05,3267.58
7539,3019,12,3,5553.73,0.0,16661.19
7540,3019,18,2,316.88,0.05,602.07
7541,3019,51,1,29838.95,0.1,26855.06
7542,3020,34,1,3937.59,0.0,3937.59
7543,3020,36,3,2924.06,0.0,8772.18
7544,3020,23,3,381.96,0.2,916.7
7545,3021,32,2,403.22,0.0,806.44
7546,3021,13,3,1356.94,0.0,4070.82
7547,3021,46,1,44103.32,0.0,44103.32
7548,3022,7,3,11903.44,0.05,33924.8
7549,3022,1,1,4311.34,0.0,4311.34
7550,3022,22,1,256.1,0.0,256.1
7551,3022,30,1,448.49,0.1,403.64
7552,3023,21,1,395.89,0.0,395.89
7553,3023,39,1,22252.18,0.0,22252.18
7554,3023,4,3,4078.93,0.0,12236.79
7555,3024,21,1,395.89,0.05,376.1
7556,3024,9,3,4533.34,0.0,13600.02
7557,3025,10,2,5058.33,0.0,10116.66
7558,3025,39,3,22252.18,0.0,66756.54
7559,3025,5,3,7323.99,0.0,21971.97
7560,3026,8,3,7478.19,0.0,22434.57
7561,3027,5,1,7323.99,0.05,6957.79
7562,3027,29,3,438.5,0.05,1249.72
7563,3027,26,3,1412.65,0.05,4026.05
7564,3028,8,3,7478.19,0.0,22434.57
7565,3029,52,2,35725.17,0.0,71450.34
7566,3029,15,3,1717.5,0.0,5152.5
7567,3030,38,2,21688.29,0.05,41207.75
7568,3030,30,2,448.49,0.05,852.13
7569,3030,37,1,20338.2,0.0,20338.2
7570,3031,1,2,4311.34,0.1,7760.41
7571,3031,48,3,48857.09,0.0,146571.27
7572,3031,1,3,4311.34,0.0,12934.02
7573,3031,16,3,1147.33,0.0,3441.99
7574,3032,13,2,1356.94,0.05,2578.19
7575,3032,16,1,1147.33,0.0,1147.33
7576,3032,28,1,2077.38,0.0,2077.38
7577,3032,40,1,16569.14,0.0,16569.14
7578,3033,51,2,29838.95,0.0,59677.9
7579,3033,41,3,1458.5,0.0,4375.5
7580,3034,6,1,8439.67,0.1,7595.7
7581,3034,20,2,337.55,0.0,675.1
7582,3034,9,3,4533.34,0.1,12240.02
7583,3034,18,2,316.88,0.05,602.07
7584,3035,14,1,1335.52,0.0,1335.52
7585,3036,45,1,50632.32,0.05,48100.7
7586,3036,44,3,1675.89,0.05,4776.29
7587,3037,40,3,16569.14,0.0,49707.42
7588,3038,10,3,5058.33,0.2,12139.99
7589,3038,52,3,35725.17,0.0,107175.51
7590,3039,24,3,291.78,0.05,831.57
7591,3039,1,2,4311.34,0.1,7760.41
7592,3039,11,3,4853.64,0.1,13104.83
7593,3039,9,2,4533.34,0.05,8613.35
7594,3040,39,3,22252.18,0.0,66756.54
7595,3040,5,1,7323.99,0.05,6957.79
7596,3040,13,2,1356.94,0.0,2713.88
7597,3041,20,1,337.55,0.05,320.67
7598,3041,38,2,21688.29,0.0,43376.58
7599,3042,19,2,301.26,0.0,602.52
7600,3042,1,3,4311.34,0.1,11640.62
7601,3043,9,3,4533.34,0.0,13600.02
7602,3044,23,1,381.96,0.1,343.76
7603,3044,13,2,1356.94,0.05,2578.19
7604,3044,1,1,4311.34,0.05,4095.77
7605,3044,25,1,1719.78,0.0,1719.78
7606,3045,48,1,48857.09,0.05,46414.24
7607,3045,8,3,7478.19,0.0,22434.57
7608,3045,17,1,425.94,0.0,425.94
7609,3045,48,2,48857.09,0.05,92828.47
7610,3046,13,1,1356.94,0.0,1356.94
7611,3047,41,3,1458.5,0.0,4375.5
7612,3047,33,2,3763.53,0.0,7527.06
7613,3047,10,2,5058.33,0.05,9610.83
7614,3047,28,2,2077.38,0.0,4154.76
7615,3048,25,3,1719.78,0.0,5159.34
7616,3048,15,2,1717.5,0.1,3091.5
7617,3048,26,3,1412.65,0.1,3814.16
7618,3048,19,2,301.26,0.0,602.52
7619,3049,37,2,20338.2,0.1,36608.76
7620,3049,1,2,4311.34,0.0,8622.68
7621,3049,8,3,7478.19,0.1,20191.11
7622,3049,33,2,3763.53,0.0,7527.06
7623,3050,18,3,316.88,0.0,950.64
7624,3050,26,1,1412.65,0.0,1412.65
7625,3050,17,1,425.94,0.0,425.94
7626,3050,12,1,5553.73,0.05,5276.04
7627,3051,33,1,3763.53,0.1,3387.18
7628,3051,42,2,1783.38,0.0,3566.76
7629,3051,6,3,8439.67,0.1,22787.11
7630,3051,48,2,48857.09,0.0,97714.18
7631,3052,45,1,50632.32,0.0,50632.32
7632,3052,12,1,5553.73,0.0,5553.73
7633,3053,27,1,1246.0,0.05,1183.7
7634,3053,27,1,1246.0,0.2,996.8
7635,3053,24,3,291.78,0.0,875.34
7636,3053,19,3,301.26,0.0,903.78
7637,3054,38,3,21688.29,0.0,65064.87
7638,3054,7,1,11903.44,0.05,11308.27
7639,3054,52,1,35725.17,0.0,35725.17
7640,3054,30,3,448.49,0.0,1345.47
7641,3055,17,3,425.94,0.05,1213.93
7642,3055,6,2,8439.67,0.0,16879.34
7643,3056,13,1,1356.94,0.0,1356.94
7644,3056,2,2,3911.93,0.1,7041.47
7645,3056,3,3,4598.39,0.05,13105.41
7646,3056,26,1,1412.65,0.2,1130.12
7647,3057,39,1,22252.18,0.05,21139.57
7648,3057,38,3,21688.29,0.05,61811.63
7649,3057,23,1,381.96,0.05,362.86
7650,3057,25,2,1719.78,0.0,3439.56
7651,3058,1,3,4311.34,0.0,12934.02
7652,3058,49,1,24383.87,0.0,24383.87
7653,3059,16,1,1147.33,0.0,1147.33
7654,3059,29,2,438.5,0.05,833.15
7655,3059,49,2,24383.87,0.1,43890.97
7656,3059,4,1,4078.93,0.05,3874.98
7657,3060,29,3,438.5,0.0,1315.5
7658,3061,40,3,16569.14,0.0,49707.42
7659,3061,25,3,1719.78,0.05,4901.37
7660,3061,35,2,3039.94,0.0,6079.88
7661,3061,3,1,4598.39,0.05,4368.47
7662,3062,40,2,16569.14,0.0,33138.28
7663,3062,25,3,1719.78,0.1,4643.41
7664,3062,11,1,4853.64,0.0,4853.64
7665,3063,27,2,1246.0,0.05,2367.4
7666,3064,16,1,1147.33,0.05,1089.96
7667,3065,36,2,2924.06,0.0,5848.12
7668,3065,23,3,381.96,0.0,1145.88
7669,3065,51,3,29838.95,0.0,89516.85
7670,3066,42,3,1783.38,0.2,4280.11
7671,3066,11,1,4853.64,0.0,4853.64
7672,3066,14,1,1335.52,0.0,1335.52
7673,3066,48,1,48857.09,0.0,48857.09
7674,3067,44,1,1675.89,0.05,1592.1
7675,3067,50,2,32122.03,0.1,57819.65
7676,3067,35,3,3039.94,0.05,8663.83
7677,3068,20,3,337.55,0.0,1012.65
7678,3068,38,2,21688.29,0.05,41207.75
7679,3068,52,2,35725.17,0.05,67877.82
7680,3068,14,3,1335.52,0.1,3605.9
7681,3069,5,2,7323.99,0.2,11718.38
7682,3069,42,1,1783.38,0.05,1694.21
7683,3069,18,1,316.88,0.1,285.19
7684,3070,37,1,20338.2,0.05,19321.29
7685,3070,44,1,1675.89,0.1,1508.3
7686,3071,46,3,44103.32,0.0,132309.96
7687,3071,34,2,3937.59,0.0,7875.18
7688,3071,39,2,22252.18,0.0,44504.36
7689,3071,36,3,2924.06,0.1,7894.96
7690,3072,38,1,21688.29,0.1,19519.46
7691,3072,5,2,7323.99,0.0,14647.98
7692,3072,45,1,50632.32,0.0,50632.32
7693,3072,18,3,316.88,0.05,903.11
7694,3073,39,3,22252.18,0.0,66756.54
7695,3073,24,1,291.78,0.0,291.78
7696,3074,51,3,29838.95,0.0,89516.85
7697,3075,12,3,5553.73,0.0,16661.19
7698,3076,22,2,256.1,0.0,512.2
7699,3077,40,2,16569.14,0.0,33138.28
7700,3077,33,3,3763.53,0.1,10161.53
7701,3078,29,1,438.5,0.0,438.5
7702,3079,2,1,3911.93,0.0,3911.93
7703,3080,32,1,403.22,0.2,322.58
7704,3081,21,2,395.89,0.0,791.78
7705,3081,47,3,32443.0,0.1,87596.1
7706,3082,47,2,32443.0,0.05,61641.7
7707,3082,41,2,1458.5,0.0,2917.0
7708,3083,36,2,2924.06,0.0,5848.12
7709,3083,30,1,448.49,0.0,448.49
7710,3084,7,2,11903.44,0.1,21426.19
7711,3084,17,2,425.94,0.05,809.29
7712,3084,23,1,381.96,0.0,381.96
7713,3084,16,1,1147.33,0.2,917.86
7714,3085,15,2,1717.5,0.0,3435.0
7715,3085,23,3,381.96,0.0,1145.88
7716,3085,3,1,4598.39,0.2,3678.71
7717,3085,26,2,1412.65,0.2,2260.24
7718,3086,30,2,448.49,0.1,807.28
7719,3086,22,3,256.1,0.0,768.3
7720,3087,11,3,4853.64,0.05,13832.87
7721,3087,51,1,29838.95,0.0,29838.95
7722,3087,23,2,381.96,0.0,763.92
7723,3087,29,3,438.5,0.0,1315.5
7724,3088,33,2,3763.53,0.05,7150.71
7725,3089,23,2,381.96,0.0,763.92
7726,3089,51,2,29838.95,0.0,59677.9
7727,3089,10,2,5058.33,0.0,10116.66
7728,3089,4,3,4078.93,0.1,11013.11
7729,3090,41,3,1458.5,0.1,3937.95
7730,3090,23,3,381.96,0.0,1145.88
7731,3091,42,3,1783.38,0.05,5082.63
7732,3091,13,3,1356.94,0.2,3256.66
7733,3092,43,2,1480.37,0.0,2960.74
7734,3092,41,1,1458.5,0.05,1385.58
7735,3093,39,3,22252.18,0.0,66756.54
7736,3093,14,2,1335.52,0.1,2403.94
7737,3093,39,3,22252.18,0.05,63418.71
7738,3093,11,3,4853.64,0.0,14560.92
7739,3094,46,1,44103.32,0.0,44103.32
7740,3095,27,3,1246.0,0.1,3364.2
7741,3096,33,3,3763.53,0.05,10726.06
7742,3096,23,1,381.96,0.05,362.86
7743,3097,41,1,1458.5,0.0,1458.5
7744,3097,51,1,29838.95,0.0,29838.95
7745,3097,50,3,32122.03,0.0,96366.09
7746,3097,47,1,32443.0,0.05,30820.85
7747,3098,46,3,44103.32,0.2,105847.97
7748,3098,43,1,1480.37,0.0,1480.37
7749,3098,1,2,4311.34,0.2,6898.14
7750,3099,45,2,50632.32,0.0,101264.64
7751,3100,41,3,1458.5,0.0,4375.5
7752,3100,7,3,11903.44,0.0,35710.32
7753,3101,44,2,1675.89,0.0,3351.78
7754,3101,49,2,24383.87,0.0,48767.74
7755,3101,4,1,4078.93,0.0,4078.93
7756,3101,31,2,440.79,0.05,837.5
7757,3102,43,2,1480.37,0.1,2664.67
7758,3102,8,1,7478.19,0.0,7478.19
7759,3103,27,3,1246.0,0.1,3364.2
7760,3104,50,2,32122.03,0.0,64244.06
7761,3104,29,3,438.5,0.1,1183.95
7762,3104,9,2,4533.34,0.0,9066.68
7763,3104,14,2,1335.52,0.0,2671.04
7764,3105,4,1,4078.93,0.2,3263.14
7765,3106,44,3,1675.89,0.0,5027.67
7766,3106,16,2,1147.33,0.05,2179.93
7767,3106,41,3,1458.5,0.0,4375.5
7768,3106,40,1,16569.14,0.05,15740.68
7769,3107,10,2,5058.33,0.2,8093.33
7770,3107,39,1,22252.18,0.0,22252.18
7771,3107,52,2,35725.17,0.05,67877.82
7772,3108,38,3,21688.29,0.0,65064.87
7773,3108,47,1,32443.0,0.1,29198.7
7774,3109,24,3,291.78,0.0,875.34
7775,3109,26,3,1412.65,0.05,4026.05
7776,3109,47,3,32443.0,0.05,92462.55
7777,3109,11,3,4853.64,0.0,14560.92
7778,3110,2,1,3911.93,0.05,3716.33
7779,3111,29,3,438.5,0.1,1183.95
7780,3111,11,1,4853.64,0.0,4853.64
7781,3112,3,2,4598.39,0.0,9196.78
7782,3112,25,1,1719.78,0.0,1719.78
7783,3113,47,1,32443.0,0.05,30820.85
7784,3113,32,1,403.22,0.05,383.06
7785,3113,37,3,20338.2,0.0,61014.6
7786,3114,28,1,2077.38,0.2,1661.9
7787,3114,43,1,1480.37,0.05,1406.35
7788,3114,28,1,2077.38,0.0,2077.38
7789,3115,25,2,1719.78,0.0,3439.56
7790,3116,3,2,4598.39,0.0,9196.78
7791,3116,41,2,1458.5,0.05,2771.15
7792,3117,8,3,7478.19,0.0,22434.57
7793,3117,49,2,24383.87,0.1,43890.97
7794,3117,18,1,316.88,0.05,301.04
7795,3118,43,3,1480.37,0.0,4441.11
7796,3119,12,2,5553.73,0.0,11107.46
7797,3119,23,2,381.96,0.0,763.92
7798,3119,21,2,395.89,0.0,791.78
7799,3119,6,2,8439.67,0.05,16035.37
7800,3120,15,3,1717.5,0.0,5152.5
7801,3120,17,2,425.94,0.2,681.5
7802,3120,3,2,4598.39,0.05,8736.94
7803,3120,20,2,337.55,0.0,675.1
7804,3121,22,1,256.1,0.0,256.1
7805,3122,51,3,29838.95,0.0,89516.85
7806,3122,33,2,3763.53,0.2,6021.65
7807,3122,5,1,7323.99,0.2,5859.19
7808,3123,40,2,16569.14,0.2,26510.62
7809,3123,21,1,395.89,0.1,356.3
7810,3123,12,3,5553.73,0.0,16661.19
7811,3123,48,2,48857.09,0.0,97714.18
7812,3124,9,2,4533.34,0.05,8613.35
7813,3124,11,3,4853.64,0.0,14560.92
7814,3124,42,2,1783.38,0.0,3566.76
7815,3125,22,2,256.1,0.1,460.98
7816,3126,50,1,32122.03,0.1,28909.83
7817,3126,44,1,1675.89,0.0,1675.89
7818,3126,50,2,32122.03,0.05,61031.86
7819,3126,21,3,395.89,0.0,1187.67
7820,3127,37,2,20338.2,0.05,38642.58
7821,3127,40,3,16569.14,0.0,49707.42
7822,3127,3,1,4598.39,0.1,4138.55
7823,3127,43,3,1480.37,0.05,4219.05
7824,3128,49,2,24383.87,0.0,48767.74
7825,3128,26,2,1412.65,0.0,2825.3
7826,3129,43,3,1480.37,0.0,4441.11
7827,3130,24,3,291.78,0.2,700.27
7828,3130,37,2,20338.2,0.1,36608.76
7829,3130,24,2,291.78,0.2,466.85
7830,3131,36,1,2924.06,0.0,2924.06
7831,3131,23,2,381.96,0.0,763.92
7832,3131,34,1,3937.59,0.0,3937.59
7833,3131,41,3,1458.5,0.05,4156.72
7834,3132,37,2,20338.2,0.0,40676.4
7835,3132,42,3,1783.38,0.0,5350.14
7836,3132,26,3,1412.65,0.05,4026.05
7837,3132,52,2,35725.17,0.2,57160.27
7838,3133,17,2,425.94,0.2,681.5
7839,3134,9,3,4533.34,0.05,12920.02
7840,3135,3,1,4598.39,0.0,4598.39
7841,3136,22,3,256.1,0.05,729.88
7842,3137,39,3,22252.18,0.05,63418.71
7843,3138,22,3,256.1,0.0,768.3
7844,3138,18,2,316.88,0.1,570.38
7845,3139,38,3,21688.29,0.1,58558.38
7846,3139,22,1,256.1,0.0,256.1
7847,3139,49,3,24383.87,0.2,58521.29
7848,3140,26,2,1412.65,0.05,2684.04
7849,3141,11,2,4853.64,0.1,8736.55
7850,3141,39,3,22252.18,0.0,66756.54
7851,3141,37,3,20338.2,0.0,61014.6
7852,3142,26,1,1412.65,0.0,1412.65
7853,3142,25,1,1719.78,0.0,1719.78
7854,3142,23,2,381.96,0.0,763.92
7855,3143,31,2,440.79,0.0,881.58
7856,3143,6,3,8439.67,0.0,25319.01
7857,3143,10,2,5058.33,0.1,9104.99
7858,3143,5,3,7323.99,0.2,17577.58
7859,3144,32,3,403.22,0.05,1149.18
7860,3144,47,1,32443.0,0.05,30820.85
7861,3144,15,2,1717.5,0.0,3435.0
7862,3144,46,2,44103.32,0.05,83796.31
7863,3145,3,3,4598.39,0.0,13795.17
7864,3145,10,3,5058.33,0.0,15174.99
7865,3145,20,2,337.55,0.0,675.1
7866,3146,48,2,48857.09,0.1,87942.76
7867,3146,16,2,1147.33,0.0,2294.66
7868,3147,27,3,1246.0,0.0,3738.0
7869,3147,27,3,1246.0,0.0,3738.0
7870,3147,21,1,395.89,0.0,395.89
7871,3148,49,2,24383.87,0.0,48767.74
7872,3148,32,2,403.22,0.05,766.12
7873,3148,36,1,2924.06,0.1,2631.65
7874,3149,28,3,2077.38,0.0,6232.14
7875,3149,17,1,425.94,0.0,425.94
7876,3149,11,3,4853.64,0.0,14560.92
7877,3150,43,3,1480.37,0.0,4441.11
7878,3150,22,2,256.1,0.05,486.59
7879,3151,28,3,2077.38,0.0,6232.14
7880,3151,29,1,438.5,0.1,394.65
7881,3151,43,1,1480.37,0.1,1332.33
7882,3151,46,1,44103.32,0.0,44103.32
7883,3152,48,1,48857.09,0.05,46414.24
7884,3152,13,2,1356.94,0.05,2578.19
7885,3152,2,1,3911.93,0.0,3911.93
7886,3153,30,2,448.49,0.0,896.98
7887,3153,49,3,24383.87,0.05,69494.03
7888,3154,1,1,4311.34,0.0,4311.34
7889,3154,25,1,1719.78,0.1,1547.8
7890,3154,34,1,3937.59,0.1,3543.83
7891,3155,52,3,35725.17,0.05,101816.73
7892,3156,39,1,22252.18,0.0,22252.18
7893,3157,8,2,7478.19,0.0,14956.38
7894,3157,36,2,2924.06,0.05,5555.71
7895,3157,43,1,1480.37,0.2,1184.3
7896,3158,45,1,50632.32,0.0,50632.32
7897,3158,42,2,1783.38,0.1,3210.08
7898,3158,27,1,1246.0,0.1,1121.4
7899,3158,37,2,20338.2,0.0,40676.4
7900,3159,36,1,2924.06,0.05,2777.86
7901,3159,49,1,24383.87,0.1,21945.48
7902,3159,12,1,5553.73,0.05,5276.04
7903,3159,9,1,4533.34,0.0,4533.34
7904,3160,27,3,1246.0,0.0,3738.0
7905,3160,50,1,32122.03,0.05,30515.93
7906,3161,51,2,29838.95,0.0,59677.9
7907,3161,7,2,11903.44,0.1,21426.19
7908,3161,48,1,48857.09,0.0,48857.09
7909,3161,47,3,32443.0,0.0,97329.0
7910,3162,48,2,48857.09,0.0,97714.18
7911,3162,49,3,24383.87,0.0,73151.61
7912,3163,47,3,32443.0,0.05,92462.55
7913,3164,28,1,2077.38,0.0,2077.38
7914,3165,29,1,438.5,0.05,416.58
7915,3165,2,1,3911.93,0.0,3911.93
7916,3165,22,2,256.1,0.1,460.98
7917,3166,26,2,1412.65,0.05,2684.04
7918,3166,34,3,3937.59,0.1,10631.49
7919,3166,27,3,1246.0,0.0,3738.0
7920,3166,22,2,256.1,0.1,460.98
7921,3167,35,2,3039.94,0.2,4863.9
7922,3167,16,3,1147.33,0.05,3269.89
7923,3167,19,3,301.26,0.0,903.78
7924,3167,38,3,21688.29,0.1,58558.38
7925,3168,3,3,4598.39,0.0,13795.17
7926,3168,48,3,48857.09,0.0,146571.27
7927,3168,23,2,381.96,0.0,763.92
7928,3168,2,1,3911.93,0.2,3129.54
7929,3169,45,3,50632.32,0.2,121517.57
7930,3169,21,1,395.89,0.0,395.89
7931,3169,23,1,381.96,0.0,381.96
7932,3169,36,3,2924.06,0.1,7894.96
7933,3170,41,3,1458.5,0.2,3500.4
7934,3170,5,1,7323.99,0.1,6591.59
7935,3171,16,2,1147.33,0.05,2179.93
7936,3172,2,3,3911.93,0.1,10562.21
7937,3173,36,2,2924.06,0.1,5263.31
7938,3174,18,2,316.88,0.0,633.76
7939,3174,40,3,16569.14,0.1,44736.68
7940,3174,1,1,4311.34,0.0,4311.34
7941,3174,42,2,1783.38,0.0,3566.76
7942,3175,50,2,32122.03,0.0,64244.06
7943,3175,33,3,3763.53,0.05,10726.06
7944,3175,4,3,4078.93,0.2,9789.43
7945,3176,24,2,291.78,0.0,583.56
7946,3176,4,3,4078.93,0.0,12236.79
7947,3176,16,2,1147.33,0.0,2294.66
7948,3176,37,3,20338.2,0.05,57963.87
7949,3177,45,2,50632.32,0.05,96201.41
7950,3177,40,1,16569.14,0.0,16569.14
7951,3177,31,1,440.79,0.2,352.63
7952,3177,33,2,3763.53,0.0,7527.06
7953,3178,45,2,50632.32,0.1,91138.18
7954,3178,7,2,11903.44,0.2,19045.5
7955,3178,36,3,2924.06,0.1,7894.96
7956,3178,35,1,3039.94,0.0,3039.94
7957,3179,25,2,1719.78,0.1,3095.6
7958,3180,20,2,337.55,0.05,641.34
7959,3180,18,2,316.88,0.0,633.76
7960,3180,26,3,1412.65,0.05,4026.05
7961,3181,42,3,1783.38,0.0,5350.14
7962,3181,33,3,3763.53,0.0,11290.59
7963,3182,2,2,3911.93,0.2,6259.09
7964,3183,49,1,24383.87,0.1,21945.48
7965,3183,46,1,44103.32,0.1,39692.99
7966,3183,50,2,32122.03,0.05,61031.86
7967,3183,3,3,4598.39,0.0,13795.17
7968,3184,1,1,4311.34,0.0,4311.34
7969,3184,48,1,48857.09,0.0,48857.09
7970,3184,36,2,2924.06,0.05,5555.71
7971,3184,35,2,3039.94,0.0,6079.88
7972,3185,50,3,32122.03,0.2,77092.87
7973,3185,48,2,48857.09,0.0,97714.18
7974,3186,39,1,22252.18,0.0,22252.18
7975,3186,21,1,395.89,0.0,395.89
7976,3187,19,3,301.26,0.0,903.78
7977,3187,9,3,4533.34,0.05,12920.02
7978,3187,22,3,256.1,0.2,614.64
7979,3188,43,1,1480.37,0.05,1406.35
7980,3188,50,2,32122.03,0.2,51395.25
7981,3189,24,1,291.78,0.1,262.6
7982,3189,4,1,4078.93,0.2,3263.14
7983,3190,44,3,1675.89,0.0,5027.67
7984,3190,36,3,2924.06,0.1,7894.96
7985,3191,25,1,1719.78,0.05,1633.79
7986,3191,50,1,32122.03,0.0,32122.03
7987,3191,43,2,1480.37,0.0,2960.74
7988,3191,50,3,32122.03,0.2,77092.87
7989,3192,28,2,2077.38,0.0,4154.76
7990,3192,50,2,32122.03,0.05,61031.86
7991,3193,43,2,1480.37,0.05,2812.7
7992,3193,20,1,337.55,0.2,270.04
7993,3193,38,1,21688.29,0.1,19519.46
7994,3194,4,3,4078.93,0.0,12236.79
7995,3194,9,2,4533.34,0.05,8613.35
7996,3194,48,3,48857.09,0.2,117257.02
7997,3194,20,2,337.55,0.2,540.08
7998,3195,17,2,425.94,0.1,766.69
7999,3195,16,2,1147.33,0.0,2294.66
8000,3196,38,2,21688.29,0.0,43376.58
8001,3196,43,1,1480.37,0.0,1480.37
8002,3197,1,3,4311.34,0.05,12287.32
8003,3198,6,3,8439.67,0.0,25319.01
8004,3198,44,2,1675.89,0.05,3184.19
8005,3198,39,3,22252.18,0.05,63418.71
8006,3199,12,3,5553.73,0.0,16661.19
8007,3199,37,2,20338.2,0.05,38642.58
8008,3200,2,3,3911.93,0.0,11735.79
8009,3201,46,2,44103.32,0.1,79385.98
8010,3201,46,2,44103.32,0.0,88206.64
8011,3202,47,1,32443.0,0.0,32443.0
8012,3202,48,1,48857.09,0.0,48857.09
8013,3202,12,1,5553.73,0.0,5553.73
8014,3203,38,1,21688.29,0.0,21688.29
8015,3204,27,3,1246.0,0.05,3551.1
8016,3204,52,3,35725.17,0.0,107175.51
8017,3204,20,3,337.55,0.05,962.02
8018,3205,8,3,7478.19,0.05,21312.84
8019,3205,14,3,1335.52,0.0,4006.56
8020,3206,15,1,1717.5,0.0,1717.5
8021,3206,35,1,3039.94,0.1,2735.95
8022,3206,48,2,48857.09,0.1,87942.76
8023,3207,2,2,3911.93,0.1,7041.47
8024,3207,43,1,1480.37,0.0,1480.37
8025,3207,9,2,4533.34,0.0,9066.68
8026,3208,31,1,440.79,0.0,440.79
8027,3208,37,3,20338.2,0.0,61014.6
8028,3209,17,2,425.94,0.0,851.88
8029,3209,26,2,1412.65,0.05,2684.04
8030,3210,34,3,3937.59,0.0,11812.77
8031,3210,8,2,7478.19,0.2,11965.1
8032,3211,26,2,1412.65,0.1,2542.77
8033,3211,51,1,29838.95,0.0,29838.95
8034,3211,15,2,1717.5,0.05,3263.25
8035,3212,19,3,301.26,0.0,903.78
8036,3212,50,1,32122.03,0.0,32122.03
8037,3213,15,1,1717.5,0.0,1717.5
8038,3213,27,3,1246.0,0.0,3738.0
8039,3213,9,3,4533.34,0.0,13600.02
8040,3214,23,2,381.96,0.05,725.72
8041,3214,36,3,2924.06,0.0,8772.18
8042,3214,17,2,425.94,0.0,851.88
8043,3214,34,2,3937.59,0.0,7875.18
8044,3215,21,2,395.89,0.0,791.78
8045,3215,26,1,1412.65,0.0,1412.65
8046,3215,44,2,1675.89,0.05,3184.19
8047,3215,45,2,50632.32,0.05,96201.41
8048,3216,25,1,1719.78,0.0,1719.78
8049,3216,30,2,448.49,0.0,896.98
8050,3216,16,1,1147.33,0.05,1089.96
8051,3216,29,1,438.5,0.0,438.5
8052,3217,49,2,24383.87,0.05,46329.35
8053,3218,10,3,5058.33,0.05,14416.24
8054,3219,12,2,5553.73,0.0,11107.46
8055,3219,13,3,1356.94,0.0,4070.82
8056,3219,36,2,2924.06,0.0,5848.12
8057,3219,32,1,403.22,0.2,322.58
8058,3220,4,2,4078.93,0.0,8157.86
8059,3220,48,2,48857.09,0.1,87942.76
8060,3220,18,1,316.88,0.05,301.04
8061,3221,34,1,3937.59,0.1,3543.83
8062,3221,29,3,438.5,0.1,1183.95
8063,3221,2,1,3911.93,0.05,3716.33
8064,3222,7,3,11903.44,0.1,32139.29
8065,3222,24,2,291.78,0.0,583.56
8066,3222,30,1,448.49,0.0,448.49
8067,3222,43,3,1480.37,0.0,4441.11
8068,3223,4,1,4078.93,0.0,4078.93
8069,3223,36,3,2924.06,0.1,7894.96
8070,3224,34,3,3937.59,0.05,11222.13
8071,3224,28,3,2077.38,0.0,6232.14
8072,3224,37,2,20338.2,0.1,36608.76
8073,3224,12,1,5553.73,0.0,5553.73
8074,3225,17,2,425.94,0.0,851.88
8075,3226,16,2,1147.33,0.05,2179.93
8076,3226,16,2,1147.33,0.0,2294.66
8077,3227,20,2,337.55,0.0,675.1
8078,3227,25,3,1719.78,0.0,5159.34
8079,3228,52,1,35725.17,0.0,35725.17
8080,3228,16,2,1147.33,0.05,2179.93
8081,3228,9,1,4533.34,0.0,4533.34
8082,3228,4,2,4078.93,0.0,8157.86
8083,3229,41,2,1458.5,0.0,2917.0
8084,3229,10,2,5058.33,0.05,9610.83
8085,3229,22,1,256.1,0.05,243.3
8086,3230,34,1,3937.59,0.0,3937.59
8087,3231,7,3,11903.44,0.0,35710.32
8088,3231,5,3,7323.99,0.0,21971.97
8089,3231,5,2,7323.99,0.0,14647.98
8090,3231,5,2,7323.99,0.2,11718.38
8091,3232,38,1,21688.29,0.0,21688.29
8092,3232,22,2,256.1,0.0,512.2
8093,3233,31,2,440.79,0.0,881.58
8094,3233,43,2,1480.37,0.0,2960.74
8095,3234,8,1,7478.19,0.2,5982.55
8096,3234,2,3,3911.93,0.05,11149.0
8097,3235,40,1,16569.14,0.0,16569.14
8098,3235,3,1,4598.39,0.2,3678.71
8099,3235,15,2,1717.5,0.1,3091.5
8100,3236,41,2,1458.5,0.0,2917.0
8101,3237,35,2,3039.94,0.05,5775.89
8102,3237,37,1,20338.2,0.0,20338.2
8103,3237,6,3,8439.67,0.0,25319.01
8104,3238,37,1,20338.2,0.0,20338.2
8105,3238,36,2,2924.06,0.0,5848.12
8106,3239,32,1,403.22,0.0,403.22
8107,3239,46,1,44103.32,0.1,39692.99
8108,3240,47,1,32443.0,0.1,29198.7
8109,3240,26,1,1412.65,0.0,1412.65
8110,3241,4,1,4078.93,0.0,4078.93
8111,3241,48,1,48857.09,0.0,48857.09
8112,3241,5,1,7323.99,0.0,7323.99
8113,3242,10,2,5058.33,0.1,9104.99
8114,3242,27,3,1246.0,0.05,3551.1
8115,3242,11,2,4853.64,0.0,9707.28
8116,3242,20,3,337.55,0.0,1012.65
8117,3243,21,2,395.89,0.2,633.42
8118,3244,48,2,48857.09,0.1,87942.76
8119,3245,39,1,22252.18,0.1,20026.96
8120,3245,36,1,2924.06,0.0,2924.06
8121,3246,9,2,4533.34,0.0,9066.68
8122,3246,50,2,32122.03,0.0,64244.06
8123,3246,9,3,4533.34,0.1,12240.02
8124,3246,41,1,1458.5,0.0,1458.5
8125,3247,11,3,4853.64,0.0,14560.92
8126,3248,34,1,3937.59,0.0,3937.59
8127,3249,24,2,291.78,0.1,525.2
8128,3249,26,1,1412.65,0.0,1412.65
8129,3249,38,1,21688.29,0.0,21688.29
8130,3250,11,2,4853.64,0.2,7765.82
8131,3250,12,2,5553.73,0.05,10552.09
8132,3250,40,1,16569.14,0.0,16569.14
8133,3251,7,3,11903.44,0.0,35710.32
8134,3251,20,3,337.55,0.0,1012.65
8135,3252,22,2,256.1,0.0,512.2
8136,3252,11,3,4853.64,0.0,14560.92
8137,3252,12,1,5553.73,0.0,5553.73
8138,3252,3,1,4598.39,0.0,4598.39
8139,3253,2,1,3911.93,0.2,3129.54
8140,3253,3,2,4598.39,0.0,9196.78
8141,3254,30,3,448.49,0.05,1278.2
8142,3255,52,1,35725.17,0.0,35725.17
8143,3255,48,2,48857.09,0.1,87942.76
8144,3255,51,3,29838.95,0.0,89516.85
8145,3255,13,3,1356.94,0.05,3867.28
8146,3256,47,3,32443.0,0.05,92462.55
8147,3256,5,3,7323.99,0.0,21971.97
8148,3257,19,3,301.26,0.05,858.59
8149,3257,22,1,256.1,0.0,256.1
8150,3258,35,2,3039.94,0.0,6079.88
8151,3258,13,3,1356.94,0.05,3867.28
8152,3259,12,3,5553.73,0.05,15828.13
8153,3259,43,1,1480.37,0.05,1406.35
8154,3259,25,2,1719.78,0.0,3439.56
8155,3260,35,1,3039.94,0.0,3039.94
8156,3260,48,3,48857.09,0.1,131914.14
8157,3260,21,1,395.89,0.0,395.89
8158,3261,36,2,2924.06,0.0,5848.12
8159,3261,17,2,425.94,0.0,851.88
8160,3261,44,3,1675.89,0.0,5027.67
8161,3261,9,3,4533.34,0.05,12920.02
8162,3262,49,1,24383.87,0.0,24383.87
8163,3262,24,2,291.78,0.1,525.2
8164,3262,18,2,316.88,0.0,633.76
8165,3263,25,1,1719.78,0.0,1719.78
8166,3263,20,3,337.55,0.0,1012.65
8167,3264,23,3,381.96,0.05,1088.59
8168,3264,45,3,50632.32,0.0,151896.96
8169,3265,4,2,4078.93,0.0,8157.86
8170,3265,5,1,7323.99,0.2,5859.19
8171,3266,14,2,1335.52,0.05,2537.49
8172,3266,51,1,29838.95,0.0,29838.95
8173,3267,7,3,11903.44,0.0,35710.32
8174,3268,19,1,301.26,0.0,301.26
8175,3269,37,3,20338.2,0.0,61014.6
8176,3269,10,3,5058.33,0.0,15174.99
8177,3269,29,3,438.5,0.2,1052.4
8178,3270,38,2,21688.29,0.2,34701.26
8179,3270,50,3,32122.03,0.05,91547.79
8180,3271,7,2,11903.44,0.0,23806.88
8181,3272,15,3,1717.5,0.1,4637.25
8182,3272,1,1,4311.34,0.0,4311.34
8183,3272,10,2,5058.33,0.0,10116.66
8184,3273,41,2,1458.5,0.2,2333.6
8185,3273,21,3,395.89,0.0,1187.67
8186,3273,43,3,1480.37,0.1,3997.0
8187,3274,20,2,337.55,0.0,675.1
8188,3275,34,3,3937.59,0.1,10631.49
8189,3276,49,1,24383.87,0.1,21945.48
8190,3276,20,2,337.55,0.0,675.1
8191,3276,51,1,29838.95,0.0,29838.95
8192,3277,39,3,22252.18,0.0,66756.54
8193,3277,24,3,291.78,0.1,787.81
8194,3278,44,1,1675.89,0.1,1508.3
8195,3278,41,1,1458.5,0.0,1458.5
8196,3278,43,3,1480.37,0.0,4441.11
8197,3278,29,1,438.5,0.1,394.65
8198,3279,27,3,1246.0,0.0,3738.0
8199,3279,30,3,448.49,0.0,1345.47
8200,3280,28,2,2077.38,0.0,4154.76
8201,3281,21,1,395.89,0.0,395.89
8202,3281,38,2,21688.29,0.0,43376.58
8203,3281,12,1,5553.73,0.1,4998.36
8204,3282,2,2,3911.93,0.0,7823.86
8205,3282,23,2,381.96,0.0,763.92
8206,3283,31,3,440.79,0.05,1256.25
8207,3283,6,3,8439.67,0.0,25319.01
8208,3283,33,1,3763.53,0.0,3763.53
8209,3283,8,2,7478.19,0.0,14956.38
8210,3284,11,2,4853.64,0.0,9707.28
8211,3285,11,2,4853.64,0.2,7765.82
8212,3285,32,1,403.22,0.0,403.22
8213,3285,24,2,291.78,0.1,525.2
8214,3285,3,2,4598.39,0.0,9196.78
8215,3286,24,2,291.78,0.2,466.85
8216,3286,6,1,8439.67,0.1,7595.7
8217,3286,42,1,1783.38,0.0,1783.38
8218,3287,41,3,1458.5,0.05,4156.72
8219,3287,35,1,3039.94,0.1,2735.95
8220,3287,49,3,24383.87,0.0,73151.61
8221,3287,26,2,1412.65,0.0,2825.3
8222,3288,36,3,2924.06,0.0,8772.18
8223,3288,22,2,256.1,0.05,486.59
8224,3289,6,3,8439.67,0.0,25319.01
8225,3289,51,2,29838.95,0.0,59677.9
8226,3290,45,3,50632.32,0.0,151896.96
8227,3290,46,1,44103.32,0.0,44103.32
8228,3291,13,3,1356.94,0.0,4070.82
8229,3291,28,3,2077.38,0.0,6232.14
8230,3291,49,2,24383.87,0.2,39014.19
8231,3291,47,2,32443.0,0.05,61641.7
8232,3292,33,1,3763.53,0.0,3763.53
8233,3293,7,1,11903.44,0.0,11903.44
8234,3293,47,1,32443.0,0.0,32443.0
8235,3294,7,1,11903.44,0.05,11308.27
8236,3294,5,2,7323.99,0.0,14647.98
8237,3294,10,1,5058.33,0.1,4552.5
8238,3294,41,3,1458.5,0.0,4375.5
8239,3295,5,2,7323.99,0.05,13915.58
8240,3296,19,1,301.26,0.0,301.26
8241,3296,39,2,22252.18,0.1,40053.92
8242,3296,20,1,337.55,0.0,337.55
8243,3297,43,2,1480.37,0.1,2664.67
8244,3297,23,1,381.96,0.05,362.86
8245,3297,51,1,29838.95,0.0,29838.95
8246,3298,37,1,20338.2,0.0,20338.2
8247,3298,37,2,20338.2,0.0,40676.4
8248,3298,3,1,4598.39,0.0,4598.39
8249,3298,12,2,5553.73,0.0,11107.46
8250,3299,12,1,5553.73,0.0,5553.73
8251,3299,38,3,21688.29,0.05,61811.63
8252,3299,21,2,395.89,0.1,712.6
8253,3300,19,3,301.26,0.0,903.78
8254,3300,1,2,4311.34,0.05,8191.55
8255,3300,47,1,32443.0,0.2,25954.4
8256,3301,52,3,35725.17,0.1,96457.96
8257,3301,14,3,1335.52,0.0,4006.56
8258,3302,45,2,50632.32,0.0,101264.64
8259,3302,47,1,32443.0,0.05,30820.85
8260,3302,37,1,20338.2,0.0,20338.2
8261,3303,7,3,11903.44,0.05,33924.8
8262,3304,18,2,316.88,0.0,633.76
8263,3304,23,1,381.96,0.1,343.76
8264,3304,52,2,35725.17,0.0,71450.34
8265,3305,8,3,7478.19,0.0,22434.57
8266,3305,7,2,11903.44,0.0,23806.88
8267,3305,24,2,291.78,0.05,554.38
8268,3305,32,2,403.22,0.0,806.44
8269,3306,10,2,5058.33,0.0,10116.66
8270,3307,14,1,1335.52,0.0,1335.52
8271,3308,28,1,2077.38,0.0,2077.38
8272,3308,2,2,3911.93,0.05,7432.67
8273,3308,1,2,4311.34,0.0,8622.68
8274,3309,49,3,24383.87,0.2,58521.29
8275,3309,23,1,381.96,0.0,381.96
8276,3310,11,2,4853.64,0.0,9707.28
8277,3311,2,3,3911.93,0.1,10562.21
8278,3312,41,3,1458.5,0.1,3937.95
8279,3312,15,3,1717.5,0.0,5152.5
8280,3312,2,3,3911.93,0.2,9388.63
8281,3312,34,2,3937.59,0.0,7875.18
8282,3313,26,1,1412.65,0.1,1271.39
8283,3313,25,2,1719.78,0.05,3267.58
8284,3313,5,2,7323.99,0.05,13915.58
8285,3314,9,1,4533.34,0.05,4306.67
8286,3315,44,2,1675.89,0.1,3016.6
8287,3315,19,1,301.26,0.0,301.26
8288,3316,11,2,4853.64,0.0,9707.28
8289,3317,45,1,50632.32,0.2,40505.86
8290,3317,30,2,448.49,0.0,896.98
8291,3318,19,3,301.26,0.1,813.4
8292,3318,34,3,3937.59,0.1,10631.49
8293,3318,52,2,35725.17,0.0,71450.34
8294,3318,24,2,291.78,0.0,583.56
8295,3319,6,2,8439.67,0.0,16879.34
8296,3320,30,1,448.49,0.0,448.49
8297,3320,23,3,381.96,0.1,1031.29
8298,3320,2,2,3911.93,0.2,6259.09
8299,3321,4,3,4078.93,0.0,12236.79
8300,3321,29,3,438.5,0.0,1315.5
8301,3321,4,1,4078.93,0.0,4078.93
8302,3322,51,1,29838.95,0.0,29838.95
8303,3322,19,1,301.26,0.2,241.01
8304,3322,8,1,7478.19,0.05,7104.28
8305,3323,18,1,316.88,0.0,316.88
8306,3323,34,2,3937.59,0.0,7875.18
8307,3323,43,1,1480.37,0.2,1184.3
8308,3324,27,2,1246.0,0.1,2242.8
8309,3324,32,2,403.22,0.0,806.44
8310,3324,49,3,24383.87,0.05,69494.03
8311,3324,44,2,1675.89,0.05,3184.19
8312,3325,20,1,337.55,0.05,320.67
8313,3326,3,2,4598.39,0.1,8277.1
8314,3326,29,2,438.5,0.05,833.15
8315,3326,32,3,403.22,0.2,967.73
8316,3327,28,1,2077.38,0.0,2077.38
8317,3327,51,1,29838.95,0.0,29838.95
8318,3328,30,3,448.49,0.0,1345.47
8319,3328,32,1,403.22,0.05,383.06
8320,3328,26,2,1412.65,0.0,2825.3
8321,3328,52,2,35725.17,0.2,57160.27
8322,3329,48,3,48857.09,0.05,139242.71
8323,3329,39,3,22252.18,0.05,63418.71
8324,3329,12,2,5553.73,0.05,10552.09
8325,3330,12,3,5553.73,0.0,16661.19
8326,3330,9,2,4533.34,0.0,9066.68
8327,3331,16,3,1147.33,0.0,3441.99
8328,3331,12,1,5553.73,0.1,4998.36
8329,3332,5,3,7323.99,0.0,21971.97
8330,3332,43,3,1480.37,0.05,4219.05
8331,3332,2,2,3911.93,0.0,7823.86
8332,3333,15,2,1717.5,0.05,3263.25
8333,3333,5,1,7323.99,0.0,7323.99
8334,3333,33,2,3763.53,0.05,7150.71
8335,3333,8,3,7478.19,0.2,17947.66
8336,3334,52,2,35725.17,0.1,64305.31
8337,3334,25,1,1719.78,0.1,1547.8
8338,3334,41,3,1458.5,0.05,4156.72
8339,3334,8,2,7478.19,0.1,13460.74
8340,3335,51,3,29838.95,0.1,80565.17
8341,3335,21,1,395.89,0.1,356.3
8342,3335,46,3,44103.32,0.0,132309.96
8343,3335,20,1,337.55,0.1,303.8
8344,3336,38,1,21688.29,0.2,17350.63
8345,3336,30,3,448.49,0.05,1278.2
8346,3337,9,3,4533.34,0.1,12240.02
8347,3337,23,3,381.96,0.0,1145.88
8348,3338,52,2,35725.17,0.0,71450.34
8349,3338,49,2,24383.87,0.0,48767.74
8350,3338,5,2,7323.99,0.0,14647.98
8351,3338,42,2,1783.38,0.1,3210.08
8352,3339,9,2,4533.34,0.2,7253.34
8353,3339,12,2,5553.73,0.05,10552.09
8354,3339,10,2,5058.33,0.05,9610.83
8355,3339,26,3,1412.65,0.2,3390.36
8356,3340,5,1,7323.99,0.0,7323.99
8357,3340,37,3,20338.2,0.0,61014.6
8358,3340,7,1,11903.44,0.1,10713.1
8359,3340,26,3,1412.65,0.0,4237.95
8360,3341,1,2,4311.34,0.2,6898.14
8361,3341,13,2,1356.94,0.1,2442.49
8362,3341,30,3,448.49,0.1,1210.92
8363,3341,21,2,395.89,0.05,752.19
8364,3342,36,2,2924.06,0.2,4678.5
8365,3342,18,1,316.88,0.05,301.04
8366,3343,42,1,1783.38,0.0,1783.38
8367,3343,44,2,1675.89,0.2,2681.42
8368,3343,4,3,4078.93,0.05,11624.95
8369,3343,44,3,1675.89,0.2,4022.14
8370,3344,52,2,35725.17,0.05,67877.82
8371,3344,44,2,1675.89,0.0,3351.78
8372,3345,40,2,16569.14,0.0,33138.28
8373,3345,29,3,438.5,0.0,1315.5
8374,3345,2,1,3911.93,0.1,3520.74
8375,3346,47,1,32443.0,0.2,25954.4
8376,3346,52,1,35725.17,0.0,35725.17
8377,3346,9,1,4533.34,0.2,3626.67
8378,3347,31,2,440.79,0.0,881.58
8379,3347,51,2,29838.95,0.0,59677.9
8380,3347,10,3,5058.33,0.05,14416.24
8381,3348,20,3,337.55,0.0,1012.65
8382,3349,31,1,440.79,0.0,440.79
8383,3350,43,2,1480.37,0.2,2368.59
8384,3350,5,2,7323.99,0.2,11718.38
8385,3350,18,3,316.88,0.0,950.64
8386,3351,27,3,1246.0,0.2,2990.4
8387,3352,6,1,8439.67,0.0,8439.67
8388,3352,7,3,11903.44,0.2,28568.26
8389,3352,40,3,16569.14,0.2,39765.94
8390,3352,5,3,7323.99,0.05,20873.37
8391,3353,33,2,3763.53,0.0,7527.06
8392,3353,20,1,337.55,0.05,320.67
8393,3353,19,3,301.26,0.1,813.4
8394,3353,52,3,35725.17,0.05,101816.73
8395,3354,9,2,4533.34,0.05,8613.35
8396,3354,13,3,1356.94,0.0,4070.82
8397,3354,36,3,2924.06,0.05,8333.57
8398,3355,25,1,1719.78,0.1,1547.8
8399,3355,51,3,29838.95,0.0,89516.85
8400,3356,28,3,2077.38,0.05,5920.53
8401,3356,26,2,1412.65,0.0,2825.3
8402,3356,3,3,4598.39,0.0,13795.17
8403,3356,29,3,438.5,0.05,1249.72
8404,3357,23,3,381.96,0.0,1145.88
8405,3358,14,2,1335.52,0.0,2671.04
8406,3358,24,2,291.78,0.0,583.56
8407,3359,25,2,1719.78,0.0,3439.56
8408,3359,33,3,3763.53,0.0,11290.59
8409,3359,17,2,425.94,0.0,851.88
8410,3359,8,3,7478.19,0.0,22434.57
8411,3360,5,1,7323.99,0.05,6957.79
8412,3361,3,2,4598.39,0.1,8277.1
8413,3362,19,1,301.26,0.05,286.2
8414,3362,37,2,20338.2,0.05,38642.58
8415,3363,4,3,4078.93,0.0,12236.79
8416,3363,41,2,1458.5,0.0,2917.0
8417,3363,37,1,20338.2,0.0,20338.2
8418,3363,21,2,395.89,0.05,752.19
8419,3364,44,3,1675.89,0.1,4524.9
8420,3364,7,3,11903.44,0.05,33924.8
8421,3364,4,2,4078.93,0.0,8157.86
8422,3364,40,3,16569.14,0.05,47222.05
8423,3365,30,1,448.49,0.0,448.49
8424,3366,42,3,1783.38,0.0,5350.14
8425,3366,30,1,448.49,0.05,426.07
8426,3367,38,1,21688.29,0.1,19519.46
8427,3367,18,1,316.88,0.1,285.19
8428,3368,6,3,8439.67,0.0,25319.01
8429,3368,29,2,438.5,0.0,877.0
8430,3368,37,2,20338.2,0.0,40676.4
8431,3368,41,3,1458.5,0.05,4156.72
8432,3369,45,1,50632.32,0.0,50632.32
8433,3369,28,1,2077.38,0.0,2077.38
8434,3369,4,2,4078.93,0.0,8157.86
8435,3369,37,2,20338.2,0.2,32541.12
8436,3370,23,1,381.96,0.0,381.96
8437,3370,44,2,1675.89,0.05,3184.19
8438,3371,28,2,2077.38,0.05,3947.02
8439,3371,16,1,1147.33,0.0,1147.33
8440,3371,25,3,1719.78,0.05,4901.37
8441,3371,31,3,440.79,0.1,1190.13
8442,3372,23,2,381.96,0.0,763.92
8443,3373,29,2,438.5,0.0,877.0
8444,3373,19,2,301.26,0.0,602.52
8445,3374,8,2,7478.19,0.0,14956.38
8446,3375,8,3,7478.19,0.0,22434.57
8447,3375,17,1,425.94,0.2,340.75
8448,3376,19,2,301.26,0.0,602.52
8449,3376,52,2,35725.17,0.1,64305.31
8450,3376,24,2,291.78,0.0,583.56
8451,3376,39,1,22252.18,0.05,21139.57
8452,3377,26,2,1412.65,0.0,2825.3
8453,3377,39,2,22252.18,0.0,44504.36
8454,3378,1,1,4311.34,0.0,4311.34
8455,3378,10,3,5058.33,0.05,14416.24
8456,3379,43,3,1480.37,0.0,4441.11
8457,3379,25,3,1719.78,0.05,4901.37
8458,3380,11,1,4853.64,0.0,4853.64
8459,3380,36,3,2924.06,0.1,7894.96
8460,3380,32,2,403.22,0.0,806.44
8461,3380,49,3,24383.87,0.0,73151.61
8462,3381,18,1,316.88,0.0,316.88
8463,3381,15,2,1717.5,0.0,3435.0
8464,3381,10,1,5058.33,0.2,4046.66
8465,3381,45,2,50632.32,0.0,101264.64
8466,3382,28,2,2077.38,0.1,3739.28
8467,3382,1,1,4311.34,0.2,3449.07
8468,3382,31,1,440.79,0.0,440.79
8469,3382,42,1,1783.38,0.0,1783.38
8470,3383,41,1,1458.5,0.0,1458.5
8471,3384,3,1,4598.39,0.0,4598.39
8472,3385,17,1,425.94,0.05,404.64
8473,3385,33,3,3763.53,0.0,11290.59
8474,3385,16,3,1147.33,0.1,3097.79
8475,3386,31,2,440.79,0.1,793.42
8476,3387,12,3,5553.73,0.0,16661.19
8477,3388,34,1,3937.59,0.05,3740.71
8478,3389,27,3,1246.0,0.0,3738.0
8479,3390,18,3,316.88,0.0,950.64
8480,3390,25,2,1719.78,0.0,3439.56
8481,3390,37,3,20338.2,0.05,57963.87
8482,3391,29,2,438.5,0.1,789.3
8483,3391,18,3,316.88,0.2,760.51
8484,3391,46,3,44103.32,0.0,132309.96
8485,3392,42,3,1783.38,0.05,5082.63
8486,3393,25,2,1719.78,0.05,3267.58
8487,3393,36,2,2924.06,0.1,5263.31
8488,3393,51,1,29838.95,0.1,26855.06
8489,3393,2,3,3911.93,0.1,10562.21
8490,3394,40,2,16569.14,0.0,33138.28
8491,3394,46,3,44103.32,0.0,132309.96
8492,3394,19,3,301.26,0.0,903.78
8493,3395,9,2,4533.34,0.1,8160.01
8494,3396,8,1,7478.19,0.0,7478.19
8495,3397,45,3,50632.32,0.1,136707.26
8496,3397,49,1,24383.87,0.2,19507.1
8497,3397,8,2,7478.19,0.2,11965.1
8498,3397,19,3,301.26,0.2,723.02
8499,3398,52,3,35725.17,0.1,96457.96
8500,3398,18,3,316.88,0.0,950.64
8501,3399,16,2,1147.33,0.0,2294.66
8502,3399,19,2,301.26,0.05,572.39
8503,3400,25,3,1719.78,0.0,5159.34
8504,3400,48,1,48857.09,0.0,48857.09
8505,3401,51,1,29838.95,0.0,29838.95
8506,3401,29,3,438.5,0.1,1183.95
8507,3401,25,2,1719.78,0.0,3439.56
8508,3402,33,1,3763.53,0.0,3763.53
8509,3402,52,3,35725.17,0.0,107175.51
8510,3403,17,3,425.94,0.0,1277.82
8511,3404,18,3,316.88,0.0,950.64
8512,3404,35,2,3039.94,0.0,6079.88
8513,3404,17,1,425.94,0.1,383.35
8514,3405,17,1,425.94,0.0,425.94
8515,3405,12,3,5553.73,0.05,15828.13
8516,3406,17,1,425.94,0.05,404.64
8517,3406,40,3,16569.14,0.0,49707.42
8518,3406,29,3,438.5,0.05,1249.72
8519,3407,44,2,1675.89,0.0,3351.78
8520,3407,26,1,1412.65,0.2,1130.12
8521,3408,36,2,2924.06,0.0,5848.12
8522,3408,15,1,1717.5,0.1,1545.75
8523,3408,33,2,3763.53,0.0,7527.06
8524,3409,8,3,7478.19,0.05,21312.84
8525,3409,13,2,1356.94,0.1,2442.49
8526,3409,6,3,8439.67,0.0,25319.01
8527,3409,9,1,4533.34,0.0,4533.34
8528,3410,24,3,291.78,0.05,831.57
8529,3410,15,2,1717.5,0.1,3091.5
8530,3410,20,3,337.55,0.2,810.12
8531,3410,18,2,316.88,0.0,633.76
8532,3411,9,2,4533.34,0.1,8160.01
8533,3411,4,2,4078.93,0.0,8157.86
8534,3411,9,1,4533.34,0.0,4533.34
8535,3411,47,2,32443.0,0.0,64886.0
8536,3412,20,1,337.55,0.1,303.8
8537,3412,10,2,5058.33,0.0,10116.66
8538,3413,6,1,8439.67,0.05,8017.69
8539,3414,13,3,1356.94,0.0,4070.82
8540,3414,29,1,438.5,0.1,394.65
8541,3414,7,3,11903.44,0.0,35710.32
8542,3414,15,1,1717.5,0.1,1545.75
8543,3415,24,3,291.78,0.0,875.34
8544,3415,33,3,3763.53,0.05,10726.06
8545,3416,8,2,7478.19,0.0,14956.38
8546,3417,40,1,16569.14,0.0,16569.14
8547,3417,44,1,1675.89,0.0,1675.89
8548,3417,47,2,32443.0,0.0,64886.0
8549,3418,13,2,1356.94,0.05,2578.19
8550,3418,14,3,1335.52,0.0,4006.56
8551,3419,15,3,1717.5,0.0,5152.5
8552,3419,34,1,3937.59,0.0,3937.59
8553,3419,10,1,5058.33,0.0,5058.33
8554,3419,26,2,1412.65,0.0,2825.3
8555,3420,33,3,3763.53,0.0,11290.59
8556,3420,10,3,5058.33,0.05,14416.24
8557,3421,46,3,44103.32,0.0,132309.96
8558,3421,52,1,35725.17,0.0,35725.17
8559,3421,7,2,11903.44,0.0,23806.88
8560,3422,13,3,1356.94,0.05,3867.28
8561,3423,37,1,20338.2,0.0,20338.2
8562,3423,19,2,301.26,0.1,542.27
8563,3423,41,1,1458.5,0.05,1385.58
8564,3423,33,2,3763.53,0.0,7527.06
8565,3424,43,2,1480.37,0.0,2960.74
8566,3424,13,3,1356.94,0.0,4070.82
8567,3425,52,2,35725.17,0.0,71450.34
8568,3425,52,1,35725.17,0.0,35725.17
8569,3426,44,2,1675.89,0.1,3016.6
8570,3426,52,3,35725.17,0.2,85740.41
8571,3426,17,1,425.94,0.0,425.94
8572,3427,14,3,1335.52,0.1,3605.9
8573,3428,26,1,1412.65,0.0,1412.65
8574,3428,14,3,1335.52,0.0,4006.56
8575,3429,36,3,2924.06,0.0,8772.18
8576,3429,42,3,1783.38,0.0,5350.14
8577,3430,51,1,29838.95,0.05,28347.0
8578,3431,50,1,32122.03,0.05,30515.93
8579,3431,4,3,4078.93,0.1,11013.11
8580,3432,7,1,11903.44,0.0,11903.44
8581,3433,31,2,440.79,0.0,881.58
8582,3433,49,1,24383.87,0.2,19507.1
8583,3433,12,2,5553.73,0.1,9996.71
8584,3434,12,3,5553.73,0.0,16661.19
8585,3434,20,2,337.55,0.0,675.1
8586,3434,3,1,4598.39,0.05,4368.47
8587,3435,19,2,301.26,0.1,542.27
8588,3435,39,2,22252.18,0.05,42279.14
8589,3435,44,1,1675.89,0.05,1592.1
8590,3435,50,1,32122.03,0.0,32122.03
8591,3436,19,1,301.26,0.0,301.26
8592,3437,38,1,21688.29,0.0,21688.29
8593,3437,25,1,1719.78,0.1,1547.8
8594,3438,39,2,22252.18,0.0,44504.36
8595,3439,52,2,35725.17,0.1,64305.31
8596,3440,45,2,50632.32,0.0,101264.64
8597,3440,51,1,29838.95,0.05,28347.0
8598,3441,42,3,1783.38,0.0,5350.14
8599,3442,50,1,32122.03,0.0,32122.03
8600,3443,4,1,4078.93,0.05,3874.98
8601,3443,49,2,24383.87,0.0,48767.74
8602,3443,5,3,7323.99,0.0,21971.97
8603,3443,45,1,50632.32,0.1,45569.09
8604,3444,8,3,7478.19,0.0,22434.57
8605,3444,46,2,44103.32,0.05,83796.31
8606,3444,27,1,1246.0,0.05,1183.7
8607,3444,9,1,4533.34,0.05,4306.67
8608,3445,48,1,48857.09,0.0,48857.09
8609,3445,38,2,21688.29,0.2,34701.26
8610,3446,31,3,440.79,0.0,1322.37
8611,3446,8,2,7478.19,0.0,14956.38
8612,3447,14,3,1335.52,0.05,3806.23
8613,3448,17,3,425.94,0.0,1277.82
8614,3448,26,1,1412.65,0.05,1342.02
8615,3448,33,2,3763.53,0.1,6774.35
8616,3449,42,2,1783.38,0.0,3566.76
8617,3449,11,1,4853.64,0.0,4853.64
8618,3449,40,3,16569.14,0.1,44736.68
8619,3450,43,3,1480.37,0.0,4441.11
8620,3450,3,2,4598.39,0.1,8277.1
8621,3451,12,2,5553.73,0.2,8885.97
8622,3451,11,3,4853.64,0.1,13104.83
8623,3451,14,1,1335.52,0.0,1335.52
8624,3452,20,3,337.55,0.0,1012.65
8625,3452,30,2,448.49,0.05,852.13
8626,3452,8,3,7478.19,0.0,22434.57
8627,3453,41,1,1458.5,0.05,1385.58
8628,3453,13,1,1356.94,0.1,1221.25
8629,3453,43,2,1480.37,0.0,2960.74
8630,3453,35,1,3039.94,0.0,3039.94
8631,3454,18,2,316.88,0.0,633.76
8632,3454,48,2,48857.09,0.2,78171.34
8633,3454,45,3,50632.32,0.0,151896.96
8634,3455,9,1,4533.34,0.0,4533.34
8635,3456,21,1,395.89,0.0,395.89
8636,3457,30,2,448.49,0.0,896.98
8637,3458,44,3,1675.89,0.0,5027.67
8638,3458,12,1,5553.73,0.0,5553.73
8639,3459,14,3,1335.52,0.0,4006.56
8640,3459,44,1,1675.89,0.1,1508.3
8641,3460,5,2,7323.99,0.0,14647.98
8642,3461,48,1,48857.09,0.05,46414.24
8643,3461,21,1,395.89,0.0,395.89
8644,3461,51,1,29838.95,0.05,28347.0
8645,3461,2,2,3911.93,0.0,7823.86
8646,3462,16,2,1147.33,0.2,1835.73
8647,3462,22,2,256.1,0.1,460.98
8648,3463,27,1,1246.0,0.05,1183.7
8649,3463,37,2,20338.2,0.1,36608.76
8650,3464,15,3,1717.5,0.2,4122.0
8651,3464,40,3,16569.14,0.0,49707.42
8652,3465,17,3,425.94,0.0,1277.82
8653,3466,45,1,50632.32,0.0,50632.32
8654,3466,9,3,4533.34,0.0,13600.02
8655,3466,8,3,7478.19,0.0,22434.57
8656,3466,26,1,1412.65,0.0,1412.65
8657,3467,17,3,425.94,0.1,1150.04
8658,3467,37,1,20338.2,0.0,20338.2
8659,3468,47,1,32443.0,0.0,32443.0
8660,3469,34,3,3937.59,0.0,11812.77
8661,3469,32,3,403.22,0.1,1088.69
8662,3469,37,1,20338.2,0.05,19321.29
8663,3469,3,3,4598.39,0.0,13795.17
8664,3470,41,3,1458.5,0.1,3937.95
8665,3470,14,3,1335.52,0.0,4006.56
8666,3470,14,1,1335.52,0.1,1201.97
8667,3470,1,3,4311.34,0.05,12287.32
8668,3471,11,3,4853.64,0.0,14560.92
8669,3471,23,2,381.96,0.0,763.92
8670,3471,16,2,1147.33,0.0,2294.66
8671,3472,20,3,337.55,0.05,962.02
8672,3472,47,3,32443.0,0.0,97329.0
8673,3473,4,3,4078.93,0.0,12236.79
8674,3473,6,1,8439.67,0.2,6751.74
8675,3474,34,1,3937.59,0.2,3150.07
8676,3474,27,3,1246.0,0.05,3551.1
8677,3475,49,1,24383.87,0.0,24383.87
8678,3475,3,1,4598.39,0.0,4598.39
8679,3475,33,3,3763.53,0.1,10161.53
8680,3475,48,1,48857.09,0.1,43971.38
8681,3476,17,3,425.94,0.0,1277.82
8682,3476,13,1,1356.94,0.0,1356.94
8683,3476,17,2,425.94,0.05,809.29
8684,3477,22,2,256.1,0.0,512.2
8685,3477,4,2,4078.93,0.0,8157.86
8686,3477,36,3,2924.06,0.0,8772.18
8687,3478,19,2,301.26,0.05,572.39
8688,3479,52,2,35725.17,0.2,57160.27
8689,3479,5,1,7323.99,0.05,6957.79
8690,3480,32,1,403.22,0.05,383.06
8691,3481,21,2,395.89,0.0,791.78
8692,3481,29,2,438.5,0.0,877.0
8693,3482,31,1,440.79,0.2,352.63
8694,3482,52,3,35725.17,0.0,107175.51
8695,3483,33,3,3763.53,0.0,11290.59
8696,3483,20,1,337.55,0.05,320.67
8697,3484,48,3,48857.09,0.05,139242.71
8698,3484,15,1,1717.5,0.0,1717.5
8699,3484,36,2,2924.06,0.0,5848.12
8700,3485,41,2,1458.5,0.1,2625.3
8701,3485,33,3,3763.53,0.05,10726.06
8702,3485,2,1,3911.93,0.05,3716.33
8703,3485,43,1,1480.37,0.2,1184.3
8704,3486,47,1,32443.0,0.1,29198.7
8705,3486,1,1,4311.34,0.0,4311.34
8706,3486,44,1,1675.89,0.0,1675.89
8707,3486,26,2,1412.65,0.2,2260.24
8708,3487,51,2,29838.95,0.1,53710.11
8709,3487,51,2,29838.95,0.0,59677.9
8710,3487,26,3,1412.65,0.05,4026.05
8711,3487,30,3,448.49,0.05,1278.2
8712,3488,47,3,32443.0,0.0,97329.0
8713,3488,20,1,337.55,0.0,337.55
8714,3488,50,1,32122.03,0.0,32122.03
8715,3489,1,2,4311.34,0.1,7760.41
8716,3489,1,1,4311.34,0.0,4311.34
8717,3489,13,1,1356.94,0.0,1356.94
8718,3490,27,3,1246.0,0.0,3738.0
8719,3490,24,3,291.78,0.0,875.34
8720,3490,4,2,4078.93,0.0,8157.86
8721,3491,31,1,440.79,0.0,440.79
8722,3492,3,1,4598.39,0.1,4138.55
8723,3492,1,3,4311.34,0.05,12287.32
8724,3492,21,1,395.89,0.0,395.89
8725,3492,4,1,4078.93,0.1,3671.04
8726,3493,31,2,440.79,0.0,881.58
8727,3493,18,3,316.88,0.0,950.64
8728,3493,17,3,425.94,0.1,1150.04
8729,3494,34,3,3937.59,0.0,11812.77
8730,3494,35,1,3039.94,0.1,2735.95
8731,3494,40,1,16569.14,0.0,16569.14
8732,3494,22,3,256.1,0.05,729.88
8733,3495,9,2,4533.34,0.2,7253.34
8734,3495,30,2,448.49,0.0,896.98
8735,3495,14,2,1335.52,0.1,2403.94
8736,3495,41,2,1458.5,0.1,2625.3
8737,3496,39,2,22252.18,0.05,42279.14
8738,3496,36,3,2924.06,0.0,8772.18
8739,3497,31,3,440.79,0.05,1256.25
8740,3497,40,3,16569.14,0.0,49707.42
8741,3498,20,1,337.55,0.0,337.55
8742,3498,16,2,1147.33,0.05,2179.93
8743,3498,45,1,50632.32,0.1,45569.09
8744,3499,1,1,4311.34,0.05,4095.77
8745,3499,45,3,50632.32,0.05,144302.11
8746,3499,18,3,316.88,0.0,950.64
8747,3500,11,3,4853.64,0.0,14560.92
8748,3500,45,1,50632.32,0.05,48100.7
8749,3501,13,2,1356.94,0.1,2442.49
8750,3502,6,2,8439.67,0.05,16035.37
8751,3502,19,1,301.26,0.05,286.2
8752,3503,24,2,291.78,0.0,583.56
8753,3503,12,1,5553.73,0.0,5553.73
8754,3503,39,3,22252.18,0.0,66756.54
8755,3504,48,3,48857.09,0.0,146571.27
8756,3504,24,1,291.78,0.1,262.6
8757,3504,39,1,22252.18,0.0,22252.18
8758,3504,8,2,7478.19,0.1,13460.74
8759,3505,26,3,1412.65,0.0,4237.95
8760,3505,41,3,1458.5,0.0,4375.5
8761,3505,10,2,5058.33,0.05,9610.83
8762,3506,50,1,32122.03,0.0,32122.03
8763,3506,12,2,5553.73,0.1,9996.71
8764,3506,46,1,44103.32,0.2,35282.66
8765,3507,36,2,2924.06,0.1,5263.31
8766,3507,31,2,440.79,0.0,881.58
8767,3508,18,2,316.88,0.0,633.76
8768,3508,27,3,1246.0,0.0,3738.0
8769,3508,31,3,440.79,0.05,1256.25
8770,3509,45,3,50632.32,0.05,144302.11
8771,3509,30,2,448.49,0.0,896.98
8772,3510,33,1,3763.53,0.0,3763.53
8773,3510,4,1,4078.93,0.0,4078.93
8774,3510,19,1,301.26,0.0,301.26
8775,3511,13,2,1356.94,0.05,2578.19
8776,3512,47,2,32443.0,0.0,64886.0
8777,3512,7,2,11903.44,0.1,21426.19
8778,3513,19,2,301.26,0.0,602.52
8779,3514,29,2,438.5,0.0,877.0
8780,3515,49,3,24383.87,0.0,73151.61
8781,3515,27,3,1246.0,0.05,3551.1
8782,3516,2,1,3911.93,0.0,3911.93
8783,3516,44,1,1675.89,0.2,1340.71
8784,3516,30,2,448.49,0.2,717.58
8785,3517,37,1,20338.2,0.05,19321.29
8786,3517,1,2,4311.34,0.0,8622.68
8787,3517,7,1,11903.44,0.1,10713.1
8788,3518,5,1,7323.99,0.0,7323.99
8789,3518,20,3,337.55,0.2,810.12
8790,3518,34,3,3937.59,0.2,9450.22
8791,3518,4,2,4078.93,0.0,8157.86
8792,3519,39,1,22252.18,0.1,20026.96
8793,3519,7,3,11903.44,0.0,35710.32
8794,3519,4,2,4078.93,0.0,8157.86
8795,3520,2,3,3911.93,0.1,10562.21
8796,3520,18,2,316.88,0.0,633.76
8797,3520,1,3,4311.34,0.1,11640.62
8798,3520,47,3,32443.0,0.0,97329.0
8799,3521,19,3,301.26,0.0,903.78
8800,3521,12,1,5553.73,0.0,5553.73
8801,3521,46,2,44103.32,0.05,83796.31
8802,3522,40,3,16569.14,0.0,49707.42
8803,3522,50,3,32122.03,0.0,96366.09
8804,3523,49,1,24383.87,0.0,24383.87
8805,3523,37,2,20338.2,0.1,36608.76
8806,3523,34,3,3937.59,0.0,11812.77
8807,3524,32,3,403.22,0.0,1209.66
8808,3524,45,2,50632.32,0.0,101264.64
8809,3524,25,3,1719.78,0.0,5159.34
8810,3524,37,1,20338.2,0.0,20338.2
8811,3525,52,2,35725.17,0.1,64305.31
8812,3525,40,2,16569.14,0.1,29824.45
8813,3525,47,2,32443.0,0.0,64886.0
8814,3525,7,1,11903.44,0.0,11903.44
8815,3526,21,2,395.89,0.0,791.78
8816,3526,44,2,1675.89,0.0,3351.78
8817,3526,29,3,438.5,0.05,1249.72
8818,3527,45,2,50632.32,0.2,81011.71
8819,3527,35,1,3039.94,0.05,2887.94
8820,3527,27,3,1246.0,0.0,3738.0
8821,3527,16,2,1147.33,0.0,2294.66
8822,3528,32,2,403.22,0.05,766.12
8823,3528,17,3,425.94,0.0,1277.82
8824,3528,25,3,1719.78,0.0,5159.34
8825,3528,9,2,4533.34,0.0,9066.68
8826,3529,34,2,3937.59,0.1,7087.66
8827,3529,26,1,1412.65,0.0,1412.65
8828,3530,43,1,1480.37,0.1,1332.33
8829,3530,10,1,5058.33,0.0,5058.33
8830,3530,21,2,395.89,0.0,791.78
8831,3530,24,3,291.78,0.1,787.81
8832,3531,8,3,7478.19,0.2,17947.66
8833,3531,4,1,4078.93,0.0,4078.93
8834,3531,36,2,2924.06,0.0,5848.12
8835,3532,2,2,3911.93,0.0,7823.86
8836,3532,13,2,1356.94,0.0,2713.88
8837,3532,4,3,4078.93,0.0,12236.79
8838,3533,35,3,3039.94,0.05,8663.83
8839,3534,3,1,4598.39,0.05,4368.47
8840,3534,17,3,425.94,0.05,1213.93
8841,3535,13,2,1356.94,0.0,2713.88
8842,3535,21,2,395.89,0.2,633.42
8843,3535,28,3,2077.38,0.0,6232.14
8844,3535,34,2,3937.59,0.0,7875.18
8845,3536,31,3,440.79,0.05,1256.25
8846,3536,38,1,21688.29,0.1,19519.46
8847,3536,19,3,301.26,0.0,903.78
8848,3536,17,2,425.94,0.0,851.88
8849,3537,18,3,316.88,0.0,950.64
8850,3538,49,2,24383.87,0.0,48767.74
8851,3538,51,3,29838.95,0.1,80565.17
8852,3539,33,2,3763.53,0.0,7527.06
8853,3539,40,2,16569.14,0.0,33138.28
8854,3540,46,1,44103.32,0.0,44103.32
8855,3540,52,3,35725.17,0.2,85740.41
8856,3541,52,3,35725.17,0.0,107175.51
8857,3542,3,1,4598.39,0.05,4368.47
8858,3542,50,2,32122.03,0.1,57819.65
8859,3543,21,3,395.89,0.1,1068.9
8860,3543,8,1,7478.19,0.0,7478.19
8861,3543,26,2,1412.65,0.2,2260.24
8862,3543,2,3,3911.93,0.05,11149.0
8863,3544,1,2,4311.34,0.0,8622.68
8864,3545,10,2,5058.33,0.1,9104.99
8865,3546,45,1,50632.32,0.0,50632.32
8866,3546,25,3,1719.78,0.0,5159.34
8867,3546,25,3,1719.78,0.1,4643.41
8868,3546,37,1,20338.2,0.0,20338.2
8869,3547,18,2,316.88,0.0,633.76
8870,3547,35,2,3039.94,0.0,6079.88
8871,3548,23,3,381.96,0.0,1145.88
8872,3548,13,3,1356.94,0.0,4070.82
8873,3549,19,1,301.26,0.05,286.2
8874,3549,24,3,291.78,0.1,787.81
8875,3550,22,2,256.1,0.1,460.98
8876,3550,20,2,337.55,0.1,607.59
8877,3551,14,1,1335.52,0.0,1335.52
8878,3552,11,1,4853.64,0.0,4853.64
8879,3553,23,1,381.96,0.0,381.96
8880,3553,2,3,3911.93,0.0,11735.79
8881,3553,18,3,316.88,0.0,950.64
8882,3554,38,1,21688.29,0.0,21688.29
8883,3554,47,3,32443.0,0.0,97329.0
8884,3555,7,1,11903.44,0.0,11903.44
8885,3555,35,3,3039.94,0.0,9119.82
8886,3555,1,2,4311.34,0.05,8191.55
8887,3556,51,3,29838.95,0.0,89516.85
8888,3556,43,2,1480.37,0.1,2664.67
8889,3557,13,2,1356.94,0.2,2171.1
8890,3557,51,1,29838.95,0.1,26855.06
8891,3558,30,1,448.49,0.0,448.49
8892,3558,2,1,3911.93,0.0,3911.93
8893,3559,7,1,11903.44,0.2,9522.75
8894,3559,13,1,1356.94,0.0,1356.94
8895,3560,25,2,1719.78,0.0,3439.56
8896,3561,12,2,5553.73,0.0,11107.46
8897,3562,44,1,1675.89,0.1,1508.3
8898,3562,11,2,4853.64,0.1,8736.55
8899,3562,22,3,256.1,0.0,768.3
8900,3563,37,2,20338.2,0.0,40676.4
8901,3563,45,2,50632.32,0.0,101264.64
8902,3563,35,1,3039.94,0.05,2887.94
8903,3564,26,1,1412.65,0.1,1271.39
8904,3564,6,2,8439.67,0.0,16879.34
8905,3565,43,1,1480.37,0.2,1184.3
8906,3566,24,1,291.78,0.2,233.42
8907,3567,30,2,448.49,0.0,896.98
8908,3567,35,3,3039.94,0.0,9119.82
8909,3567,33,2,3763.53,0.0,7527.06
8910,3567,39,1,22252.18,0.1,20026.96
8911,3568,23,1,381.96,0.0,381.96
8912,3568,1,1,4311.34,0.0,4311.34
8913,3569,8,2,7478.19,0.1,13460.74
8914,3570,47,3,32443.0,0.0,97329.0
8915,3570,21,1,395.89,0.1,356.3
8916,3571,42,2,1783.38,0.0,3566.76
8917,3572,22,3,256.1,0.1,691.47
8918,3572,51,3,29838.95,0.0,89516.85
8919,3572,48,1,48857.09,0.0,48857.09
8920,3572,47,1,32443.0,0.0,32443.0
8921,3573,23,3,381.96,0.0,1145.88
8922,3573,26,3,1412.65,0.0,4237.95
8923,3573,10,3,5058.33,0.1,13657.49
8924,3573,36,3,2924.06,0.05,8333.57
8925,3574,45,1,50632.32,0.0,50632.32
8926,3574,41,1,1458.5,0.0,1458.5
8927,3575,25,3,1719.78,0.0,5159.34
8928,3575,37,3,20338.2,0.05,57963.87
8929,3575,27,2,1246.0,0.1,2242.8
8930,3575,17,2,425.94,0.05,809.29
8931,3576,19,1,301.26,0.1,271.13
8932,3577,11,2,4853.64,0.1,8736.55
8933,3577,49,2,24383.87,0.0,48767.74
8934,3578,38,3,21688.29,0.0,65064.87
8935,3578,31,3,440.79,0.0,1322.37
8936,3579,50,3,32122.03,0.0,96366.09
8937,3579,48,1,48857.09,0.0,48857.09
8938,3579,44,1,1675.89,0.05,1592.1
8939,3579,45,1,50632.32,0.05,48100.7
8940,3580,27,2,1246.0,0.2,1993.6
8941,3580,27,2,1246.0,0.2,1993.6
8942,3580,15,2,1717.5,0.2,2748.0
8943,3581,33,2,3763.53,0.2,6021.65
8944,3582,18,2,316.88,0.0,633.76
8945,3582,49,2,24383.87,0.0,48767.74
8946,3583,13,2,1356.94,0.0,2713.88
8947,3583,35,2,3039.94,0.0,6079.88
8948,3584,24,1,291.78,0.0,291.78
8949,3584,45,1,50632.32,0.0,50632.32
8950,3584,31,2,440.79,0.0,881.58
8951,3585,9,2,4533.34,0.1,8160.01
8952,3586,39,1,22252.18,0.1,20026.96
8953,3586,52,3,35725.17,0.05,101816.73
8954,3587,14,3,1335.52,0.0,4006.56
8955,3587,46,3,44103.32,0.1,119078.96
8956,3588,33,2,3763.53,0.0,7527.06
8957,3589,28,2,2077.38,0.0,4154.76
8958,3589,31,1,440.79,0.0,440.79
8959,3590,47,2,32443.0,0.0,64886.0
8960,3590,5,1,7323.99,0.0,7323.99
8961,3590,20,1,337.55,0.0,337.55
8962,3590,14,2,1335.52,0.0,2671.04
8963,3591,22,3,256.1,0.05,729.88
8964,3591,12,3,5553.73,0.05,15828.13
8965,3591,31,3,440.79,0.0,1322.37
8966,3592,32,3,403.22,0.0,1209.66
8967,3592,21,3,395.89,0.0,1187.67
8968,3592,45,3,50632.32,0.0,151896.96
8969,3592,12,1,5553.73,0.2,4442.98
8970,3593,28,3,2077.38,0.0,6232.14
8971,3593,28,1,2077.38,0.0,2077.38
8972,3593,43,2,1480.37,0.0,2960.74
8973,3594,6,1,8439.67,0.0,8439.67
8974,3595,22,3,256.1,0.0,768.3
8975,3595,27,2,1246.0,0.0,2492.0
8976,3595,34,3,3937.59,0.1,10631.49
8977,3596,29,1,438.5,0.0,438.5
8978,3596,40,2,16569.14,0.1,29824.45
8979,3597,40,1,16569.14,0.05,15740.68
8980,3597,25,2,1719.78,0.1,3095.6
8981,3597,9,2,4533.34,0.1,8160.01
8982,3598,51,2,29838.95,0.1,53710.11
8983,3599,3,1,4598.39,0.05,4368.47
8984,3599,29,2,438.5,0.0,877.0
8985,3599,9,3,4533.34,0.0,13600.02
8986,3599,19,2,301.26,0.0,602.52
8987,3600,2,3,3911.93,0.1,10562.21
8988,3601,12,1,5553.73,0.05,5276.04
8989,3601,37,3,20338.2,0.0,61014.6
8990,3602,26,2,1412.65,0.0,2825.3
8991,3602,44,3,1675.89,0.05,4776.29
8992,3603,51,1,29838.95,0.05,28347.0
8993,3603,21,1,395.89,0.2,316.71
8994,3603,8,2,7478.19,0.1,13460.74
8995,3603,29,3,438.5,0.1,1183.95
8996,3604,16,2,1147.33,0.0,2294.66
8997,3605,52,2,35725.17,0.05,67877.82
8998,3605,46,2,44103.32,0.0,88206.64
8999,3606,9,3,4533.34,0.2,10880.02
9000,3607,7,1,11903.44,0.0,11903.44
9001,3607,44,3,1675.89,0.0,5027.67
9002,3607,13,1,1356.94,0.0,1356.94
9003,3608,23,3,381.96,0.05,1088.59
9004,3608,11,1,4853.64,0.2,3882.91
9005,3608,30,2,448.49,0.1,807.28
9006,3608,4,1,4078.93,0.05,3874.98
9007,3609,39,2,22252.18,0.0,44504.36
9008,3610,2,2,3911.93,0.0,7823.86
9009,3611,36,1,2924.06,0.0,2924.06
9010,3611,38,1,21688.29,0.1,19519.46
9011,3612,50,1,32122.03,0.0,32122.03
9012,3613,28,3,2077.38,0.05,5920.53
9013,3613,38,1,21688.29,0.05,20603.88
9014,3613,26,2,1412.65,0.0,2825.3
9015,3614,28,3,2077.38,0.0,6232.14
9016,3614,30,2,448.49,0.0,896.98
9017,3614,38,2,21688.29,0.0,43376.58
9018,3614,45,3,50632.32,0.1,136707.26
9019,3615,28,2,2077.38,0.2,3323.81
9020,3615,12,2,5553.73,0.0,11107.46
9021,3615,40,3,16569.14,0.0,49707.42
9022,3615,14,2,1335.52,0.0,2671.04
9023,3616,26,1,1412.65,0.0,1412.65
9024,3616,25,1,1719.78,0.0,1719.78
9025,3616,24,2,291.78,0.0,583.56
9026,3616,5,2,7323.99,0.1,13183.18
9027,3617,34,1,3937.59,0.2,3150.07
9028,3617,16,2,1147.33,0.0,2294.66
9029,3617,31,3,440.79,0.0,1322.37
9030,3617,4,2,4078.93,0.2,6526.29
9031,3618,14,2,1335.52,0.05,2537.49
9032,3618,47,2,32443.0,0.0,64886.0
9033,3618,28,1,2077.38,0.0,2077.38
9034,3619,52,3,35725.17,0.1,96457.96
9035,3619,25,2,1719.78,0.0,3439.56
9036,3620,36,2,2924.06,0.0,5848.12
9037,3620,6,1,8439.67,0.1,7595.7
9038,3620,23,1,381.96,0.0,381.96
9039,3621,9,3,4533.34,0.0,13600.02
9040,3621,37,1,20338.2,0.0,20338.2
9041,3621,41,2,1458.5,0.2,2333.6
9042,3622,1,2,4311.34,0.1,7760.41
9043,3622,12,1,5553.73,0.05,5276.04
9044,3622,10,1,5058.33,0.0,5058.33
9045,3622,34,3,3937.59,0.1,10631.49
9046,3623,20,1,337.55,0.0,337.55
9047,3623,35,3,3039.94,0.0,9119.82
9048,3623,20,2,337.55,0.0,675.1
9049,3623,23,3,381.96,0.0,1145.88
9050,3624,32,1,403.22,0.0,403.22
9051,3625,33,1,3763.53,0.0,3763.53
9052,3626,8,3,7478.19,0.0,22434.57
9053,3627,39,1,22252.18,0.0,22252.18
9054,3627,27,1,1246.0,0.2,996.8
9055,3627,33,1,3763.53,0.0,3763.53
9056,3627,21,2,395.89,0.1,712.6
9057,3628,40,1,16569.14,0.0,16569.14
9058,3628,26,2,1412.65,0.05,2684.04
9059,3628,13,2,1356.94,0.05,2578.19
9060,3628,23,3,381.96,0.0,1145.88
9061,3629,2,3,3911.93,0.05,11149.0
9062,3630,47,2,32443.0,0.0,64886.0
9063,3630,32,1,403.22,0.0,403.22
9064,3631,14,3,1335.52,0.1,3605.9
9065,3632,16,2,1147.33,0.0,2294.66
9066,3633,4,2,4078.93,0.0,8157.86
9067,3634,18,1,316.88,0.0,316.88
9068,3635,17,1,425.94,0.0,425.94
9069,3635,10,3,5058.33,0.05,14416.24
9070,3635,27,3,1246.0,0.0,3738.0
9071,3635,50,2,32122.03,0.1,57819.65
9072,3636,12,2,5553.73,0.05,10552.09
9073,3637,26,1,1412.65,0.05,1342.02
9074,3638,7,3,11903.44,0.2,28568.26
9075,3638,29,2,438.5,0.1,789.3
9076,3639,34,2,3937.59,0.0,7875.18
9077,3639,48,3,48857.09,0.2,117257.02
9078,3640,10,2,5058.33,0.0,10116.66
9079,3640,17,3,425.94,0.0,1277.82
9080,3641,27,2,1246.0,0.0,2492.0
9081,3641,48,3,48857.09,0.0,146571.27
9082,3641,20,1,337.55,0.0,337.55
9083,3642,16,2,1147.33,0.0,2294.66
9084,3642,9,1,4533.34,0.05,4306.67
9085,3643,11,3,4853.64,0.0,14560.92
9086,3644,24,3,291.78,0.05,831.57
9087,3644,42,2,1783.38,0.0,3566.76
9088,3644,48,2,48857.09,0.1,87942.76
9089,3644,21,3,395.89,0.2,950.14
9090,3645,36,2,2924.06,0.1,5263.31
9091,3645,3,2,4598.39,0.0,9196.78
9092,3646,5,3,7323.99,0.05,20873.37
9093,3647,25,2,1719.78,0.0,3439.56
9094,3647,19,3,301.26,0.05,858.59
9095,3647,23,3,381.96,0.0,1145.88
9096,3647,6,3,8439.67,0.1,22787.11
9097,3648,2,1,3911.93,0.0,3911.93
9098,3648,25,2,1719.78,0.0,3439.56
9099,3648,46,2,44103.32,0.1,79385.98
9100,3648,38,1,21688.29,0.0,21688.29
9101,3649,36,1,2924.06,0.05,2777.86
9102,3650,15,1,1717.5,0.0,1717.5
9103,3651,44,1,1675.89,0.1,1508.3
9104,3651,37,2,20338.2,0.05,38642.58
9105,3651,7,1,11903.44,0.0,11903.44
9106,3651,48,1,48857.09,0.0,48857.09
9107,3652,5,1,7323.99,0.0,7323.99
9108,3652,19,1,301.26,0.1,271.13
9109,3652,10,1,5058.33,0.0,5058.33
9110,3653,1,2,4311.34,0.05,8191.55
9111,3653,7,1,11903.44,0.2,9522.75
9112,3653,47,3,32443.0,0.1,87596.1
9113,3653,44,1,1675.89,0.05,1592.1
9114,3654,22,2,256.1,0.05,486.59
9115,3655,35,1,3039.94,0.2,2431.95
9116,3656,48,3,48857.09,0.2,117257.02
9117,3657,18,3,316.88,0.0,950.64
9118,3657,8,2,7478.19,0.0,14956.38
9119,3657,46,2,44103.32,0.0,88206.64
9120,3657,1,1,4311.34,0.0,4311.34
9121,3658,42,2,1783.38,0.0,3566.76
9122,3658,23,3,381.96,0.2,916.7
9123,3658,6,3,8439.67,0.2,20255.21
9124,3659,33,3,3763.53,0.0,11290.59
9125,3659,3,3,4598.39,0.05,13105.41
9126,3660,44,3,1675.89,0.0,5027.67
9127,3661,12,2,5553.73,0.0,11107.46
9128,3661,39,2,22252.18,0.2,35603.49
9129,3661,25,1,1719.78,0.05,1633.79
9130,3662,21,1,395.89,0.1,356.3
9131,3662,36,1,2924.06,0.0,2924.06
9132,3662,23,1,381.96,0.0,381.96
9133,3663,40,1,16569.14,0.0,16569.14
9134,3663,7,1,11903.44,0.0,11903.44
9135,3663,7,2,11903.44,0.05,22616.54
9136,3663,50,2,32122.03,0.0,64244.06
9137,3664,4,1,4078.93,0.1,3671.04
9138,3665,28,2,2077.38,0.0,4154.76
9139,3665,29,3,438.5,0.0,1315.5
9140,3665,2,3,3911.93,0.1,10562.21
9141,3666,13,2,1356.94,0.0,2713.88
9142,3666,13,1,1356.94,0.05,1289.09
9143,3667,7,2,11903.44,0.05,22616.54
9144,3667,21,2,395.89,0.0,791.78
9145,3668,14,3,1335.52,0.0,4006.56
9146,3668,9,2,4533.34,0.2,7253.34
9147,3668,34,2,3937.59,0.05,7481.42
9148,3668,21,2,395.89,0.2,633.42
9149,3669,47,2,32443.0,0.05,61641.7
9150,3669,10,1,5058.33,0.1,4552.5
9151,3669,31,3,440.79,0.0,1322.37
9152,3670,51,1,29838.95,0.05,28347.0
9153,3670,21,2,395.89,0.0,791.78
9154,3671,37,3,20338.2,0.1,54913.14
9155,3671,40,1,16569.14,0.0,16569.14
9156,3671,35,2,3039.94,0.05,5775.89
9157,3671,9,2,4533.34,0.2,7253.34
9158,3672,45,3,50632.32,0.0,151896.96
9159,3672,33,3,3763.53,0.2,9032.47
9160,3672,13,2,1356.94,0.1,2442.49
9161,3673,40,2,16569.14,0.2,26510.62
9162,3673,13,1,1356.94,0.05,1289.09
9163,3673,45,2,50632.32,0.2,81011.71
9164,3674,17,3,425.94,0.0,1277.82
9165,3674,44,3,1675.89,0.0,5027.67
9166,3675,33,2,3763.53,0.1,6774.35
9167,3675,30,3,448.49,0.2,1076.38
9168,3675,11,3,4853.64,0.05,13832.87
9169,3675,33,1,3763.53,0.0,3763.53
9170,3676,33,1,3763.53,0.2,3010.82
9171,3676,12,1,5553.73,0.0,5553.73
9172,3677,20,3,337.55,0.0,1012.65
9173,3678,23,2,381.96,0.0,763.92
9174,3678,36,1,2924.06,0.05,2777.86
9175,3678,24,1,291.78,0.1,262.6
9176,3678,21,1,395.89,0.05,376.1
9177,3679,36,2,2924.06,0.05,5555.71
9178,3679,22,1,256.1,0.0,256.1
9179,3680,18,3,316.88,0.0,950.64
9180,3680,43,2,1480.37,0.0,2960.74
9181,3680,35,3,3039.94,0.1,8207.84
9182,3680,1,3,4311.34,0.0,12934.02
9183,3681,8,2,7478.19,0.0,14956.38
9184,3681,52,3,35725.17,0.0,107175.51
9185,3682,28,3,2077.38,0.1,5608.93
9186,3682,19,3,301.26,0.1,813.4
9187,3683,33,1,3763.53,0.0,3763.53
9188,3683,18,2,316.88,0.0,633.76
9189,3683,34,1,3937.59,0.0,3937.59
9190,3683,33,1,3763.53,0.1,3387.18
9191,3684,18,2,316.88,0.05,602.07
9192,3684,10,3,5058.33,0.0,15174.99
9193,3684,44,2,1675.89,0.0,3351.78
9194,3684,35,3,3039.94,0.0,9119.82
9195,3685,5,3,7323.99,0.2,17577.58
9196,3685,27,3,1246.0,0.0,3738.0
9197,3685,4,1,4078.93,0.05,3874.98
9198,3686,7,2,11903.44,0.1,21426.19
9199,3686,50,3,32122.03,0.2,77092.87
9200,3687,16,3,1147.33,0.05,3269.89
9201,3687,50,3,32122.03,0.05,91547.79
9202,3687,34,1,3937.59,0.0,3937.59
9203,3687,47,2,32443.0,0.1,58397.4
9204,3688,33,3,3763.53,0.05,10726.06
9205,3688,6,2,8439.67,0.0,16879.34
9206,3688,34,1,3937.59,0.0,3937.59
9207,3689,24,2,291.78,0.05,554.38
9208,3690,33,1,3763.53,0.0,3763.53
9209,3690,18,3,316.88,0.1,855.58
9210,3691,31,2,440.79,0.0,881.58
9211,3691,27,1,1246.0,0.0,1246.0
9212,3692,38,2,21688.29,0.1,39038.92
9213,3692,6,1,8439.67,0.0,8439.67
9214,3692,10,2,5058.33,0.0,10116.66
9215,3692,14,1,1335.52,0.0,1335.52
9216,3693,3,3,4598.39,0.0,13795.17
9217,3693,35,1,3039.94,0.0,3039.94
9218,3694,25,2,1719.78,0.0,3439.56
9219,3694,39,2,22252.18,0.05,42279.14
9220,3694,30,1,448.49,0.0,448.49
9221,3694,32,1,403.22,0.0,403.22
9222,3695,35,1,3039.94,0.0,3039.94
9223,3695,19,1,301.26,0.2,241.01
9224,3695,51,3,29838.95,0.0,89516.85
9225,3696,31,3,440.79,0.0,1322.37
9226,3697,20,2,337.55,0.0,675.1
9227,3697,24,3,291.78,0.05,831.57
9228,3697,5,1,7323.99,0.05,6957.79
9229,3698,13,1,1356.94,0.0,1356.94
9230,3698,49,2,24383.87,0.05,46329.35
9231,3698,46,2,44103.32,0.2,70565.31
9232,3698,36,1,2924.06,0.0,2924.06
9233,3699,43,3,1480.37,0.0,4441.11
9234,3699,31,2,440.79,0.0,881.58
9235,3699,52,3,35725.17,0.1,96457.96
9236,3699,18,1,316.88,0.05,301.04
9237,3700,52,1,35725.17,0.1,32152.65
9238,3700,22,3,256.1,0.1,691.47
9239,3700,5,1,7323.99,0.0,7323.99
9240,3700,28,1,2077.38,0.0,2077.38
9241,3701,38,2,21688.29,0.0,43376.58
9242,3701,37,2,20338.2,0.1,36608.76
9243,3701,31,1,440.79,0.05,418.75
9244,3702,41,2,1458.5,0.0,2917.0
9245,3702,45,1,50632.32,0.0,50632.32
9246,3702,13,3,1356.94,0.0,4070.82
9247,3703,9,3,4533.34,0.0,13600.02
9248,3703,34,1,3937.59,0.1,3543.83
9249,3703,33,2,3763.53,0.0,7527.06
9250,3704,24,3,291.78,0.0,875.34
9251,3704,44,3,1675.89,0.05,4776.29
9252,3705,28,2,2077.38,0.05,3947.02
9253,3705,26,1,1412.65,0.0,1412.65
9254,3705,45,2,50632.32,0.0,101264.64
9255,3705,30,1,448.49,0.0,448.49
9256,3706,10,1,5058.33,0.0,5058.33
9257,3707,32,3,403.22,0.05,1149.18
9258,3708,44,1,1675.89,0.0,1675.89
9259,3708,28,2,2077.38,0.0,4154.76
9260,3709,13,3,1356.94,0.05,3867.28
9261,3709,44,2,1675.89,0.0,3351.78
9262,3709,15,2,1717.5,0.0,3435.0
9263,3709,30,1,448.49,0.0,448.49
9264,3710,37,2,20338.2,0.0,40676.4
9265,3710,13,1,1356.94,0.0,1356.94
9266,3710,50,1,32122.03,0.0,32122.03
9267,3710,19,3,301.26,0.0,903.78
9268,3711,19,2,301.26,0.0,602.52
9269,3711,46,3,44103.32,0.2,105847.97
9270,3711,51,2,29838.95,0.05,56694.0
9271,3711,43,2,1480.37,0.1,2664.67
9272,3712,16,1,1147.33,0.0,1147.33
9273,3712,44,1,1675.89,0.0,1675.89
9274,3712,5,3,7323.99,0.1,19774.77
9275,3712,1,3,4311.34,0.2,10347.22
9276,3713,12,2,5553.73,0.0,11107.46
9277,3713,15,2,1717.5,0.0,3435.0
9278,3714,40,2,16569.14,0.0,33138.28
9279,3714,31,1,440.79,0.0,440.79
9280,3714,36,1,2924.06,0.0,2924.06
9281,3714,9,2,4533.34,0.0,9066.68
9282,3715,10,2,5058.33,0.1,9104.99
9283,3715,46,3,44103.32,0.1,119078.96
9284,3716,41,1,1458.5,0.0,1458.5
9285,3716,46,2,44103.32,0.1,79385.98
9286,3716,43,3,1480.37,0.05,4219.05
9287,3717,1,1,4311.34,0.0,4311.34
9288,3718,23,3,381.96,0.05,1088.59
9289,3719,31,1,440.79,0.1,396.71
9290,3719,14,3,1335.52,0.0,4006.56
9291,3719,20,3,337.55,0.05,962.02
9292,3720,49,3,24383.87,0.0,73151.61
9293,3720,35,3,3039.94,0.0,9119.82
9294,3720,9,2,4533.34,0.0,9066.68
9295,3721,37,3,20338.2,0.05,57963.87
9296,3721,51,1,29838.95,0.1,26855.06
9297,3721,46,3,44103.32,0.0,132309.96
9298,3721,41,3,1458.5,0.0,4375.5
9299,3722,18,3,316.88,0.1,855.58
9300,3722,42,2,1783.38,0.2,2853.41
9301,3722,20,3,337.55,0.2,810.12
9302,3723,26,2,1412.65,0.1,2542.77
9303,3724,35,2,3039.94,0.0,6079.88
9304,3724,10,3,5058.33,0.0,15174.99
9305,3724,39,2,22252.18,0.0,44504.36
9306,3724,27,1,1246.0,0.0,1246.0
9307,3725,32,3,403.22,0.0,1209.66
9308,3726,51,1,29838.95,0.0,29838.95
9309,3726,17,2,425.94,0.0,851.88
9310,3726,48,3,48857.09,0.05,139242.71
9311,3727,39,2,22252.18,0.05,42279.14
9312,3727,42,2,1783.38,0.2,2853.41
9313,3728,38,1,21688.29,0.05,20603.88
9314,3728,20,3,337.55,0.05,962.02
9315,3729,30,1,448.49,0.0,448.49
9316,3730,17,1,425.94,0.1,383.35
9317,3730,41,2,1458.5,0.05,2771.15
9318,3730,11,2,4853.64,0.0,9707.28
9319,3730,13,2,1356.94,0.05,2578.19
9320,3731,4,3,4078.93,0.1,11013.11
9321,3731,47,2,32443.0,0.0,64886.0
9322,3731,49,1,24383.87,0.0,24383.87
9323,3731,16,3,1147.33,0.1,3097.79
9324,3732,4,3,4078.93,0.05,11624.95
9325,3732,40,3,16569.14,0.0,49707.42
9326,3733,49,1,24383.87,0.05,23164.68
9327,3733,20,3,337.55,0.0,1012.65
9328,3733,25,1,1719.78,0.0,1719.78
9329,3733,5,2,7323.99,0.0,14647.98
9330,3734,18,3,316.88,0.0,950.64
9331,3735,11,3,4853.64,0.0,14560.92
9332,3735,5,2,7323.99,0.0,14647.98
9333,3735,11,2,4853.64,0.0,9707.28
9334,3736,47,3,32443.0,0.0,97329.0
9335,3736,39,3,22252.18,0.0,66756.54
9336,3736,52,3,35725.17,0.05,101816.73
9337,3737,21,1,395.89,0.0,395.89
9338,3737,1,3,4311.34,0.0,12934.02
9339,3738,47,3,32443.0,0.0,97329.0
9340,3738,39,2,22252.18,0.05,42279.14
9341,3739,10,3,5058.33,0.2,12139.99
9342,3739,4,1,4078.93,0.1,3671.04
9343,3740,2,2,3911.93,0.0,7823.86
9344,3741,47,1,32443.0,0.0,32443.0
9345,3741,10,2,5058.33,0.0,10116.66
9346,3741,13,2,1356.94,0.0,2713.88
9347,3741,52,3,35725.17,0.0,107175.51
9348,3742,29,2,438.5,0.0,877.0
9349,3742,15,1,1717.5,0.0,1717.5
9350,3742,19,2,301.26,0.0,602.52
9351,3742,5,2,7323.99,0.05,13915.58
9352,3743,33,2,3763.53,0.2,6021.65
9353,3743,49,1,24383.87,0.05,23164.68
9354,3744,32,2,403.22,0.1,725.8
9355,3744,22,2,256.1,0.05,486.59
9356,3744,49,3,24383.87,0.05,69494.03
9357,3745,26,1,1412.65,0.1,1271.39
9358,3745,11,2,4853.64,0.1,8736.55
9359,3745,19,3,301.26,0.0,903.78
9360,3745,13,3,1356.94,0.1,3663.74
9361,3746,1,3,4311.34,0.0,12934.02
9362,3747,24,3,291.78,0.0,875.34
9363,3747,31,3,440.79,0.0,1322.37
9364,3747,16,3,1147.33,0.0,3441.99
9365,3748,51,3,29838.95,0.0,89516.85
9366,3748,25,3,1719.78,0.0,5159.34
9367,3749,12,1,5553.73,0.05,5276.04
9368,3749,31,2,440.79,0.05,837.5
9369,3750,4,1,4078.93,0.05,3874.98
9370,3750,17,3,425.94,0.0,1277.82
9371,3750,34,2,3937.59,0.1,7087.66
9372,3751,47,3,32443.0,0.1,87596.1
9373,3751,47,1,32443.0,0.2,25954.4
9374,3751,35,1,3039.94,0.05,2887.94
9375,3751,52,2,35725.17,0.1,64305.31
9376,3752,11,1,4853.64,0.0,4853.64
9377,3752,36,3,2924.06,0.1,7894.96
9378,3753,49,3,24383.87,0.0,73151.61
9379,3753,39,3,22252.18,0.05,63418.71
9380,3754,16,3,1147.33,0.2,2753.59
9381,3754,3,1,4598.39,0.0,4598.39
9382,3754,9,2,4533.34,0.0,9066.68
9383,3755,3,1,4598.39,0.05,4368.47
9384,3756,9,3,4533.34,0.0,13600.02
9385,3756,23,2,381.96,0.05,725.72
9386,3756,20,1,337.55,0.0,337.55
9387,3757,35,1,3039.94,0.0,3039.94
9388,3757,34,1,3937.59,0.0,3937.59
9389,3758,39,3,22252.18,0.0,66756.54
9390,3758,29,3,438.5,0.2,1052.4
9391,3758,40,2,16569.14,0.0,33138.28
9392,3758,36,3,2924.06,0.0,8772.18
9393,3759,49,2,24383.87,0.1,43890.97
9394,3760,21,1,395.89,0.0,395.89
9395,3760,49,1,24383.87,0.05,23164.68
9396,3760,9,1,4533.34,0.0,4533.34
9397,3761,19,3,301.26,0.2,723.02
9398,3761,13,3,1356.94,0.1,3663.74
9399,3761,3,2,4598.39,0.1,8277.1
9400,3761,35,2,3039.94,0.0,6079.88
9401,3762,28,3,2077.38,0.05,5920.53
9402,3762,41,3,1458.5,0.05,4156.72
9403,3762,43,1,1480.37,0.0,1480.37
9404,3762,23,3,381.96,0.0,1145.88
9405,3763,14,1,1335.52,0.0,1335.52
9406,3763,39,2,22252.18,0.0,44504.36
9407,3764,21,1,395.89,0.0,395.89
9408,3765,18,2,316.88,0.0,633.76
9409,3766,12,3,5553.73,0.0,16661.19
9410,3766,33,1,3763.53,0.0,3763.53
9411,3766,26,2,1412.65,0.2,2260.24
9412,3767,51,1,29838.95,0.05,28347.0
9413,3767,31,1,440.79,0.0,440.79
9414,3767,31,1,440.79,0.05,418.75
9415,3768,9,3,4533.34,0.0,13600.02
9416,3768,51,1,29838.95,0.1,26855.06
9417,3769,9,3,4533.34,0.1,12240.02
9418,3769,28,1,2077.38,0.05,1973.51
9419,3769,14,2,1335.52,0.0,2671.04
9420,3769,9,2,4533.34,0.0,9066.68
9421,3770,48,1,48857.09,0.05,46414.24
9422,3770,11,2,4853.64,0.2,7765.82
9423,3771,19,2,301.26,0.0,602.52
9424,3772,37,3,20338.2,0.0,61014.6
9425,3772,11,2,4853.64,0.05,9221.92
9426,3773,27,1,1246.0,0.2,996.8
9427,3774,6,2,8439.67,0.1,15191.41
9428,3775,23,2,381.96,0.05,725.72
9429,3775,7,2,11903.44,0.0,23806.88
9430,3776,41,1,1458.5,0.2,1166.8
9431,3777,41,3,1458.5,0.0,4375.5
9432,3777,46,2,44103.32,0.0,88206.64
9433,3777,42,1,1783.38,0.05,1694.21
9434,3777,19,2,301.26,0.05,572.39
9435,3778,19,3,301.26,0.1,813.4
9436,3778,11,1,4853.64,0.05,4610.96
9437,3778,25,3,1719.78,0.0,5159.34
9438,3779,10,2,5058.33,0.0,10116.66
9439,3780,35,1,3039.94,0.0,3039.94
9440,3780,15,3,1717.5,0.0,5152.5
9441,3781,15,3,1717.5,0.05,4894.88
9442,3781,24,2,291.78,0.0,583.56
9443,3781,6,3,8439.67,0.0,25319.01
9444,3782,49,3,24383.87,0.0,73151.61
9445,3783,19,1,301.26,0.05,286.2
9446,3783,41,2,1458.5,0.0,2917.0
9447,3784,21,1,395.89,0.0,395.89
9448,3785,39,3,22252.18,0.0,66756.54
9449,3785,31,2,440.79,0.1,793.42
9450,3785,12,1,5553.73,0.2,4442.98
9451,3786,27,1,1246.0,0.1,1121.4
9452,3787,38,2,21688.29,0.0,43376.58
9453,3787,10,1,5058.33,0.2,4046.66
9454,3787,13,3,1356.94,0.0,4070.82
9455,3788,9,3,4533.34,0.0,13600.02
9456,3788,27,1,1246.0,0.0,1246.0
9457,3788,41,3,1458.5,0.0,4375.5
9458,3789,42,3,1783.38,0.0,5350.14
9459,3789,26,2,1412.65,0.1,2542.77
9460,3789,50,2,32122.03,0.0,64244.06
9461,3790,21,3,395.89,0.0,1187.67
9462,3790,29,2,438.5,0.05,833.15
9463,3791,34,1,3937.59,0.1,3543.83
9464,3791,34,1,3937.59,0.0,3937.59
9465,3791,18,2,316.88,0.2,507.01
9466,3792,28,2,2077.38,0.0,4154.76
9467,3793,47,3,32443.0,0.2,77863.2
9468,3793,41,3,1458.5,0.0,4375.5
9469,3794,8,1,7478.19,0.1,6730.37
9470,3794,9,1,4533.34,0.1,4080.01
9471,3794,36,3,2924.06,0.0,8772.18
9472,3795,27,1,1246.0,0.0,1246.0
9473,3796,9,3,4533.34,0.1,12240.02
9474,3797,51,1,29838.95,0.0,29838.95
9475,3797,29,1,438.5,0.0,438.5
9476,3797,26,3,1412.65,0.0,4237.95
9477,3797,49,3,24383.87,0.0,73151.61
9478,3798,43,2,1480.37,0.05,2812.7
9479,3798,13,2,1356.94,0.0,2713.88
9480,3799,8,2,7478.19,0.0,14956.38
9481,3799,13,1,1356.94,0.0,1356.94
9482,3800,12,2,5553.73,0.1,9996.71
9483,3800,19,3,301.26,0.2,723.02
9484,3801,50,2,32122.03,0.05,61031.86
9485,3801,9,1,4533.34,0.0,4533.34
9486,3801,30,2,448.49,0.1,807.28
9487,3802,8,1,7478.19,0.0,7478.19
9488,3802,13,1,1356.94,0.0,1356.94
9489,3803,41,2,1458.5,0.0,2917.0
9490,3803,31,3,440.79,0.0,1322.37
9491,3803,42,1,1783.38,0.0,1783.38
9492,3803,4,2,4078.93,0.1,7342.07
9493,3804,24,3,291.78,0.2,700.27
9494,3804,41,2,1458.5,0.1,2625.3
9495,3804,1,3,4311.34,0.0,12934.02
9496,3804,7,1,11903.44,0.2,9522.75
9497,3805,36,2,2924.06,0.05,5555.71
9498,3805,52,1,35725.17,0.0,35725.17
9499,3805,45,1,50632.32,0.05,48100.7
9500,3805,26,3,1412.65,0.0,4237.95
9501,3806,32,3,403.22,0.0,1209.66
9502,3806,51,1,29838.95,0.05,28347.0
9503,3806,20,3,337.55,0.1,911.39
9504,3807,49,1,24383.87,0.1,21945.48
9505,3807,38,3,21688.29,0.05,61811.63
9506,3808,37,2,20338.2,0.2,32541.12
9507,3808,8,2,7478.19,0.0,14956.38
9508,3809,52,1,35725.17,0.0,35725.17
9509,3809,51,1,29838.95,0.0,29838.95
9510,3809,14,1,1335.52,0.1,1201.97
9511,3810,49,1,24383.87,0.05,23164.68
9512,3810,23,3,381.96,0.05,1088.59
9513,3811,24,1,291.78,0.0,291.78
9514,3811,36,2,2924.06,0.0,5848.12
9515,3811,25,3,1719.78,0.05,4901.37
9516,3811,5,2,7323.99,0.1,13183.18
9517,3812,38,1,21688.29,0.2,17350.63
9518,3812,38,1,21688.29,0.1,19519.46
9519,3812,46,1,44103.32,0.0,44103.32
9520,3812,6,2,8439.67,0.0,16879.34
9521,3813,13,2,1356.94,0.0,2713.88
9522,3813,12,1,5553.73,0.0,5553.73
9523,3813,44,2,1675.89,0.0,3351.78
9524,3814,34,1,3937.59,0.0,3937.59
9525,3815,32,2,403.22,0.0,806.44
9526,3815,38,3,21688.29,0.0,65064.87
9527,3816,45,1,50632.32,0.1,45569.09
9528,3817,2,2,3911.93,0.0,7823.86
9529,3818,32,1,403.22,0.1,362.9
9530,3818,14,3,1335.52,0.0,4006.56
9531,3819,52,1,35725.17,0.05,33938.91
9532,3819,38,1,21688.29,0.0,21688.29
9533,3819,36,3,2924.06,0.2,7017.74
9534,3819,19,2,301.26,0.0,602.52
9535,3820,27,2,1246.0,0.1,2242.8
9536,3820,47,1,32443.0,0.0,32443.0
9537,3820,6,3,8439.67,0.05,24053.06
9538,3820,39,1,22252.18,0.1,20026.96
9539,3821,3,2,4598.39,0.05,8736.94
9540,3822,45,2,50632.32,0.0,101264.64
9541,3822,34,2,3937.59,0.0,7875.18
9542,3822,15,3,1717.5,0.05,4894.88
9543,3823,26,3,1412.65,0.05,4026.05
9544,3823,28,1,2077.38,0.1,1869.64
9545,3823,52,3,35725.17,0.0,107175.51
9546,3824,38,1,21688.29,0.05,20603.88
9547,3824,19,1,301.26,0.0,301.26
9548,3824,40,3,16569.14,0.0,49707.42
9549,3824,6,2,8439.67,0.0,16879.34
9550,3825,14,3,1335.52,0.1,3605.9
9551,3826,39,3,22252.18,0.0,66756.54
9552,3827,31,1,440.79,0.1,396.71
9553,3828,38,3,21688.29,0.05,61811.63
9554,3829,23,2,381.96,0.0,763.92
9555,3829,15,3,1717.5,0.0,5152.5
9556,3829,3,1,4598.39,0.0,4598.39
9557,3830,8,3,7478.19,0.2,17947.66
9558,3831,38,1,21688.29,0.1,19519.46
9559,3831,44,2,1675.89,0.0,3351.78
9560,3832,8,2,7478.19,0.1,13460.74
9561,3832,44,3,1675.89,0.05,4776.29
9562,3832,42,3,1783.38,0.05,5082.63
9563,3833,45,1,50632.32,0.0,50632.32
9564,3833,24,1,291.78,0.05,277.19
9565,3834,48,1,48857.09,0.0,48857.09
9566,3834,14,3,1335.52,0.0,4006.56
9567,3835,38,3,21688.29,0.05,61811.63
9568,3835,42,3,1783.38,0.0,5350.14
9569,3835,4,2,4078.93,0.1,7342.07
9570,3835,42,1,1783.38,0.1,1605.04
9571,3836,52,3,35725.17,0.1,96457.96
9572,3836,14,2,1335.52,0.0,2671.04
9573,3836,42,2,1783.38,0.1,3210.08
9574,3836,21,2,395.89,0.0,791.78
9575,3837,29,1,438.5,0.0,438.5
9576,3838,26,1,1412.65,0.0,1412.65
9577,3838,39,3,22252.18,0.0,66756.54
9578,3838,6,2,8439.67,0.0,16879.34
9579,3838,14,3,1335.52,0.1,3605.9
9580,3839,38,1,21688.29,0.1,19519.46
9581,3839,46,3,44103.32,0.05,125694.46
9582,3839,11,1,4853.64,0.05,4610.96
9583,3839,40,1,16569.14,0.1,14912.23
9584,3840,31,3,440.79,0.0,1322.37
9585,3840,37,1,20338.2,0.0,20338.2
9586,3841,7,3,11903.44,0.0,35710.32
9587,3841,46,3,44103.32,0.05,125694.46
9588,3841,6,1,8439.67,0.05,8017.69
9589,3842,28,1,2077.38,0.1,1869.64
9590,3842,11,2,4853.64,0.0,9707.28
9591,3843,24,1,291.78,0.0,291.78
9592,3843,51,3,29838.95,0.0,89516.85
9593,3843,28,2,2077.38,0.0,4154.76
9594,3843,9,1,4533.34,0.1,4080.01
9595,3844,13,3,1356.94,0.05,3867.28
9596,3844,39,1,22252.18,0.05,21139.57
9597,3844,32,2,403.22,0.0,806.44
9598,3844,25,3,1719.78,0.1,4643.41
9599,3845,39,3,22252.18,0.0,66756.54
9600,3845,32,3,403.22,0.0,1209.66
9601,3845,21,3,395.89,0.1,1068.9
9602,3845,42,3,1783.38,0.1,4815.13
9603,3846,14,3,1335.52,0.0,4006.56
9604,3847,5,3,7323.99,0.05,20873.37
9605,3847,35,3,3039.94,0.05,8663.83
9606,3847,30,2,448.49,0.0,896.98
9607,3848,25,3,1719.78,0.0,5159.34
9608,3849,35,3,3039.94,0.0,9119.82
9609,3850,33,2,3763.53,0.0,7527.06
9610,3850,49,3,24383.87,0.05,69494.03
9611,3851,31,2,440.79,0.1,793.42
9612,3851,25,3,1719.78,0.05,4901.37
9613,3851,5,3,7323.99,0.0,21971.97
9614,3852,30,1,448.49,0.2,358.79
9615,3852,41,3,1458.5,0.1,3937.95
9616,3853,26,3,1412.65,0.1,3814.16
9617,3853,20,1,337.55,0.05,320.67
9618,3854,39,3,22252.18,0.0,66756.54
9619,3854,43,3,1480.37,0.0,4441.11
9620,3855,11,2,4853.64,0.0,9707.28
9621,3855,4,1,4078.93,0.0,4078.93
9622,3855,38,3,21688.29,0.1,58558.38
9623,3856,39,2,22252.18,0.0,44504.36
9624,3856,25,1,1719.78,0.0,1719.78
9625,3857,47,2,32443.0,0.0,64886.0
9626,3857,9,3,4533.34,0.0,13600.02
9627,3858,15,3,1717.5,0.0,5152.5
9628,3858,28,1,2077.38,0.0,2077.38
9629,3859,35,3,3039.94,0.0,9119.82
9630,3859,31,3,440.79,0.05,1256.25
9631,3860,4,3,4078.93,0.0,12236.79
9632,3860,27,3,1246.0,0.05,3551.1
9633,3861,4,2,4078.93,0.05,7749.97
9634,3861,20,3,337.55,0.0,1012.65
9635,3861,30,1,448.49,0.05,426.07
9636,3861,22,1,256.1,0.0,256.1
9637,3862,44,1,1675.89,0.0,1675.89
9638,3862,52,3,35725.17,0.05,101816.73
9639,3863,36,1,2924.06,0.0,2924.06
9640,3863,11,1,4853.64,0.0,4853.64
9641,3863,43,2,1480.37,0.1,2664.67
9642,3863,32,3,403.22,0.05,1149.18
9643,3864,28,3,2077.38,0.05,5920.53
9644,3864,25,3,1719.78,0.0,5159.34
9645,3864,10,3,5058.33,0.0,15174.99
9646,3865,3,3,4598.39,0.0,13795.17
9647,3865,1,3,4311.34,0.0,12934.02
9648,3866,6,3,8439.67,0.0,25319.01
9649,3867,49,1,24383.87,0.1,21945.48
9650,3867,1,2,4311.34,0.0,8622.68
9651,3867,9,1,4533.34,0.0,4533.34
9652,3867,10,2,5058.33,0.05,9610.83
9653,3868,20,3,337.55,0.0,1012.65
9654,3868,26,2,1412.65,0.2,2260.24
9655,3869,35,1,3039.94,0.05,2887.94
9656,3869,5,1,7323.99,0.0,7323.99
9657,3869,30,1,448.49,0.0,448.49
9658,3870,13,2,1356.94,0.05,2578.19
9659,3870,39,3,22252.18,0.0,66756.54
9660,3871,23,1,381.96,0.1,343.76
9661,3871,39,2,22252.18,0.0,44504.36
9662,3872,26,1,1412.65,0.0,1412.65
9663,3872,43,2,1480.37,0.0,2960.74
9664,3872,7,1,11903.44,0.0,11903.44
9665,3873,27,1,1246.0,0.05,1183.7
9666,3874,6,3,8439.67,0.0,25319.01
9667,3875,6,2,8439.67,0.0,16879.34
9668,3875,45,3,50632.32,0.0,151896.96
9669,3875,38,3,21688.29,0.0,65064.87
9670,3875,39,1,22252.18,0.0,22252.18
9671,3876,6,1,8439.67,0.0,8439.67
9672,3876,49,2,24383.87,0.0,48767.74
9673,3876,36,2,2924.06,0.0,5848.12
9674,3876,3,1,4598.39,0.05,4368.47
9675,3877,44,1,1675.89,0.0,1675.89
9676,3877,10,3,5058.33,0.0,15174.99
9677,3877,26,1,1412.65,0.1,1271.39
9678,3877,48,2,48857.09,0.05,92828.47
9679,3878,6,3,8439.67,0.0,25319.01
9680,3878,47,1,32443.0,0.0,32443.0
9681,3878,50,3,32122.03,0.0,96366.09
9682,3879,49,2,24383.87,0.1,43890.97
9683,3879,44,2,1675.89,0.1,3016.6
9684,3879,49,1,24383.87,0.0,24383.87
9685,3880,2,2,3911.93,0.2,6259.09
9686,3880,21,2,395.89,0.2,633.42
9687,3880,39,1,22252.18,0.0,22252.18
9688,3881,14,3,1335.52,0.1,3605.9
9689,3881,33,1,3763.53,0.0,3763.53
9690,3881,9,1,4533.34,0.0,4533.34
9691,3882,33,3,3763.53,0.05,10726.06
9692,3882,37,1,20338.2,0.1,18304.38
9693,3883,1,2,4311.34,0.1,7760.41
9694,3883,18,1,316.88,0.05,301.04
9695,3883,5,2,7323.99,0.05,13915.58
9696,3884,32,1,403.22,0.0,403.22
9697,3884,51,2,29838.95,0.0,59677.9
9698,3885,10,2,5058.33,0.0,10116.66
9699,3886,32,2,403.22,0.05,766.12
9700,3886,15,2,1717.5,0.1,3091.5
9701,3886,13,3,1356.94,0.2,3256.66
9702,3887,24,1,291.78,0.1,262.6
9703,3887,48,3,48857.09,0.05,139242.71
9704,3888,30,3,448.49,0.0,1345.47
9705,3888,35,1,3039.94,0.2,2431.95
9706,3888,7,1,11903.44,0.0,11903.44
9707,3889,9,1,4533.34,0.2,3626.67
9708,3890,48,3,48857.09,0.05,139242.71
9709,3890,33,1,3763.53,0.0,3763.53
9710,3891,8,1,7478.19,0.0,7478.19
9711,3891,9,1,4533.34,0.0,4533.34
9712,3891,43,3,1480.37,0.1,3997.0
9713,3891,50,1,32122.03,0.0,32122.03
9714,3892,5,2,7323.99,0.2,11718.38
9715,3892,34,2,3937.59,0.2,6300.14
9716,3892,40,1,16569.14,0.1,14912.23
9717,3892,25,3,1719.78,0.1,4643.41
9718,3893,32,3,403.22,0.0,1209.66
9719,3893,36,1,2924.06,0.1,2631.65
9720,3894,12,3,5553.73,0.05,15828.13
9721,3894,39,2,22252.18,0.0,44504.36
9722,3894,39,3,22252.18,0.0,66756.54
9723,3894,43,1,1480.37,0.0,1480.37
9724,3895,1,3,4311.34,0.0,12934.02
9725,3895,20,2,337.55,0.0,675.1
9726,3896,11,2,4853.64,0.0,9707.28
9727,3896,14,2,1335.52,0.0,2671.04
9728,3896,39,3,22252.18,0.0,66756.54
9729,3897,24,1,291.78,0.1,262.6
9730,3897,12,2,5553.73,0.05,10552.09
9731,3897,8,3,7478.19,0.0,22434.57
9732,3898,15,1,1717.5,0.0,1717.5
9733,3898,36,3,2924.06,0.05,8333.57
9734,3899,25,2,1719.78,0.0,3439.56
9735,3899,40,3,16569.14,0.0,49707.42
9736,3900,24,2,291.78,0.0,583.56
9737,3901,23,3,381.96,0.2,916.7
9738,3902,8,3,7478.19,0.0,22434.57
9739,3902,51,1,29838.95,0.05,28347.0
9740,3903,31,2,440.79,0.0,881.58
9741,3903,8,3,7478.19,0.1,20191.11
9742,3904,4,1,4078.93,0.1,3671.04
9743,3904,23,1,381.96,0.2,305.57
9744,3905,49,2,24383.87,0.2,39014.19
9745,3906,48,1,48857.09,0.05,46414.24
9746,3906,39,2,22252.18,0.0,44504.36
9747,3906,40,1,16569.14,0.0,16569.14
9748,3906,48,2,48857.09,0.2,78171.34
9749,3907,31,3,440.79,0.0,1322.37
9750,3907,33,2,3763.53,0.0,7527.06
9751,3907,51,1,29838.95,0.0,29838.95
9752,3908,3,2,4598.39,0.0,9196.78
9753,3908,4,2,4078.93,0.2,6526.29
9754,3908,3,3,4598.39,0.2,11036.14
9755,3908,28,1,2077.38,0.05,1973.51
9756,3909,19,1,301.26,0.05,286.2
9757,3909,48,2,48857.09,0.0,97714.18
9758,3910,18,1,316.88,0.2,253.5
9759,3910,7,1,11903.44,0.1,10713.1
9760,3911,51,3,29838.95,0.1,80565.17
9761,3912,48,3,48857.09,0.05,139242.71
9762,3912,7,3,11903.44,0.2,28568.26
9763,3912,8,3,7478.19,0.0,22434.57
9764,3912,32,1,403.22,0.1,362.9
9765,3913,33,3,3763.53,0.05,10726.06
9766,3913,2,2,3911.93,0.05,7432.67
9767,3914,6,1,8439.67,0.1,7595.7
9768,3914,31,1,440.79,0.0,440.79
9769,3914,8,3,7478.19,0.05,21312.84
9770,3915,5,1,7323.99,0.0,7323.99
9771,3915,8,1,7478.19,0.0,7478.19
9772,3916,24,2,291.78,0.0,583.56
9773,3916,28,2,2077.38,0.0,4154.76
9774,3916,5,2,7323.99,0.0,14647.98
9775,3916,46,2,44103.32,0.05,83796.31
9776,3917,4,3,4078.93,0.0,12236.79
9777,3917,1,3,4311.34,0.05,12287.32
9778,3918,41,1,1458.5,0.0,1458.5
9779,3919,28,3,2077.38,0.0,6232.14
9780,3919,8,2,7478.19,0.0,14956.38
9781,3920,18,1,316.88,0.05,301.04
9782,3920,10,2,5058.33,0.0,10116.66
9783,3921,49,3,24383.87,0.05,69494.03
9784,3922,41,3,1458.5,0.05,4156.72
9785,3922,48,3,48857.09,0.2,117257.02
9786,3922,52,1,35725.17,0.0,35725.17
9787,3923,35,3,3039.94,0.05,8663.83
9788,3924,1,2,4311.34,0.1,7760.41
9789,3924,3,1,4598.39,0.1,4138.55
9790,3924,9,2,4533.34,0.1,8160.01
9791,3925,30,1,448.49,0.0,448.49
9792,3925,41,2,1458.5,0.05,2771.15
9793,3925,35,1,3039.94,0.1,2735.95
9794,3925,17,2,425.94,0.0,851.88
9795,3926,46,2,44103.32,0.0,88206.64
9796,3926,46,2,44103.32,0.05,83796.31
9797,3926,14,1,1335.52,0.05,1268.74
9798,3927,50,1,32122.03,0.1,28909.83
9799,3927,20,3,337.55,0.05,962.02
9800,3927,13,1,1356.94,0.0,1356.94
9801,3928,17,3,425.94,0.0,1277.82
9802,3928,51,1,29838.95,0.2,23871.16
9803,3928,7,1,11903.44,0.05,11308.27
9804,3928,40,2,16569.14,0.0,33138.28
9805,3929,12,1,5553.73,0.0,5553.73
9806,3929,15,2,1717.5,0.2,2748.0
9807,3929,29,1,438.5,0.0,438.5
9808,3930,32,3,403.22,0.0,1209.66
9809,3930,15,2,1717.5,0.05,3263.25
9810,3930,29,1,438.5,0.1,394.65
9811,3931,22,2,256.1,0.0,512.2
9812,3931,24,2,291.78,0.0,583.56
9813,3931,16,3,1147.33,0.0,3441.99
9814,3932,3,1,4598.39,0.0,4598.39
9815,3932,19,3,301.26,0.1,813.4
9816,3932,23,3,381.96,0.0,1145.88
9817,3933,1,1,4311.34,0.0,4311.34
9818,3933,2,2,3911.93,0.0,7823.86
9819,3933,21,2,395.89,0.05,752.19
9820,3933,12,2,5553.73,0.0,11107.46
9821,3934,1,3,4311.34,0.2,10347.22
9822,3935,28,1,2077.38,0.0,2077.38
9823,3935,19,2,301.26,0.0,602.52
9824,3935,23,2,381.96,0.2,611.14
9825,3936,11,3,4853.64,0.0,14560.92
9826,3937,20,2,337.55,0.0,675.1
9827,3937,35,3,3039.94,0.0,9119.82
9828,3937,8,1,7478.19,0.0,7478.19
9829,3938,7,2,11903.44,0.1,21426.19
9830,3938,23,2,381.96,0.1,687.53
9831,3938,33,2,3763.53,0.0,7527.06
9832,3939,23,3,381.96,0.0,1145.88
9833,3940,42,3,1783.38,0.0,5350.14
9834,3941,4,3,4078.93,0.05,11624.95
9835,3942,5,2,7323.99,0.0,14647.98
9836,3942,41,1,1458.5,0.0,1458.5
9837,3943,2,3,3911.93,0.0,11735.79
9838,3943,16,2,1147.33,0.0,2294.66
9839,3943,50,1,32122.03,0.05,30515.93
9840,3943,35,3,3039.94,0.0,9119.82
9841,3944,47,2,32443.0,0.05,61641.7
9842,3945,30,2,448.49,0.2,717.58
9843,3945,6,1,8439.67,0.0,8439.67
9844,3946,52,3,35725.17,0.1,96457.96
9845,3946,26,1,1412.65,0.0,1412.65
9846,3946,43,3,1480.37,0.0,4441.11
9847,3947,35,3,3039.94,0.1,8207.84
9848,3947,6,1,8439.67,0.1,7595.7
9849,3947,38,2,21688.29,0.0,43376.58
9850,3948,13,3,1356.94,0.0,4070.82
9851,3949,11,3,4853.64,0.0,14560.92
9852,3949,20,2,337.55,0.1,607.59
9853,3950,17,1,425.94,0.0,425.94
9854,3951,41,3,1458.5,0.0,4375.5
9855,3951,10,1,5058.33,0.05,4805.41
9856,3951,43,1,1480.37,0.0,1480.37
9857,3952,2,2,3911.93,0.0,7823.86
9858,3952,34,3,3937.59,0.0,11812.77
9859,3953,32,2,403.22,0.0,806.44
9860,3954,43,1,1480.37,0.0,1480.37
9861,3954,29,3,438.5,0.0,1315.5
9862,3955,25,2,1719.78,0.05,3267.58
9863,3955,41,1,1458.5,0.0,1458.5
9864,3955,15,3,1717.5,0.1,4637.25
9865,3956,26,3,1412.65,0.1,3814.16
9866,3956,36,2,2924.06,0.05,5555.71
9867,3956,37,1,20338.2,0.1,18304.38
9868,3956,22,1,256.1,0.0,256.1
9869,3957,3,2,4598.39,0.05,8736.94
9870,3957,31,2,440.79,0.0,881.58
9871,3957,37,2,20338.2,0.2,32541.12
9872,3958,7,3,11903.44,0.05,33924.8
9873,3958,19,3,301.26,0.0,903.78
9874,3958,42,1,1783.38,0.0,1783.38
9875,3959,46,1,44103.32,0.0,44103.32
9876,3959,25,2,1719.78,0.0,3439.56
9877,3960,19,3,301.26,0.1,813.4
9878,3960,43,2,1480.37,0.1,2664.67
9879,3960,47,2,32443.0,0.0,64886.0
9880,3961,27,1,1246.0,0.0,1246.0
9881,3961,15,3,1717.5,0.2,4122.0
9882,3961,51,2,29838.95,0.05,56694.0
9883,3961,39,1,22252.18,0.1,20026.96
9884,3962,20,2,337.55,0.0,675.1
9885,3962,46,3,44103.32,0.2,105847.97
9886,3962,20,2,337.55,0.0,675.1
9887,3963,5,3,7323.99,0.0,21971.97
9888,3963,45,2,50632.32,0.1,91138.18
9889,3963,5,3,7323.99,0.2,17577.58
9890,3963,9,3,4533.34,0.05,12920.02
9891,3964,1,1,4311.34,0.2,3449.07
9892,3965,23,1,381.96,0.0,381.96
9893,3965,16,3,1147.33,0.0,3441.99
9894,3965,24,3,291.78,0.0,875.34
9895,3965,35,1,3039.94,0.0,3039.94
9896,3966,6,3,8439.67,0.2,20255.21
9897,3966,7,3,11903.44,0.2,28568.26
9898,3966,49,2,24383.87,0.05,46329.35
9899,3966,15,3,1717.5,0.0,5152.5
9900,3967,41,3,1458.5,0.05,4156.72
9901,3967,36,2,2924.06,0.0,5848.12
9902,3967,48,1,48857.09,0.0,48857.09
9903,3967,46,3,44103.32,0.0,132309.96
9904,3968,13,2,1356.94,0.0,2713.88
9905,3968,48,2,48857.09,0.0,97714.18
9906,3968,48,1,48857.09,0.05,46414.24
9907,3968,11,1,4853.64,0.05,4610.96
9908,3969,11,1,4853.64,0.0,4853.64
9909,3970,19,3,301.26,0.0,903.78
9910,3970,3,1,4598.39,0.0,4598.39
9911,3970,2,3,3911.93,0.0,11735.79
9912,3971,50,2,32122.03,0.0,64244.06
9913,3971,7,2,11903.44,0.0,23806.88
9914,3971,12,3,5553.73,0.0,16661.19
9915,3971,42,3,1783.38,0.0,5350.14
9916,3972,11,1,4853.64,0.1,4368.28
9917,3973,6,3,8439.67,0.1,22787.11
9918,3973,37,1,20338.2,0.0,20338.2
9919,3974,38,3,21688.29,0.0,65064.87
9920,3974,48,3,48857.09,0.0,146571.27
9921,3975,49,2,24383.87,0.2,39014.19
9922,3976,33,2,3763.53,0.0,7527.06
9923,3976,43,2,1480.37,0.05,2812.7
9924,3976,11,1,4853.64,0.1,4368.28
9925,3977,10,3,5058.33,0.1,13657.49
9926,3977,31,3,440.79,0.1,1190.13
9927,3977,25,3,1719.78,0.05,4901.37
9928,3978,20,1,337.55,0.1,303.8
9929,3979,3,2,4598.39,0.2,7357.42
9930,3980,4,1,4078.93,0.05,3874.98
9931,3981,22,2,256.1,0.05,486.59
9932,3981,23,3,381.96,0.05,1088.59
9933,3982,34,3,3937.59,0.0,11812.77
9934,3982,51,2,29838.95,0.0,59677.9
9935,3983,22,3,256.1,0.0,768.3
9936,3983,24,1,291.78,0.0,291.78
9937,3983,25,2,1719.78,0.05,3267.58
9938,3984,1,2,4311.34,0.1,7760.41
9939,3984,44,2,1675.89,0.0,3351.78
9940,3984,11,2,4853.64,0.0,9707.28
9941,3985,49,1,24383.87,0.05,23164.68
9942,3986,9,2,4533.34,0.1,8160.01
9943,3987,45,2,50632.32,0.0,101264.64
9944,3987,3,3,4598.39,0.2,11036.14
9945,3987,41,1,1458.5,0.0,1458.5
9946,3988,15,1,1717.5,0.05,1631.62
9947,3988,38,3,21688.29,0.2,52051.9
9948,3988,32,2,403.22,0.0,806.44
9949,3988,12,3,5553.73,0.1,14995.07
9950,3989,52,1,35725.17,0.0,35725.17
9951,3990,21,1,395.89,0.0,395.89
9952,3990,36,1,2924.06,0.05,2777.86
9953,3990,32,1,403.22,0.0,403.22
9954,3990,51,1,29838.95,0.0,29838.95
9955,3991,17,3,425.94,0.0,1277.82
9956,3991,21,1,395.89,0.0,395.89
9957,3992,52,3,35725.17,0.05,101816.73
9958,3992,24,3,291.78,0.2,700.27
9959,3992,1,1,4311.34,0.0,4311.34
9960,3993,19,2,301.26,0.05,572.39
9961,3993,2,3,3911.93,0.0,11735.79
9962,3993,25,2,1719.78,0.05,3267.58
9963,3993,11,2,4853.64,0.0,9707.28
9964,3994,9,2,4533.34,0.0,9066.68
9965,3994,33,2,3763.53,0.05,7150.71
9966,3994,15,2,1717.5,0.0,3435.0
9967,3994,43,2,1480.37,0.05,2812.7
9968,3995,4,2,4078.93,0.0,8157.86
9969,3995,9,3,4533.34,0.05,12920.02
9970,3995,3,3,4598.39,0.1,12415.65
9971,3995,47,3,32443.0,0.0,97329.0
9972,3996,13,1,1356.94,0.2,1085.55
9973,3996,40,3,16569.14,0.05,47222.05
9974,3996,46,2,44103.32,0.0,88206.64
9975,3996,28,2,2077.38,0.0,4154.76
9976,3997,44,3,1675.89,0.0,5027.67
9977,3997,44,1,1675.89,0.05,1592.1
9978,3997,9,3,4533.34,0.1,12240.02
9979,3997,37,1,20338.2,0.0,20338.2
9980,3998,18,2,316.88,0.05,602.07
9981,3998,18,2,316.88,0.0,633.76
9982,3998,3,3,4598.39,0.2,11036.14
9983,3998,15,2,1717.5,0.0,3435.0
9984,3999,8,3,7478.19,0.0,22434.57
9985,4000,43,3,1480.37,0.1,3997.0
9986,4000,13,3,1356.94,0.0,4070.82
9987,4001,50,3,32122.03,0.0,96366.09
9988,4001,33,3,3763.53,0.1,10161.53
9989,4001,15,2,1717.5,0.05,3263.25
9990,4002,34,2,3937.59,0.05,7481.42
9991,4002,25,2,1719.78,0.0,3439.56
9992,4002,37,1,20338.2,0.05,19321.29
9993,4003,21,1,395.89,0.0,395.89
9994,4003,21,2,395.89,0.0,791.78
9995,4003,10,3,5058.33,0.0,15174.99
9996,4003,51,1,29838.95,0.05,28347.0
9997,4004,1,2,4311.34,0.0,8622.68
9998,4005,16,2,1147.33,0.1,2065.19
9999,4005,44,3,1675.89,0.0,5027.67
10000,4005,45,3,50632.32,0.0,151896.96
10001,4005,22,1,256.1,0.0,256.1
10002,4006,34,3,3937.59,0.0,11812.77
10003,4006,24,2,291.78,0.0,583.56
10004,4006,6,3,8439.67,0.0,25319.01
10005,4007,21,1,395.89,0.0,395.89
10006,4008,1,3,4311.34,0.0,12934.02
10007,4008,35,3,3039.94,0.05,8663.83
10008,4008,38,2,21688.29,0.0,43376.58
10009,4008,22,1,256.1,0.0,256.1
10010,4009,5,3,7323.99,0.0,21971.97
10011,4009,6,2,8439.67,0.0,16879.34
10012,4009,19,3,301.26,0.0,903.78
10013,4009,17,2,425.94,0.1,766.69
10014,4010,10,2,5058.33,0.1,9104.99
10015,4010,13,3,1356.94,0.05,3867.28
10016,4010,33,1,3763.53,0.05,3575.35
10017,4011,10,3,5058.33,0.05,14416.24
10018,4011,38,3,21688.29,0.0,65064.87
10019,4011,45,3,50632.32,0.05,144302.11
10020,4012,16,2,1147.33,0.0,2294.66
10021,4012,41,2,1458.5,0.0,2917.0
10022,4012,23,3,381.96,0.0,1145.88
10023,4013,51,3,29838.95,0.0,89516.85
10024,4013,46,3,44103.32,0.0,132309.96
10025,4014,3,2,4598.39,0.0,9196.78
10026,4014,5,2,7323.99,0.05,13915.58
10027,4014,3,1,4598.39,0.0,4598.39
10028,4015,23,2,381.96,0.0,763.92
10029,4015,51,2,29838.95,0.0,59677.9
10030,4015,20,2,337.55,0.05,641.34
10031,4016,39,2,22252.18,0.0,44504.36
10032,4017,41,2,1458.5,0.2,2333.6
10033,4017,39,1,22252.18,0.05,21139.57
10034,4017,5,3,7323.99,0.0,21971.97
10035,4017,6,3,8439.67,0.0,25319.01
10036,4018,23,3,381.96,0.05,1088.59
10037,4018,18,3,316.88,0.05,903.11
10038,4018,3,1,4598.39,0.1,4138.55
10039,4018,1,3,4311.34,0.0,12934.02
10040,4019,32,1,403.22,0.05,383.06
10041,4019,40,2,16569.14,0.0,33138.28
10042,4019,9,3,4533.34,0.0,13600.02
10043,4019,23,3,381.96,0.0,1145.88
10044,4020,9,2,4533.34,0.1,8160.01
10045,4020,50,3,32122.03,0.1,86729.48
10046,4021,9,1,4533.34,0.2,3626.67
10047,4021,17,1,425.94,0.0,425.94
10048,4022,13,3,1356.94,0.0,4070.82
10049,4022,44,1,1675.89,0.1,1508.3
10050,4022,37,2,20338.2,0.0,40676.4
10051,4022,37,3,20338.2,0.0,61014.6
10052,4023,48,1,48857.09,0.05,46414.24
10053,4023,22,3,256.1,0.0,768.3
10054,4023,42,3,1783.38,0.1,4815.13
10055,4023,26,3,1412.65,0.05,4026.05
10056,4024,22,1,256.1,0.2,204.88
10057,4024,2,2,3911.93,0.0,7823.86
10058,4024,1,3,4311.34,0.1,11640.62
10059,4025,25,1,1719.78,0.2,1375.82
10060,4025,1,2,4311.34,0.1,7760.41
10061,4026,13,2,1356.94,0.05,2578.19
10062,4026,11,1,4853.64,0.05,4610.96
10063,4026,26,3,1412.65,0.0,4237.95
10064,4026,24,1,291.78,0.05,277.19
10065,4027,42,2,1783.38,0.05,3388.42
10066,4027,16,1,1147.33,0.0,1147.33
10067,4027,2,2,3911.93,0.0,7823.86
10068,4027,8,2,7478.19,0.0,14956.38
10069,4028,47,2,32443.0,0.0,64886.0
10070,4028,21,3,395.89,0.05,1128.29
10071,4028,2,1,3911.93,0.0,3911.93
10072,4029,52,2,35725.17,0.1,64305.31
10073,4029,13,3,1356.94,0.0,4070.82
10074,4029,2,3,3911.93,0.1,10562.21
10075,4030,38,2,21688.29,0.0,43376.58
10076,4030,21,1,395.89,0.0,395.89
10077,4030,31,2,440.79,0.0,881.58
10078,4030,26,3,1412.65,0.0,4237.95
10079,4031,32,3,403.22,0.2,967.73
10080,4032,20,1,337.55,0.1,303.8
10081,4032,4,1,4078.93,0.0,4078.93
10082,4033,36,3,2924.06,0.0,8772.18
10083,4033,23,3,381.96,0.0,1145.88
10084,4033,25,1,1719.78,0.05,1633.79
10085,4033,26,1,1412.65,0.2,1130.12
10086,4034,6,3,8439.67,0.0,25319.01
10087,4034,5,2,7323.99,0.05,13915.58
10088,4034,14,3,1335.52,0.05,3806.23
10089,4035,24,3,291.78,0.2,700.27
10090,4035,48,3,48857.09,0.0,146571.27
10091,4035,31,3,440.79,0.1,1190.13
10092,4035,20,2,337.55,0.0,675.1
10093,4036,7,2,11903.44,0.0,23806.88
10094,4036,25,2,1719.78,0.2,2751.65
10095,4036,14,1,1335.52,0.0,1335.52
10096,4037,13,3,1356.94,0.0,4070.82
10097,4037,13,3,1356.94,0.1,3663.74
10098,4038,42,2,1783.38,0.0,3566.76
10099,4038,1,1,4311.34,0.05,4095.77
10100,4038,19,2,301.26,0.0,602.52
10101,4038,45,1,50632.32,0.0,50632.32
10102,4039,19,1,301.26,0.0,301.26
10103,4039,11,2,4853.64,0.0,9707.28
10104,4039,18,2,316.88,0.0,633.76
10105,4040,37,2,20338.2,0.05,38642.58
10106,4040,18,2,316.88,0.0,633.76
10107,4040,38,1,21688.29,0.05,20603.88
10108,4041,33,1,3763.53,0.0,3763.53
10109,4041,52,2,35725.17,0.0,71450.34
10110,4041,17,3,425.94,0.0,1277.82
10111,4041,11,2,4853.64,0.2,7765.82
10112,4042,6,1,8439.67,0.0,8439.67
10113,4042,45,2,50632.32,0.0,101264.64
10114,4042,50,3,32122.03,0.0,96366.09
10115,4043,16,3,1147.33,0.1,3097.79
10116,4043,8,1,7478.19,0.0,7478.19
10117,4043,22,3,256.1,0.0,768.3
10118,4044,41,2,1458.5,0.0,2917.0
10119,4044,46,2,44103.32,0.1,79385.98
10120,4045,41,2,1458.5,0.2,2333.6
10121,4046,6,2,8439.67,0.0,16879.34
10122,4047,37,3,20338.2,0.05,57963.87
10123,4048,47,1,32443.0,0.0,32443.0
10124,4049,4,2,4078.93,0.0,8157.86
10125,4049,38,1,21688.29,0.0,21688.29
10126,4050,29,3,438.5,0.0,1315.5
10127,4050,50,1,32122.03,0.0,32122.03
10128,4050,2,3,3911.93,0.0,11735.79
10129,4050,39,2,22252.18,0.0,44504.36
10130,4051,12,3,5553.73,0.0,16661.19
10131,4051,20,3,337.55,0.05,962.02
10132,4051,39,1,22252.18,0.1,20026.96
10133,4052,45,1,50632.32,0.05,48100.7
10134,4052,3,1,4598.39,0.05,4368.47
10135,4052,36,1,2924.06,0.0,2924.06
10136,4053,21,2,395.89,0.05,752.19
10137,4053,39,2,22252.18,0.0,44504.36
10138,4054,52,3,35725.17,0.1,96457.96
10139,4054,14,3,1335.52,0.1,3605.9
10140,4054,4,3,4078.93,0.0,12236.79
10141,4054,48,1,48857.09,0.0,48857.09
10142,4055,12,1,5553.73,0.0,5553.73
10143,4055,42,3,1783.38,0.05,5082.63
10144,4056,32,2,403.22,0.1,725.8
10145,4056,43,1,1480.37,0.0,1480.37
10146,4056,33,1,3763.53,0.0,3763.53
10147,4056,23,3,381.96,0.05,1088.59
10148,4057,45,2,50632.32,0.0,101264.64
10149,4058,38,2,21688.29,0.1,39038.92
10150,4058,4,3,4078.93,0.0,12236.79
10151,4059,46,2,44103.32,0.2,70565.31
10152,4059,21,2,395.89,0.0,791.78
10153,4059,10,1,5058.33,0.1,4552.5
10154,4059,14,3,1335.52,0.0,4006.56
10155,4060,21,3,395.89,0.1,1068.9
10156,4061,40,2,16569.14,0.0,33138.28
10157,4062,24,2,291.78,0.0,583.56
10158,4062,26,2,1412.65,0.0,2825.3
10159,4062,37,1,20338.2,0.2,16270.56
10160,4063,45,1,50632.32,0.0,50632.32
10161,4064,41,3,1458.5,0.1,3937.95
10162,4064,33,3,3763.53,0.0,11290.59
10163,4064,28,2,2077.38,0.0,4154.76
10164,4064,16,1,1147.33,0.0,1147.33
10165,4065,6,3,8439.67,0.1,22787.11
10166,4065,16,1,1147.33,0.05,1089.96
10167,4065,16,1,1147.33,0.05,1089.96
10168,4065,18,2,316.88,0.0,633.76
10169,4066,32,1,403.22,0.05,383.06
10170,4066,3,1,4598.39,0.0,4598.39
10171,4066,15,2,1717.5,0.0,3435.0
10172,4066,20,1,337.55,0.0,337.55
10173,4067,27,1,1246.0,0.0,1246.0
10174,4068,8,1,7478.19,0.0,7478.19
10175,4068,9,1,4533.34,0.0,4533.34
10176,4068,6,1,8439.67,0.05,8017.69
10177,4068,10,2,5058.33,0.0,10116.66
10178,4069,22,3,256.1,0.0,768.3
10179,4069,37,1,20338.2,0.0,20338.2
10180,4070,7,3,11903.44,0.0,35710.32
10181,4070,32,3,403.22,0.0,1209.66
10182,4070,7,3,11903.44,0.2,28568.26
10183,4070,44,2,1675.89,0.0,3351.78
10184,4071,8,3,7478.19,0.0,22434.57
10185,4071,40,3,16569.14,0.0,49707.42
10186,4072,46,1,44103.32,0.1,39692.99
10187,4072,43,3,1480.37,0.1,3997.0
10188,4073,11,2,4853.64,0.0,9707.28
10189,4074,18,3,316.88,0.1,855.58
10190,4074,19,1,301.26,0.0,301.26
10191,4075,10,3,5058.33,0.0,15174.99
10192,4075,43,2,1480.37,0.0,2960.74
10193,4076,7,3,11903.44,0.0,35710.32
10194,4076,52,2,35725.17,0.0,71450.34
10195,4077,29,3,438.5,0.1,1183.95
10196,4077,36,1,2924.06,0.05,2777.86
10197,4077,9,1,4533.34,0.05,4306.67
10198,4077,9,2,4533.34,0.0,9066.68
10199,4078,34,3,3937.59,0.2,9450.22
10200,4078,22,2,256.1,0.05,486.59
10201,4079,1,3,4311.34,0.1,11640.62
10202,4079,26,3,1412.65,0.1,3814.16
10203,4079,45,1,50632.32,0.05,48100.7
10204,4079,52,1,35725.17,0.0,35725.17
10205,4080,2,3,3911.93,0.05,11149.0
10206,4080,24,3,291.78,0.0,875.34
10207,4080,33,2,3763.53,0.0,7527.06
10208,4081,20,1,337.55,0.1,303.8
10209,4082,23,1,381.96,0.05,362.86
10210,4082,10,3,5058.33,0.0,15174.99
10211,4083,17,2,425.94,0.0,851.88
10212,4084,44,1,1675.89,0.05,1592.1
10213,4085,12,3,5553.73,0.2,13328.95
10214,4085,40,2,16569.14,0.1,29824.45
10215,4086,10,3,5058.33,0.2,12139.99
10216,4086,28,1,2077.38,0.05,1973.51
10217,4087,21,3,395.89,0.0,1187.67
10218,4087,34,2,3937.59,0.0,7875.18
10219,4088,23,3,381.96,0.0,1145.88
10220,4088,8,1,7478.19,0.1,6730.37
10221,4088,1,2,4311.34,0.0,8622.68
10222,4088,38,3,21688.29,0.0,65064.87
10223,4089,47,2,32443.0,0.05,61641.7
10224,4089,37,2,20338.2,0.2,32541.12
10225,4089,48,2,48857.09,0.0,97714.18
10226,4090,15,1,1717.5,0.0,1717.5
10227,4091,30,1,448.49,0.0,448.49
10228,4092,8,1,7478.19,0.0,7478.19
10229,4093,35,3,3039.94,0.0,9119.82
10230,4094,39,3,22252.18,0.2,53405.23
10231,4094,17,3,425.94,0.2,1022.26
10232,4095,23,1,381.96,0.2,305.57
10233,4096,27,2,1246.0,0.1,2242.8
10234,4096,4,1,4078.93,0.05,3874.98
10235,4097,1,2,4311.34,0.0,8622.68
10236,4097,40,1,16569.14,0.1,14912.23
10237,4097,46,3,44103.32,0.0,132309.96
10238,4098,35,3,3039.94,0.0,9119.82
10239,4099,33,2,3763.53,0.05,7150.71
10240,4100,20,2,337.55,0.2,540.08
10241,4100,22,3,256.1,0.0,768.3
10242,4100,16,1,1147.33,0.1,1032.6
10243,4100,5,2,7323.99,0.0,14647.98
10244,4101,36,3,2924.06,0.0,8772.18
10245,4101,44,3,1675.89,0.0,5027.67
10246,4101,35,1,3039.94,0.0,3039.94
10247,4101,10,3,5058.33,0.0,15174.99
10248,4102,16,3,1147.33,0.0,3441.99
10249,4103,52,1,35725.17,0.0,35725.17
10250,4103,5,2,7323.99,0.0,14647.98
10251,4103,41,2,1458.5,0.0,2917.0
10252,4104,44,1,1675.89,0.0,1675.89
10253,4104,33,3,3763.53,0.0,11290.59
10254,4104,38,3,21688.29,0.0,65064.87
10255,4105,52,2,35725.17,0.1,64305.31
10256,4106,15,3,1717.5,0.0,5152.5
10257,4106,51,3,29838.95,0.2,71613.48
10258,4106,17,1,425.94,0.0,425.94
10259,4107,10,2,5058.33,0.0,10116.66
10260,4107,12,1,5553.73,0.0,5553.73
10261,4107,28,3,2077.38,0.1,5608.93
10262,4108,6,3,8439.67,0.0,25319.01
10263,4108,9,3,4533.34,0.0,13600.02
10264,4109,35,2,3039.94,0.1,5471.89
10265,4109,38,1,21688.29,0.05,20603.88
10266,4110,23,1,381.96,0.1,343.76
10267,4110,11,2,4853.64,0.0,9707.28
10268,4110,15,2,1717.5,0.2,2748.0
10269,4111,2,3,3911.93,0.0,11735.79
10270,4111,49,2,24383.87,0.05,46329.35
10271,4111,28,3,2077.38,0.05,5920.53
10272,4112,37,2,20338.2,0.0,40676.4
10273,4113,39,3,22252.18,0.0,66756.54
10274,4114,13,2,1356.94,0.1,2442.49
10275,4114,2,3,3911.93,0.05,11149.0
10276,4115,3,1,4598.39,0.1,4138.55
10277,4115,48,2,48857.09,0.0,97714.18
10278,4115,46,3,44103.32,0.0,132309.96
10279,4115,10,3,5058.33,0.05,14416.24
10280,4116,2,3,3911.93,0.0,11735.79
10281,4116,10,1,5058.33,0.0,5058.33
10282,4116,29,1,438.5,0.0,438.5
10283,4117,38,1,21688.29,0.0,21688.29
10284,4118,2,2,3911.93,0.0,7823.86
10285,4118,28,1,2077.38,0.0,2077.38
10286,4119,2,2,3911.93,0.05,7432.67
10287,4120,17,2,425.94,0.2,681.5
10288,4120,37,1,20338.2,0.05,19321.29
10289,4121,22,1,256.1,0.0,256.1
10290,4121,51,2,29838.95,0.0,59677.9
10291,4122,35,2,3039.94,0.0,6079.88
10292,4122,49,3,24383.87,0.0,73151.61
10293,4123,14,1,1335.52,0.0,1335.52
10294,4124,3,3,4598.39,0.05,13105.41
10295,4124,31,1,440.79,0.1,396.71
10296,4124,15,1,1717.5,0.0,1717.5
10297,4125,11,1,4853.64,0.0,4853.64
10298,4126,12,1,5553.73,0.0,5553.73
10299,4126,14,3,1335.52,0.0,4006.56
10300,4127,4,3,4078.93,0.0,12236.79
10301,4127,34,1,3937.59,0.0,3937.59
10302,4127,52,2,35725.17,0.0,71450.34
10303,4127,40,2,16569.14,0.0,33138.28
10304,4128,4,2,4078.93,0.05,7749.97
10305,4128,11,3,4853.64,0.1,13104.83
10306,4129,30,1,448.49,0.1,403.64
10307,4130,52,3,35725.17,0.0,107175.51
10308,4130,18,2,316.88,0.0,633.76
10309,4130,49,3,24383.87,0.0,73151.61
10310,4130,31,2,440.79,0.0,881.58
10311,4131,12,2,5553.73,0.0,11107.46
10312,4132,36,1,2924.06,0.0,2924.06
10313,4133,14,3,1335.52,0.0,4006.56
10314,4133,17,1,425.94,0.05,404.64
10315,4133,9,1,4533.34,0.0,4533.34
10316,4134,38,1,21688.29,0.0,21688.29
10317,4135,46,3,44103.32,0.2,105847.97
10318,4135,30,3,448.49,0.05,1278.2
10319,4135,11,3,4853.64,0.05,13832.87
10320,4136,29,1,438.5,0.0,438.5
10321,4136,18,2,316.88,0.0,633.76
10322,4136,33,1,3763.53,0.1,3387.18
10323,4137,1,1,4311.34,0.0,4311.34
10324,4137,49,2,24383.87,0.0,48767.74
10325,4138,39,2,22252.18,0.05,42279.14
10326,4138,51,1,29838.95,0.1,26855.06
10327,4139,37,2,20338.2,0.0,40676.4
10328,4139,6,3,8439.67,0.0,25319.01
10329,4139,27,1,1246.0,0.1,1121.4
10330,4140,5,2,7323.99,0.0,14647.98
10331,4140,9,3,4533.34,0.05,12920.02
10332,4141,10,1,5058.33,0.0,5058.33
10333,4142,16,3,1147.33,0.05,3269.89
10334,4142,46,2,44103.32,0.0,88206.64
10335,4142,21,1,395.89,0.0,395.89
10336,4142,19,2,301.26,0.0,602.52
10337,4143,23,1,381.96,0.05,362.86
10338,4143,48,3,48857.09,0.0,146571.27
10339,4143,25,2,1719.78,0.05,3267.58
10340,4143,47,1,32443.0,0.0,32443.0
10341,4144,21,1,395.89,0.05,376.1
10342,4145,42,2,1783.38,0.05,3388.42
10343,4146,40,3,16569.14,0.05,47222.05
10344,4146,29,2,438.5,0.05,833.15
10345,4147,21,3,395.89,0.0,1187.67
10346,4147,47,1,32443.0,0.1,29198.7
10347,4147,20,3,337.55,0.0,1012.65
10348,4148,44,2,1675.89,0.0,3351.78
10349,4148,21,2,395.89,0.1,712.6
10350,4148,40,2,16569.14,0.1,29824.45
10351,4148,52,3,35725.17,0.1,96457.96
10352,4149,51,2,29838.95,0.1,53710.11
10353,4149,12,2,5553.73,0.1,9996.71
10354,4149,38,3,21688.29,0.1,58558.38
10355,4149,18,2,316.88,0.0,633.76
10356,4150,3,3,4598.39,0.0,13795.17
10357,4150,8,1,7478.19,0.0,7478.19
10358,4151,31,3,440.79,0.1,1190.13
10359,4151,39,2,22252.18,0.1,40053.92
10360,4151,42,2,1783.38,0.0,3566.76
10361,4151,28,2,2077.38,0.0,4154.76
10362,4152,40,3,16569.14,0.1,44736.68
10363,4152,48,1,48857.09,0.05,46414.24
10364,4152,10,2,5058.33,0.0,10116.66
10365,4153,31,1,440.79,0.0,440.79
10366,4153,22,2,256.1,0.0,512.2
10367,4154,9,2,4533.34,0.05,8613.35
10368,4154,24,1,291.78,0.1,262.6
10369,4154,31,2,440.79,0.05,837.5
10370,4154,41,3,1458.5,0.05,4156.72
10371,4155,35,2,3039.94,0.2,4863.9
10372,4156,11,2,4853.64,0.1,8736.55
10373,4156,24,1,291.78,0.05,277.19
10374,4156,48,1,48857.09,0.05,46414.24
10375,4157,22,3,256.1,0.0,768.3
10376,4157,31,2,440.79,0.05,837.5
10377,4157,47,1,32443.0,0.0,32443.0
10378,4158,44,2,1675.89,0.05,3184.19
10379,4158,41,2,1458.5,0.2,2333.6
10380,4158,42,1,1783.38,0.1,1605.04
10381,4159,25,3,1719.78,0.05,4901.37
10382,4159,31,3,440.79,0.0,1322.37
10383,4159,50,2,32122.03,0.0,64244.06
10384,4160,33,1,3763.53,0.2,3010.82
10385,4161,17,2,425.94,0.2,681.5
10386,4161,49,2,24383.87,0.05,46329.35
10387,4161,30,1,448.49,0.0,448.49
10388,4162,3,1,4598.39,0.0,4598.39
10389,4162,21,3,395.89,0.1,1068.9
10390,4162,9,1,4533.34,0.0,4533.34
10391,4162,21,1,395.89,0.05,376.1
10392,4163,12,1,5553.73,0.0,5553.73
10393,4163,42,2,1783.38,0.0,3566.76
10394,4164,25,2,1719.78,0.0,3439.56
10395,4164,1,2,4311.34,0.0,8622.68
10396,4164,39,3,22252.18,0.0,66756.54
10397,4165,28,3,2077.38,0.1,5608.93
10398,4166,36,1,2924.06,0.0,2924.06
10399,4167,51,1,29838.95,0.05,28347.0
10400,4168,16,2,1147.33,0.05,2179.93
10401,4168,50,1,32122.03,0.0,32122.03
10402,4168,29,1,438.5,0.05,416.58
10403,4168,40,2,16569.14,0.0,33138.28
10404,4169,29,1,438.5,0.1,394.65
10405,4169,21,1,395.89,0.0,395.89
10406,4170,41,1,1458.5,0.2,1166.8
10407,4170,27,3,1246.0,0.0,3738.0
10408,4171,48,1,48857.09,0.05,46414.24
10409,4171,44,3,1675.89,0.05,4776.29
10410,4171,4,3,4078.93,0.05,11624.95
10411,4172,37,3,20338.2,0.0,61014.6
10412,4173,6,3,8439.67,0.0,25319.01
10413,4173,17,1,425.94,0.0,425.94
10414,4174,31,3,440.79,0.0,1322.37
10415,4175,52,1,35725.17,0.0,35725.17
10416,4175,16,2,1147.33,0.0,2294.66
10417,4175,28,1,2077.38,0.1,1869.64
10418,4176,21,3,395.89,0.0,1187.67
10419,4176,40,1,16569.14,0.2,13255.31
10420,4176,24,1,291.78,0.05,277.19
10421,4176,35,3,3039.94,0.0,9119.82
10422,4177,6,3,8439.67,0.1,22787.11
10423,4177,10,2,5058.33,0.0,10116.66
10424,4177,35,1,3039.94,0.1,2735.95
10425,4178,35,2,3039.94,0.0,6079.88
10426,4179,28,1,2077.38,0.05,1973.51
10427,4180,1,2,4311.34,0.0,8622.68
10428,4181,47,3,32443.0,0.05,92462.55
10429,4181,29,2,438.5,0.05,833.15
10430,4181,52,1,35725.17,0.0,35725.17
10431,4181,22,2,256.1,0.1,460.98
10432,4182,13,2,1356.94,0.05,2578.19
10433,4182,19,1,301.26,0.1,271.13
10434,4183,52,3,35725.17,0.2,85740.41
10435,4183,12,2,5553.73,0.1,9996.71
10436,4183,30,3,448.49,0.0,1345.47
10437,4184,10,1,5058.33,0.0,5058.33
10438,4184,13,2,1356.94,0.2,2171.1
10439,4185,34,2,3937.59,0.0,7875.18
10440,4186,19,1,301.26,0.1,271.13
10441,4186,3,2,4598.39,0.0,9196.78
10442,4186,45,1,50632.32,0.05,48100.7
10443,4187,47,1,32443.0,0.2,25954.4
10444,4187,34,3,3937.59,0.05,11222.13
10445,4187,41,3,1458.5,0.05,4156.72
10446,4188,38,2,21688.29,0.05,41207.75
10447,4188,25,1,1719.78,0.0,1719.78
10448,4188,8,1,7478.19,0.0,7478.19
10449,4188,29,2,438.5,0.05,833.15
10450,4189,34,1,3937.59,0.0,3937.59
10451,4190,47,3,32443.0,0.0,97329.0
10452,4190,15,3,1717.5,0.0,5152.5
10453,4190,42,3,1783.38,0.0,5350.14
10454,4190,18,2,316.88,0.1,570.38
10455,4191,36,3,2924.06,0.2,7017.74
10456,4191,34,3,3937.59,0.0,11812.77
10457,4191,18,1,316.88,0.05,301.04
10458,4192,13,2,1356.94,0.0,2713.88
10459,4193,26,2,1412.65,0.0,2825.3
10460,4193,23,1,381.96,0.1,343.76
10461,4193,5,2,7323.99,0.1,13183.18
10462,4194,12,3,5553.73,0.0,16661.19
10463,4195,49,3,24383.87,0.0,73151.61
10464,4196,21,1,395.89,0.0,395.89
10465,4196,41,3,1458.5,0.0,4375.5
10466,4197,9,1,4533.34,0.1,4080.01
10467,4197,16,3,1147.33,0.0,3441.99
10468,4198,40,2,16569.14,0.0,33138.28
10469,4198,16,1,1147.33,0.05,1089.96
10470,4198,12,1,5553.73,0.0,5553.73
10471,4198,28,2,2077.38,0.05,3947.02
10472,4199,4,2,4078.93,0.05,7749.97
10473,4199,4,2,4078.93,0.0,8157.86
10474,4199,31,1,440.79,0.0,440.79
10475,4199,15,2,1717.5,0.0,3435.0
10476,4200,45,2,50632.32,0.0,101264.64
10477,4200,24,3,291.78,0.1,787.81
10478,4200,51,3,29838.95,0.0,89516.85
10479,4201,3,1,4598.39,0.05,4368.47
10480,4201,50,2,32122.03,0.0,64244.06
10481,4201,19,3,301.26,0.1,813.4
10482,4202,26,1,1412.65,0.0,1412.65
10483,4202,20,2,337.55,0.0,675.1
10484,4202,6,2,8439.67,0.2,13503.47
10485,4203,37,1,20338.2,0.05,19321.29
10486,4203,4,2,4078.93,0.1,7342.07
10487,4204,49,3,24383.87,0.1,65836.45
10488,4204,10,1,5058.33,0.0,5058.33
10489,4204,32,2,403.22,0.05,766.12
10490,4205,24,3,291.78,0.0,875.34
10491,4206,22,1,256.1,0.05,243.3
10492,4206,16,3,1147.33,0.0,3441.99
10493,4206,3,2,4598.39,0.0,9196.78
10494,4206,52,1,35725.17,0.1,32152.65
10495,4207,30,1,448.49,0.0,448.49
10496,4207,39,2,22252.18,0.0,44504.36
10497,4207,31,1,440.79,0.0,440.79
10498,4207,11,3,4853.64,0.2,11648.74
10499,4208,10,3,5058.33,0.0,15174.99
10500,4208,23,2,381.96,0.2,611.14
10501,4208,18,1,316.88,0.05,301.04
10502,4209,18,2,316.88,0.05,602.07
10503,4209,44,3,1675.89,0.1,4524.9
10504,4209,5,1,7323.99,0.0,7323.99
10505,4209,4,1,4078.93,0.0,4078.93
10506,4210,24,2,291.78,0.0,583.56
10507,4210,26,1,1412.65,0.0,1412.65
10508,4210,49,1,24383.87,0.1,21945.48
10509,4211,41,2,1458.5,0.0,2917.0
10510,4212,26,3,1412.65,0.0,4237.95
10511,4212,39,2,22252.18,0.2,35603.49
10512,4212,28,2,2077.38,0.0,4154.76
10513,4212,25,3,1719.78,0.0,5159.34
10514,4213,51,2,29838.95,0.0,59677.9
10515,4213,47,2,32443.0,0.0,64886.0
10516,4213,23,2,381.96,0.05,725.72
10517,4214,26,3,1412.65,0.1,3814.16
10518,4214,40,1,16569.14,0.0,16569.14
10519,4214,41,1,1458.5,0.0,1458.5
10520,4214,28,2,2077.38,0.05,3947.02
10521,4215,35,1,3039.94,0.1,2735.95
10522,4216,36,2,2924.06,0.0,5848.12
10523,4216,12,3,5553.73,0.0,16661.19
10524,4217,33,2,3763.53,0.0,7527.06
10525,4218,17,3,425.94,0.0,1277.82
10526,4218,40,3,16569.14,0.1,44736.68
10527,4219,34,1,3937.59,0.05,3740.71
10528,4219,47,1,32443.0,0.05,30820.85
10529,4219,45,3,50632.32,0.0,151896.96
10530,4220,15,3,1717.5,0.0,5152.5
10531,4220,40,2,16569.14,0.0,33138.28
10532,4220,39,2,22252.18,0.0,44504.36
10533,4220,8,1,7478.19,0.2,5982.55
10534,4221,8,3,7478.19,0.05,21312.84
10535,4221,32,2,403.22,0.05,766.12
10536,4221,3,1,4598.39,0.0,4598.39
10537,4222,5,2,7323.99,0.0,14647.98
10538,4222,36,2,2924.06,0.0,5848.12
10539,4223,36,1,2924.06,0.0,2924.06
10540,4223,2,1,3911.93,0.05,3716.33
10541,4223,45,1,50632.32,0.05,48100.7
10542,4224,30,1,448.49,0.0,448.49
10543,4224,8,3,7478.19,0.0,22434.57
10544,4225,28,3,2077.38,0.05,5920.53
10545,4225,36,2,2924.06,0.1,5263.31
10546,4226,28,3,2077.38,0.0,6232.14
10547,4227,26,2,1412.65,0.2,2260.24
10548,4228,37,2,20338.2,0.05,38642.58
10549,4228,25,3,1719.78,0.0,5159.34
10550,4228,38,1,21688.29,0.1,19519.46
10551,4228,28,1,2077.38,0.1,1869.64
10552,4229,47,1,32443.0,0.1,29198.7
10553,4229,8,2,7478.19,0.0,14956.38
10554,4230,13,2,1356.94,0.05,2578.19
10555,4231,37,3,20338.2,0.0,61014.6
10556,4231,25,1,1719.78,0.2,1375.82
10557,4232,25,1,1719.78,0.0,1719.78
10558,4232,23,1,381.96,0.0,381.96
10559,4232,21,1,395.89,0.0,395.89
10560,4233,47,3,32443.0,0.05,92462.55
10561,4233,27,2,1246.0,0.0,2492.0
10562,4233,3,3,4598.39,0.1,12415.65
10563,4234,4,1,4078.93,0.0,4078.93
10564,4234,4,3,4078.93,0.0,12236.79
10565,4234,20,3,337.55,0.1,911.39
10566,4234,33,1,3763.53,0.05,3575.35
10567,4235,39,2,22252.18,0.2,35603.49
10568,4235,2,3,3911.93,0.0,11735.79
10569,4235,39,3,22252.18,0.1,60080.89
10570,4235,48,3,48857.09,0.05,139242.71
10571,4236,7,2,11903.44,0.0,23806.88
10572,4236,19,3,301.26,0.0,903.78
10573,4237,1,2,4311.34,0.0,8622.68
10574,4237,32,2,403.22,0.0,806.44
10575,4237,4,3,4078.93,0.0,12236.79
10576,4238,22,3,256.1,0.0,768.3
10577,4238,32,1,403.22,0.0,403.22
10578,4238,24,1,291.78,0.1,262.6
10579,4239,40,1,16569.14,0.1,14912.23
10580,4239,51,1,29838.95,0.05,28347.0
10581,4239,10,3,5058.33,0.0,15174.99
10582,4240,30,1,448.49,0.0,448.49
10583,4241,14,1,1335.52,0.1,1201.97
10584,4241,30,3,448.49,0.0,1345.47
10585,4242,23,1,381.96,0.1,343.76
10586,4242,39,2,22252.18,0.0,44504.36
10587,4242,40,1,16569.14,0.05,15740.68
10588,4242,5,3,7323.99,0.0,21971.97
10589,4243,36,3,2924.06,0.0,8772.18
10590,4243,26,2,1412.65,0.0,2825.3
10591,4243,36,2,2924.06,0.1,5263.31
10592,4244,47,1,32443.0,0.0,32443.0
10593,4244,4,2,4078.93,0.0,8157.86
10594,4244,13,3,1356.94,0.0,4070.82
10595,4244,42,1,1783.38,0.2,1426.7
10596,4245,39,1,22252.18,0.0,22252.18
10597,4245,23,3,381.96,0.1,1031.29
10598,4246,18,3,316.88,0.2,760.51
10599,4246,3,3,4598.39,0.1,12415.65
10600,4246,8,3,7478.19,0.1,20191.11
10601,4247,10,3,5058.33,0.1,13657.49
10602,4247,45,2,50632.32,0.0,101264.64
10603,4248,41,2,1458.5,0.0,2917.0
10604,4248,40,3,16569.14,0.0,49707.42
10605,4248,16,1,1147.33,0.0,1147.33
10606,4249,36,2,2924.06,0.0,5848.12
10607,4249,10,3,5058.33,0.0,15174.99
10608,4249,26,1,1412.65,0.05,1342.02
10609,4250,17,2,425.94,0.1,766.69
10610,4250,7,2,11903.44,0.0,23806.88
10611,4250,24,1,291.78,0.0,291.78
10612,4251,16,3,1147.33,0.05,3269.89
10613,4251,4,2,4078.93,0.2,6526.29
10614,4251,7,2,11903.44,0.05,22616.54
10615,4251,12,3,5553.73,0.0,16661.19
10616,4252,36,3,2924.06,0.1,7894.96
10617,4252,35,3,3039.94,0.0,9119.82
10618,4253,12,1,5553.73,0.1,4998.36
10619,4253,23,1,381.96,0.0,381.96
10620,4253,49,3,24383.87,0.0,73151.61
10621,4254,19,1,301.26,0.0,301.26
10622,4255,9,1,4533.34,0.05,4306.67
10623,4255,8,3,7478.19,0.1,20191.11
10624,4255,11,2,4853.64,0.0,9707.28
10625,4256,13,3,1356.94,0.0,4070.82
10626,4256,51,2,29838.95,0.05,56694.0
10627,4257,12,3,5553.73,0.0,16661.19
10628,4257,39,1,22252.18,0.0,22252.18
10629,4257,20,1,337.55,0.0,337.55
10630,4258,44,1,1675.89,0.0,1675.89
10631,4258,47,2,32443.0,0.05,61641.7
10632,4258,32,1,403.22,0.1,362.9
10633,4259,2,3,3911.93,0.05,11149.0
10634,4260,16,3,1147.33,0.0,3441.99
10635,4261,49,3,24383.87,0.0,73151.61
10636,4261,35,2,3039.94,0.1,5471.89
10637,4261,25,1,1719.78,0.05,1633.79
10638,4262,18,3,316.88,0.0,950.64
10639,4262,18,1,316.88,0.1,285.19
10640,4263,32,2,403.22,0.0,806.44
10641,4263,32,1,403.22,0.0,403.22
10642,4264,45,1,50632.32,0.0,50632.32
10643,4264,40,1,16569.14,0.1,14912.23
10644,4265,38,1,21688.29,0.05,20603.88
10645,4265,40,2,16569.14,0.1,29824.45
10646,4265,16,1,1147.33,0.1,1032.6
10647,4265,3,1,4598.39,0.0,4598.39
10648,4266,24,3,291.78,0.0,875.34
10649,4266,24,2,291.78,0.05,554.38
10650,4267,18,2,316.88,0.0,633.76
10651,4267,51,3,29838.95,0.05,85041.01
10652,4267,30,3,448.49,0.0,1345.47
10653,4267,49,1,24383.87,0.0,24383.87
10654,4268,1,3,4311.34,0.1,11640.62
10655,4268,29,2,438.5,0.1,789.3
10656,4268,33,2,3763.53,0.0,7527.06
10657,4268,9,3,4533.34,0.0,13600.02
10658,4269,30,1,448.49,0.0,448.49
10659,4269,19,3,301.26,0.0,903.78
10660,4269,37,2,20338.2,0.0,40676.4
10661,4270,46,3,44103.32,0.0,132309.96
10662,4271,42,1,1783.38,0.2,1426.7
10663,4271,31,1,440.79,0.1,396.71
10664,4272,44,1,1675.89,0.0,1675.89
10665,4273,49,3,24383.87,0.0,73151.61
10666,4273,32,3,403.22,0.0,1209.66
10667,4274,23,2,381.96,0.1,687.53
10668,4274,31,1,440.79,0.0,440.79
10669,4275,11,3,4853.64,0.2,11648.74
10670,4275,45,2,50632.32,0.0,101264.64
10671,4276,3,2,4598.39,0.0,9196.78
10672,4277,40,1,16569.14,0.0,16569.14
10673,4278,18,3,316.88,0.05,903.11
10674,4278,1,3,4311.34,0.0,12934.02
10675,4278,45,2,50632.32,0.05,96201.41
10676,4279,29,2,438.5,0.0,877.0
10677,4280,15,2,1717.5,0.0,3435.0
10678,4281,45,2,50632.32,0.0,101264.64
10679,4281,10,3,5058.33,0.0,15174.99
10680,4281,15,3,1717.5,0.0,5152.5
10681,4281,16,1,1147.33,0.2,917.86
10682,4282,23,2,381.96,0.0,763.92
10683,4282,7,1,11903.44,0.05,11308.27
10684,4282,15,2,1717.5,0.1,3091.5
10685,4283,15,3,1717.5,0.1,4637.25
10686,4284,1,1,4311.34,0.0,4311.34
10687,4285,49,1,24383.87,0.1,21945.48
10688,4285,13,1,1356.94,0.1,1221.25
10689,4285,16,3,1147.33,0.0,3441.99
10690,4285,2,2,3911.93,0.0,7823.86
10691,4286,33,3,3763.53,0.0,11290.59
10692,4286,8,3,7478.19,0.0,22434.57
10693,4286,33,1,3763.53,0.0,3763.53
10694,4286,51,1,29838.95,0.05,28347.0
10695,4287,1,1,4311.34,0.0,4311.34
10696,4287,22,2,256.1,0.0,512.2
10697,4287,24,2,291.78,0.1,525.2
10698,4287,18,1,316.88,0.1,285.19
10699,4288,52,1,35725.17,0.05,33938.91
10700,4289,25,1,1719.78,0.0,1719.78
10701,4289,19,3,301.26,0.2,723.02
10702,4290,31,2,440.79,0.2,705.26
10703,4290,5,2,7323.99,0.0,14647.98
10704,4290,28,1,2077.38,0.0,2077.38
10705,4291,37,2,20338.2,0.0,40676.4
10706,4291,44,2,1675.89,0.05,3184.19
10707,4291,43,3,1480.37,0.0,4441.11
10708,4291,7,1,11903.44,0.1,10713.1
10709,4292,52,3,35725.17,0.0,107175.51
10710,4292,15,3,1717.5,0.05,4894.88
10711,4293,33,2,3763.53,0.0,7527.06
10712,4293,36,2,2924.06,0.0,5848.12
10713,4293,18,1,316.88,0.2,253.5
10714,4294,8,2,7478.19,0.0,14956.38
10715,4294,32,1,403.22,0.05,383.06
10716,4294,13,2,1356.94,0.1,2442.49
10717,4294,25,1,1719.78,0.2,1375.82
10718,4295,38,3,21688.29,0.0,65064.87
10719,4295,37,2,20338.2,0.0,40676.4
10720,4296,43,2,1480.37,0.0,2960.74
10721,4296,21,3,395.89,0.0,1187.67
10722,4297,37,2,20338.2,0.05,38642.58
10723,4297,24,1,291.78,0.0,291.78
10724,4298,23,3,381.96,0.05,1088.59
10725,4298,28,1,2077.38,0.05,1973.51
10726,4298,42,3,1783.38,0.0,5350.14
10727,4298,16,2,1147.33,0.0,2294.66
10728,4299,27,3,1246.0,0.0,3738.0
10729,4300,50,3,32122.03,0.0,96366.09
10730,4301,23,1,381.96,0.05,362.86
10731,4302,43,1,1480.37,0.2,1184.3
10732,4302,52,2,35725.17,0.1,64305.31
10733,4303,35,3,3039.94,0.0,9119.82
10734,4304,26,2,1412.65,0.0,2825.3
10735,4305,36,3,2924.06,0.05,8333.57
10736,4305,1,3,4311.34,0.05,12287.32
10737,4305,33,3,3763.53,0.0,11290.59
10738,4305,7,2,11903.44,0.0,23806.88
10739,4306,43,1,1480.37,0.2,1184.3
10740,4306,7,3,11903.44,0.0,35710.32
10741,4307,36,1,2924.06,0.0,2924.06
10742,4307,36,2,2924.06,0.0,5848.12
10743,4307,41,1,1458.5,0.1,1312.65
10744,4308,30,3,448.49,0.1,1210.92
10745,4308,9,2,4533.34,0.1,8160.01
10746,4308,37,2,20338.2,0.0,40676.4
10747,4308,15,1,1717.5,0.0,1717.5
10748,4309,41,1,1458.5,0.0,1458.5
10749,4310,8,2,7478.19,0.1,13460.74
10750,4311,7,2,11903.44,0.1,21426.19
10751,4311,35,1,3039.94,0.05,2887.94
10752,4311,12,1,5553.73,0.0,5553.73
10753,4311,29,3,438.5,0.0,1315.5
10754,4312,23,2,381.96,0.05,725.72
10755,4312,6,2,8439.67,0.0,16879.34
10756,4312,48,3,48857.09,0.0,146571.27
10757,4313,43,1,1480.37,0.1,1332.33
10758,4313,43,3,1480.37,0.0,4441.11
10759,4313,45,1,50632.32,0.0,50632.32
10760,4314,23,3,381.96,0.0,1145.88
10761,4314,8,2,7478.19,0.05,14208.56
10762,4314,37,1,20338.2,0.1,18304.38
10763,4315,41,1,1458.5,0.0,1458.5
10764,4315,45,1,50632.32,0.0,50632.32
10765,4316,15,3,1717.5,0.0,5152.5
10766,4316,13,1,1356.94,0.0,1356.94
10767,4316,13,3,1356.94,0.0,4070.82
10768,4316,50,3,32122.03,0.0,96366.09
10769,4317,41,2,1458.5,0.2,2333.6
10770,4318,16,2,1147.33,0.05,2179.93
10771,4318,25,3,1719.78,0.0,5159.34
10772,4318,12,3,5553.73,0.05,15828.13
10773,4319,38,3,21688.29,0.1,58558.38
10774,4319,42,3,1783.38,0.05,5082.63
10775,4319,22,2,256.1,0.05,486.59
10776,4320,1,3,4311.34,0.0,12934.02
10777,4320,50,1,32122.03,0.05,30515.93
10778,4320,49,2,24383.87,0.05,46329.35
10779,4320,29,1,438.5,0.05,416.58
10780,4321,26,1,1412.65,0.0,1412.65
10781,4321,25,3,1719.78,0.0,5159.34
10782,4321,32,3,403.22,0.0,1209.66
10783,4322,48,2,48857.09,0.05,92828.47
10784,4323,52,2,35725.17,0.2,57160.27
10785,4323,31,3,440.79,0.0,1322.37
10786,4324,6,2,8439.67,0.0,16879.34
10787,4324,4,1,4078.93,0.1,3671.04
10788,4324,50,1,32122.03,0.0,32122.03
10789,4324,15,2,1717.5,0.2,2748.0
10790,4325,21,2,395.89,0.0,791.78
10791,4325,4,3,4078.93,0.05,11624.95
10792,4326,40,1,16569.14,0.0,16569.14
10793,4326,47,3,32443.0,0.0,97329.0
10794,4327,6,3,8439.67,0.0,25319.01
10795,4327,39,3,22252.18,0.0,66756.54
10796,4328,28,3,2077.38,0.05,5920.53
10797,4328,19,2,301.26,0.0,602.52
10798,4328,26,3,1412.65,0.0,4237.95
10799,4328,38,3,21688.29,0.0,65064.87
10800,4329,29,1,438.5,0.0,438.5
10801,4329,23,3,381.96,0.05,1088.59
10802,4329,5,2,7323.99,0.0,14647.98
10803,4330,47,3,32443.0,0.05,92462.55
10804,4330,13,3,1356.94,0.1,3663.74
10805,4331,31,3,440.79,0.0,1322.37
10806,4332,11,3,4853.64,0.0,14560.92
10807,4332,15,2,1717.5,0.0,3435.0
10808,4333,5,3,7323.99,0.05,20873.37
10809,4333,40,1,16569.14,0.1,14912.23
10810,4333,20,3,337.55,0.0,1012.65
10811,4334,8,2,7478.19,0.05,14208.56
10812,4334,2,2,3911.93,0.0,7823.86
10813,4334,25,3,1719.78,0.0,5159.34
10814,4335,19,2,301.26,0.0,602.52
10815,4335,25,2,1719.78,0.2,2751.65
10816,4335,4,3,4078.93,0.0,12236.79
10817,4336,28,1,2077.38,0.05,1973.51
10818,4336,1,3,4311.34,0.1,11640.62
10819,4337,38,1,21688.29,0.05,20603.88
10820,4337,38,1,21688.29,0.0,21688.29
10821,4337,26,1,1412.65,0.05,1342.02
10822,4338,18,3,316.88,0.05,903.11
10823,4338,47,3,32443.0,0.0,97329.0
10824,4338,23,1,381.96,0.0,381.96
10825,4339,48,2,48857.09,0.0,97714.18
10826,4339,44,1,1675.89,0.0,1675.89
10827,4339,37,1,20338.2,0.0,20338.2
10828,4340,19,1,301.26,0.1,271.13
10829,4340,25,3,1719.78,0.0,5159.34
10830,4340,23,3,381.96,0.0,1145.88
10831,4341,1,3,4311.34,0.2,10347.22
10832,4341,2,2,3911.93,0.0,7823.86
10833,4341,43,3,1480.37,0.2,3552.89
10834,4341,38,2,21688.29,0.0,43376.58
10835,4342,33,3,3763.53,0.0,11290.59
10836,4342,13,2,1356.94,0.05,2578.19
10837,4342,19,1,301.26,0.05,286.2
10838,4343,13,2,1356.94,0.0,2713.88
10839,4343,28,1,2077.38,0.0,2077.38
10840,4343,17,2,425.94,0.1,766.69
10841,4343,23,2,381.96,0.0,763.92
10842,4344,49,1,24383.87,0.1,21945.48
10843,4344,21,2,395.89,0.05,752.19
10844,4344,11,2,4853.64,0.0,9707.28
10845,4345,22,1,256.1,0.0,256.1
10846,4345,9,3,4533.34,0.0,13600.02
10847,4345,7,2,11903.44,0.0,23806.88
10848,4345,35,1,3039.94,0.0,3039.94
10849,4346,41,2,1458.5,0.1,2625.3
10850,4346,12,2,5553.73,0.0,11107.46
10851,4347,45,1,50632.32,0.0,50632.32
10852,4348,29,2,438.5,0.05,833.15
10853,4348,46,1,44103.32,0.0,44103.32
10854,4348,16,3,1147.33,0.1,3097.79
10855,4349,50,1,32122.03,0.05,30515.93
10856,4349,18,1,316.88,0.1,285.19
10857,4349,19,2,301.26,0.05,572.39
10858,4350,23,1,381.96,0.0,381.96
10859,4350,7,1,11903.44,0.1,10713.1
10860,4350,25,1,1719.78,0.05,1633.79
10861,4350,31,3,440.79,0.1,1190.13
10862,4351,20,2,337.55,0.05,641.34
10863,4351,15,3,1717.5,0.0,5152.5
10864,4351,35,2,3039.94,0.05,5775.89
10865,4351,34,2,3937.59,0.1,7087.66
10866,4352,10,3,5058.33,0.1,13657.49
10867,4352,7,2,11903.44,0.0,23806.88
10868,4352,38,3,21688.29,0.0,65064.87
10869,4353,40,1,16569.14,0.0,16569.14
10870,4353,8,1,7478.19,0.0,7478.19
10871,4353,6,3,8439.67,0.0,25319.01
10872,4354,51,2,29838.95,0.0,59677.9
10873,4354,34,1,3937.59,0.05,3740.71
10874,4355,34,1,3937.59,0.2,3150.07
10875,4355,29,2,438.5,0.0,877.0
10876,4355,26,2,1412.65,0.05,2684.04
10877,4355,18,3,316.88,0.0,950.64
10878,4356,48,3,48857.09,0.05,139242.71
10879,4356,12,1,5553.73,0.0,5553.73
10880,4356,17,1,425.94,0.1,383.35
10881,4357,49,1,24383.87,0.0,24383.87
10882,4358,10,1,5058.33,0.2,4046.66
10883,4358,21,1,395.89,0.0,395.89
10884,4358,52,1,35725.17,0.2,28580.14
10885,4358,49,2,24383.87,0.0,48767.74
10886,4359,2,2,3911.93,0.0,7823.86
10887,4359,24,2,291.78,0.0,583.56
10888,4359,42,3,1783.38,0.2,4280.11
10889,4359,48,2,48857.09,0.0,97714.18
10890,4360,34,3,3937.59,0.2,9450.22
10891,4360,13,3,1356.94,0.05,3867.28
10892,4361,28,1,2077.38,0.0,2077.38
10893,4361,1,2,4311.34,0.05,8191.55
10894,4361,30,1,448.49,0.1,403.64
10895,4361,36,1,2924.06,0.0,2924.06
10896,4362,35,2,3039.94,0.05,5775.89
10897,4362,1,1,4311.34,0.0,4311.34
10898,4362,3,2,4598.39,0.0,9196.78
10899,4362,29,3,438.5,0.0,1315.5
10900,4363,20,2,337.55,0.0,675.1
10901,4363,2,3,3911.93,0.1,10562.21
10902,4363,29,2,438.5,0.0,877.0
10903,4363,44,2,1675.89,0.0,3351.78
10904,4364,43,2,1480.37,0.0,2960.74
10905,4364,4,1,4078.93,0.0,4078.93
10906,4364,44,3,1675.89,0.0,5027.67
10907,4364,1,3,4311.34,0.0,12934.02
10908,4365,34,2,3937.59,0.0,7875.18
10909,4365,21,2,395.89,0.1,712.6
10910,4365,43,2,1480.37,0.2,2368.59
10911,4366,28,1,2077.38,0.0,2077.38
10912,4367,38,3,21688.29,0.05,61811.63
10913,4368,32,2,403.22,0.05,766.12
10914,4368,31,2,440.79,0.2,705.26
10915,4368,6,3,8439.67,0.05,24053.06
10916,4368,14,2,1335.52,0.0,2671.04
10917,4369,35,1,3039.94,0.0,3039.94
10918,4370,50,3,32122.03,0.05,91547.79
10919,4370,47,2,32443.0,0.0,64886.0
10920,4370,5,3,7323.99,0.0,21971.97
10921,4371,15,2,1717.5,0.0,3435.0
10922,4371,26,3,1412.65,0.0,4237.95
10923,4371,9,1,4533.34,0.0,4533.34
10924,4371,3,1,4598.39,0.05,4368.47
10925,4372,23,3,381.96,0.0,1145.88
10926,4373,21,3,395.89,0.0,1187.67
10927,4373,12,3,5553.73,0.0,16661.19
10928,4374,17,2,425.94,0.05,809.29
10929,4375,28,2,2077.38,0.1,3739.28
10930,4375,42,2,1783.38,0.0,3566.76
10931,4375,12,3,5553.73,0.0,16661.19
10932,4376,34,3,3937.59,0.0,11812.77
10933,4376,11,1,4853.64,0.05,4610.96
10934,4376,40,2,16569.14,0.0,33138.28
10935,4377,13,2,1356.94,0.0,2713.88
10936,4377,6,3,8439.67,0.2,20255.21
10937,4378,7,1,11903.44,0.05,11308.27
10938,4379,8,3,7478.19,0.0,22434.57
10939,4379,25,2,1719.78,0.1,3095.6
10940,4380,34,2,3937.59,0.0,7875.18
10941,4381,34,3,3937.59,0.1,10631.49
10942,4382,1,2,4311.34,0.2,6898.14
10943,4382,30,2,448.49,0.05,852.13
10944,4382,41,3,1458.5,0.0,4375.5
10945,4383,8,3,7478.19,0.0,22434.57
10946,4383,24,2,291.78,0.0,583.56
10947,4383,8,3,7478.19,0.0,22434.57
10948,4383,45,1,50632.32,0.0,50632.32
10949,4384,10,3,5058.33,0.0,15174.99
10950,4384,46,2,44103.32,0.1,79385.98
10951,4384,37,2,20338.2,0.2,32541.12
10952,4385,27,2,1246.0,0.1,2242.8
10953,4385,35,1,3039.94,0.05,2887.94
10954,4385,6,1,8439.67,0.1,7595.7
10955,4385,9,1,4533.34,0.0,4533.34
10956,4386,24,1,291.78,0.1,262.6
10957,4387,11,2,4853.64,0.2,7765.82
10958,4387,26,1,1412.65,0.05,1342.02
10959,4387,28,2,2077.38,0.1,3739.28
10960,4388,47,1,32443.0,0.0,32443.0
10961,4389,23,3,381.96,0.1,1031.29
10962,4389,42,1,1783.38,0.2,1426.7
10963,4390,47,2,32443.0,0.0,64886.0
10964,4390,8,1,7478.19,0.2,5982.55
10965,4390,14,1,1335.52,0.1,1201.97
10966,4390,46,2,44103.32,0.0,88206.64
10967,4391,6,1,8439.67,0.1,7595.7
10968,4391,26,1,1412.65,0.0,1412.65
10969,4391,19,2,301.26,0.0,602.52
10970,4392,25,1,1719.78,0.0,1719.78
10971,4392,19,3,301.26,0.0,903.78
10972,4392,50,3,32122.03,0.1,86729.48
10973,4392,10,2,5058.33,0.0,10116.66
10974,4393,23,2,381.96,0.0,763.92
10975,4394,6,1,8439.67,0.1,7595.7
10976,4394,52,3,35725.17,0.0,107175.51
10977,4394,14,1,1335.52,0.0,1335.52
10978,4394,6,1,8439.67,0.2,6751.74
10979,4395,16,1,1147.33,0.05,1089.96
10980,4395,6,1,8439.67,0.05,8017.69
10981,4395,45,2,50632.32,0.2,81011.71
10982,4395,33,2,3763.53,0.05,7150.71
10983,4396,37,3,20338.2,0.1,54913.14
10984,4396,2,3,3911.93,0.2,9388.63
10985,4396,4,1,4078.93,0.0,4078.93
10986,4396,42,2,1783.38,0.2,2853.41
10987,4397,52,2,35725.17,0.05,67877.82
10988,4397,31,1,440.79,0.0,440.79
10989,4397,31,3,440.79,0.0,1322.37
10990,4397,28,1,2077.38,0.0,2077.38
10991,4398,48,2,48857.09,0.05,92828.47
10992,4398,6,1,8439.67,0.2,6751.74
10993,4398,40,1,16569.14,0.1,14912.23
10994,4398,30,1,448.49,0.1,403.64
10995,4399,1,2,4311.34,0.0,8622.68
10996,4399,2,2,3911.93,0.0,7823.86
10997,4399,41,1,1458.5,0.05,1385.58
10998,4399,31,1,440.79,0.0,440.79
10999,4400,34,1,3937.59,0.1,3543.83
11000,4400,27,2,1246.0,0.2,1993.6
11001,4400,41,2,1458.5,0.0,2917.0
11002,4401,27,1,1246.0,0.2,996.8
11003,4401,15,1,1717.5,0.0,1717.5
11004,4402,44,1,1675.89,0.0,1675.89
11005,4402,37,3,20338.2,0.0,61014.6
11006,4402,11,2,4853.64,0.0,9707.28
11007,4403,41,1,1458.5,0.05,1385.58
11008,4404,6,3,8439.67,0.0,25319.01
11009,4404,5,2,7323.99,0.0,14647.98
11010,4404,37,3,20338.2,0.0,61014.6
11011,4404,17,3,425.94,0.0,1277.82
11012,4405,31,1,440.79,0.0,440.79
11013,4405,42,2,1783.38,0.0,3566.76
11014,4405,52,1,35725.17,0.0,35725.17
11015,4406,8,3,7478.19,0.0,22434.57
11016,4406,45,3,50632.32,0.0,151896.96
11017,4406,40,1,16569.14,0.05,15740.68
11018,4406,8,2,7478.19,0.05,14208.56
11019,4407,41,3,1458.5,0.0,4375.5
11020,4407,34,2,3937.59,0.0,7875.18
11021,4407,52,2,35725.17,0.05,67877.82
11022,4408,8,2,7478.19,0.1,13460.74
11023,4408,33,1,3763.53,0.2,3010.82
11024,4409,3,3,4598.39,0.0,13795.17
11025,4409,33,3,3763.53,0.0,11290.59
11026,4409,32,3,403.22,0.0,1209.66
11027,4410,13,3,1356.94,0.1,3663.74
11028,4411,32,2,403.22,0.0,806.44
11029,4411,48,3,48857.09,0.0,146571.27
11030,4411,48,3,48857.09,0.0,146571.27
11031,4411,2,2,3911.93,0.0,7823.86
11032,4412,51,2,29838.95,0.05,56694.0
11033,4412,11,2,4853.64,0.0,9707.28
11034,4413,4,3,4078.93,0.0,12236.79
11035,4414,52,2,35725.17,0.05,67877.82
11036,4415,23,2,381.96,0.0,763.92
11037,4416,32,1,403.22,0.0,403.22
11038,4416,3,2,4598.39,0.0,9196.78
11039,4416,15,3,1717.5,0.1,4637.25
11040,4416,36,1,2924.06,0.1,2631.65
11041,4417,32,3,403.22,0.1,1088.69
11042,4417,52,3,35725.17,0.0,107175.51
11043,4418,52,3,35725.17,0.0,107175.51
11044,4418,4,3,4078.93,0.1,11013.11
11045,4418,27,2,1246.0,0.1,2242.8
11046,4419,37,1,20338.2,0.0,20338.2
11047,4419,38,2,21688.29,0.0,43376.58
11048,4420,34,3,3937.59,0.0,11812.77
11049,4420,7,2,11903.44,0.0,23806.88
11050,4420,28,2,2077.38,0.0,4154.76
11051,4421,7,3,11903.44,0.0,35710.32
11052,4421,43,1,1480.37,0.0,1480.37
11053,4421,50,3,32122.03,0.1,86729.48
11054,4422,49,2,24383.87,0.0,48767.74
11055,4423,46,3,44103.32,0.1,119078.96
11056,4423,45,3,50632.32,0.05,144302.11
11057,4423,3,1,4598.39,0.0,4598.39
11058,4424,46,2,44103.32,0.0,88206.64
11059,4424,49,3,24383.87,0.0,73151.61
11060,4424,6,3,8439.67,0.05,24053.06
11061,4425,42,3,1783.38,0.05,5082.63
11062,4425,38,3,21688.29,0.0,65064.87
11063,4425,19,1,301.26,0.0,301.26
11064,4426,35,1,3039.94,0.0,3039.94
11065,4427,21,2,395.89,0.2,633.42
11066,4427,26,3,1412.65,0.0,4237.95
11067,4427,19,1,301.26,0.05,286.2
11068,4427,50,1,32122.03,0.05,30515.93
11069,4428,6,3,8439.67,0.0,25319.01
11070,4428,17,2,425.94,0.0,851.88
11071,4428,15,3,1717.5,0.05,4894.88
11072,4428,42,2,1783.38,0.1,3210.08
11073,4429,37,3,20338.2,0.0,61014.6
11074,4430,37,3,20338.2,0.0,61014.6
11075,4430,3,2,4598.39,0.0,9196.78
11076,4431,23,1,381.96,0.0,381.96
11077,4432,24,1,291.78,0.0,291.78
11078,4432,3,1,4598.39,0.1,4138.55
11079,4432,24,1,291.78,0.0,291.78
11080,4433,6,3,8439.67,0.1,22787.11
11081,4433,13,1,1356.94,0.0,1356.94
11082,4434,35,3,3039.94,0.1,8207.84
11083,4434,7,2,11903.44,0.05,22616.54
11084,4434,34,3,3937.59,0.2,9450.22
11085,4434,24,1,291.78,0.1,262.6
11086,4435,35,2,3039.94,0.0,6079.88
11087,4436,41,2,1458.5,0.0,2917.0
11088,4436,23,1,381.96,0.0,381.96
11089,4437,50,2,32122.03,0.0,64244.06
11090,4437,51,3,29838.95,0.0,89516.85
11091,4438,34,2,3937.59,0.2,6300.14
11092,4438,6,1,8439.67,0.1,7595.7
11093,4438,44,3,1675.89,0.0,5027.67
11094,4439,52,2,35725.17,0.0,71450.34
11095,4440,12,2,5553.73,0.1,9996.71
11096,4440,33,1,3763.53,0.0,3763.53
11097,4441,42,1,1783.38,0.0,1783.38
11098,4441,19,3,301.26,0.1,813.4
11099,4441,51,1,29838.95,0.0,29838.95
11100,4442,51,2,29838.95,0.0,59677.9
11101,4442,42,2,1783.38,0.1,3210.08
11102,4442,1,3,4311.34,0.0,12934.02
11103,4442,2,3,3911.93,0.0,11735.79
11104,4443,20,3,337.55,0.2,810.12
11105,4443,29,3,438.5,0.0,1315.5
11106,4443,22,2,256.1,0.05,486.59
11107,4443,51,1,29838.95,0.1,26855.06
11108,4444,31,3,440.79,0.0,1322.37
11109,4444,25,2,1719.78,0.05,3267.58
11110,4444,52,2,35725.17,0.2,57160.27
11111,4445,33,2,3763.53,0.1,6774.35
11112,4445,43,2,1480.37,0.1,2664.67
11113,4446,27,1,1246.0,0.05,1183.7
11114,4446,45,1,50632.32,0.1,45569.09
11115,4447,34,1,3937.59,0.0,3937.59
11116,4448,33,3,3763.53,0.0,11290.59
11117,4448,13,2,1356.94,0.1,2442.49
11118,4448,15,3,1717.5,0.0,5152.5
11119,4448,24,3,291.78,0.0,875.34
11120,4449,49,1,24383.87,0.05,23164.68
11121,4449,44,2,1675.89,0.0,3351.78
11122,4449,51,3,29838.95,0.0,89516.85
11123,4450,14,3,1335.52,0.0,4006.56
11124,4451,33,1,3763.53,0.05,3575.35
11125,4451,12,1,5553.73,0.0,5553.73
11126,4452,43,1,1480.37,0.0,1480.37
11127,4453,37,1,20338.2,0.0,20338.2
11128,4454,23,3,381.96,0.0,1145.88
11129,4454,17,1,425.94,0.0,425.94
11130,4455,29,1,438.5,0.0,438.5
11131,4456,34,1,3937.59,0.0,3937.59
11132,4456,15,1,1717.5,0.0,1717.5
11133,4456,37,1,20338.2,0.1,18304.38
11134,4457,18,3,316.88,0.0,950.64
11135,4458,18,1,316.88,0.0,316.88
11136,4458,19,1,301.26,0.2,241.01
11137,4459,42,3,1783.38,0.05,5082.63
11138,4459,3,3,4598.39,0.0,13795.17
11139,4459,12,2,5553.73,0.0,11107.46
11140,4459,5,1,7323.99,0.0,7323.99
11141,4460,26,2,1412.65,0.1,2542.77
11142,4460,14,3,1335.52,0.0,4006.56
11143,4460,9,2,4533.34,0.0,9066.68
11144,4460,28,3,2077.38,0.0,6232.14
11145,4461,46,2,44103.32,0.05,83796.31
11146,4461,51,1,29838.95,0.05,28347.0
11147,4461,16,3,1147.33,0.1,3097.79
11148,4462,20,1,337.55,0.0,337.55
11149,4462,29,1,438.5,0.0,438.5
11150,4463,10,2,5058.33,0.0,10116.66
11151,4463,20,3,337.55,0.05,962.02
11152,4463,22,1,256.1,0.05,243.3
11153,4463,29,1,438.5,0.0,438.5
11154,4464,5,2,7323.99,0.0,14647.98
11155,4464,26,1,1412.65,0.05,1342.02
11156,4464,4,2,4078.93,0.1,7342.07
11157,4465,42,2,1783.38,0.0,3566.76
11158,4465,43,3,1480.37,0.0,4441.11
11159,4466,22,3,256.1,0.0,768.3
11160,4467,34,2,3937.59,0.1,7087.66
11161,4468,20,1,337.55,0.0,337.55
11162,4468,25,2,1719.78,0.0,3439.56
11163,4468,20,2,337.55,0.05,641.34
11164,4469,23,2,381.96,0.0,763.92
11165,4469,42,1,1783.38,0.0,1783.38
11166,4469,28,2,2077.38,0.0,4154.76
11167,4470,29,1,438.5,0.0,438.5
11168,4470,26,3,1412.65,0.1,3814.16
11169,4471,30,3,448.49,0.0,1345.47
11170,4471,5,3,7323.99,0.0,21971.97
11171,4471,29,1,438.5,0.0,438.5
11172,4471,24,1,291.78,0.0,291.78
11173,4472,52,3,35725.17,0.0,107175.51
11174,4473,17,3,425.94,0.0,1277.82
11175,4473,26,1,1412.65,0.1,1271.39
11176,4473,18,1,316.88,0.2,253.5
11177,4474,1,3,4311.34,0.05,12287.32
11178,4474,5,2,7323.99,0.05,13915.58
11179,4474,23,2,381.96,0.2,611.14
11180,4474,10,3,5058.33,0.0,15174.99
11181,4475,5,2,7323.99,0.2,11718.38
11182,4475,27,1,1246.0,0.0,1246.0
11183,4475,36,2,2924.06,0.1,5263.31
11184,4475,14,1,1335.52,0.05,1268.74
11185,4476,48,1,48857.09,0.0,48857.09
11186,4476,47,1,32443.0,0.0,32443.0
11187,4477,16,2,1147.33,0.05,2179.93
11188,4477,19,3,301.26,0.0,903.78
11189,4477,12,2,5553.73,0.1,9996.71
11190,4477,24,1,291.78,0.1,262.6
11191,4478,24,2,291.78,0.05,554.38
11192,4478,46,3,44103.32,0.1,119078.96
11193,4478,23,1,381.96,0.0,381.96
11194,4478,5,1,7323.99,0.0,7323.99
11195,4479,17,3,425.94,0.0,1277.82
11196,4479,21,2,395.89,0.2,633.42
11197,4480,48,3,48857.09,0.0,146571.27
11198,4480,41,1,1458.5,0.1,1312.65
11199,4481,17,2,425.94,0.0,851.88
11200,4482,39,1,22252.18,0.0,22252.18
11201,4482,25,1,1719.78,0.05,1633.79
11202,4482,47,1,32443.0,0.0,32443.0
11203,4483,8,2,7478.19,0.0,14956.38
11204,4483,13,2,1356.94,0.0,2713.88
11205,4483,38,3,21688.29,0.0,65064.87
11206,4484,37,1,20338.2,0.0,20338.2
11207,4484,32,1,403.22,0.0,403.22
11208,4484,40,3,16569.14,0.1,44736.68
11209,4485,33,3,3763.53,0.0,11290.59
11210,4486,1,3,4311.34,0.1,11640.62
11211,4486,10,3,5058.33,0.05,14416.24
11212,4487,2,2,3911.93,0.0,7823.86
11213,4487,22,2,256.1,0.0,512.2
11214,4488,39,2,22252.18,0.05,42279.14
11215,4488,45,1,50632.32,0.0,50632.32
11216,4488,14,1,1335.52,0.0,1335.52
11217,4489,38,2,21688.29,0.0,43376.58
11218,4489,45,1,50632.32,0.05,48100.7
11219,4490,20,2,337.55,0.0,675.1
11220,4491,51,1,29838.95,0.0,29838.95
11221,4491,23,1,381.96,0.0,381.96
11222,4492,26,3,1412.65,0.05,4026.05
11223,4492,10,2,5058.33,0.0,10116.66
11224,4492,38,1,21688.29,0.1,19519.46
11225,4492,27,3,1246.0,0.05,3551.1
11226,4493,18,2,316.88,0.0,633.76
11227,4493,5,3,7323.99,0.05,20873.37
11228,4493,43,2,1480.37,0.1,2664.67
11229,4493,10,2,5058.33,0.0,10116.66
11230,4494,7,1,11903.44,0.1,10713.1
11231,4494,8,2,7478.19,0.0,14956.38
11232,4495,31,1,440.79,0.0,440.79
11233,4495,26,3,1412.65,0.0,4237.95
11234,4495,23,2,381.96,0.1,687.53
11235,4495,4,2,4078.93,0.0,8157.86
11236,4496,31,2,440.79,0.2,705.26
11237,4496,50,1,32122.03,0.0,32122.03
11238,4496,46,2,44103.32,0.05,83796.31
11239,4496,22,1,256.1,0.05,243.3
11240,4497,4,2,4078.93,0.0,8157.86
11241,4497,10,1,5058.33,0.2,4046.66
11242,4498,16,1,1147.33,0.0,1147.33
11243,4498,50,1,32122.03,0.2,25697.62
11244,4499,47,1,32443.0,0.0,32443.0
11245,4499,51,2,29838.95,0.2,47742.32
11246,4499,17,3,425.94,0.0,1277.82
11247,4500,37,1,20338.2,0.05,19321.29
11248,4501,14,2,1335.52,0.0,2671.04
11249,4501,19,1,301.26,0.0,301.26
11250,4501,29,3,438.5,0.1,1183.95
11251,4502,28,2,2077.38,0.0,4154.76
11252,4503,30,1,448.49,0.1,403.64
11253,4503,32,1,403.22,0.05,383.06
11254,4503,20,2,337.55,0.0,675.1
11255,4504,26,2,1412.65,0.0,2825.3
11256,4504,35,3,3039.94,0.1,8207.84
11257,4505,50,3,32122.03,0.0,96366.09
11258,4506,47,3,32443.0,0.05,92462.55
11259,4507,30,1,448.49,0.0,448.49
11260,4507,47,3,32443.0,0.0,97329.0
11261,4508,27,3,1246.0,0.0,3738.0
11262,4508,15,3,1717.5,0.05,4894.88
11263,4508,1,1,4311.34,0.0,4311.34
11264,4509,13,1,1356.94,0.0,1356.94
11265,4510,2,3,3911.93,0.0,11735.79
11266,4510,23,3,381.96,0.1,1031.29
11267,4510,28,1,2077.38,0.0,2077.38
11268,4511,7,1,11903.44,0.0,11903.44
11269,4511,26,1,1412.65,0.0,1412.65
11270,4512,2,3,3911.93,0.0,11735.79
11271,4512,18,1,316.88,0.2,253.5
11272,4512,5,1,7323.99,0.2,5859.19
11273,4513,44,2,1675.89,0.0,3351.78
11274,4513,10,2,5058.33,0.05,9610.83
11275,4513,21,3,395.89,0.0,1187.67
11276,4514,18,1,316.88,0.0,316.88
11277,4514,16,1,1147.33,0.1,1032.6
11278,4514,15,3,1717.5,0.1,4637.25
11279,4515,43,3,1480.37,0.1,3997.0
11280,4515,31,2,440.79,0.2,705.26
11281,4515,13,1,1356.94,0.2,1085.55
11282,4515,16,3,1147.33,0.1,3097.79
11283,4516,34,3,3937.59,0.0,11812.77
11284,4516,17,3,425.94,0.1,1150.04
11285,4516,30,3,448.49,0.05,1278.2
11286,4517,29,2,438.5,0.0,877.0
11287,4518,11,1,4853.64,0.0,4853.64
11288,4518,18,1,316.88,0.05,301.04
11289,4518,37,3,20338.2,0.0,61014.6
11290,4519,41,2,1458.5,0.0,2917.0
11291,4519,28,3,2077.38,0.05,5920.53
11292,4520,13,3,1356.94,0.0,4070.82
11293,4520,19,3,301.26,0.05,858.59
11294,4520,16,3,1147.33,0.05,3269.89
11295,4520,11,2,4853.64,0.0,9707.28
11296,4521,3,3,4598.39,0.1,12415.65
11297,4522,20,2,337.55,0.0,675.1
11298,4523,25,3,1719.78,0.0,5159.34
11299,4523,13,2,1356.94,0.0,2713.88
11300,4523,9,1,4533.34,0.1,4080.01
11301,4524,42,1,1783.38,0.0,1783.38
11302,4524,12,1,5553.73,0.0,5553.73
11303,4524,18,1,316.88,0.0,316.88
11304,4524,52,2,35725.17,0.1,64305.31
11305,4525,12,1,5553.73,0.0,5553.73
11306,4526,3,1,4598.39,0.0,4598.39
11307,4526,45,3,50632.32,0.1,136707.26
11308,4527,26,1,1412.65,0.0,1412.65
11309,4527,21,1,395.89,0.05,376.1
11310,4527,10,2,5058.33,0.0,10116.66
11311,4528,52,2,35725.17,0.0,71450.34
11312,4528,13,3,1356.94,0.0,4070.82
11313,4528,43,1,1480.37,0.05,1406.35
11314,4528,14,3,1335.52,0.0,4006.56
11315,4529,42,3,1783.38,0.05,5082.63
11316,4530,47,3,32443.0,0.0,97329.0
11317,4530,3,2,4598.39,0.0,9196.78
11318,4530,44,1,1675.89,0.1,1508.3
11319,4530,10,1,5058.33,0.0,5058.33
11320,4531,22,2,256.1,0.0,512.2
11321,4531,41,3,1458.5,0.05,4156.72
11322,4531,5,2,7323.99,0.1,13183.18
11323,4531,14,2,1335.52,0.05,2537.49
11324,4532,39,1,22252.18,0.05,21139.57
11325,4533,33,3,3763.53,0.1,10161.53
11326,4533,9,2,4533.34,0.2,7253.34
11327,4533,36,3,2924.06,0.0,8772.18
11328,4533,6,1,8439.67,0.05,8017.69
11329,4534,43,2,1480.37,0.1,2664.67
11330,4534,50,2,32122.03,0.0,64244.06
11331,4534,39,2,22252.18,0.0,44504.36
11332,4535,31,3,440.79,0.0,1322.37
11333,4535,47,3,32443.0,0.2,77863.2
11334,4535,40,1,16569.14,0.0,16569.14
11335,4536,44,2,1675.89,0.0,3351.78
11336,4537,4,1,4078.93,0.0,4078.93
11337,4537,3,1,4598.39,0.0,4598.39
11338,4538,18,1,316.88,0.0,316.88
11339,4538,51,2,29838.95,0.0,59677.9
11340,4538,3,2,4598.39,0.0,9196.78
11341,4538,33,3,3763.53,0.2,9032.47
11342,4539,5,3,7323.99,0.0,21971.97
11343,4540,3,2,4598.39,0.0,9196.78
11344,4541,5,1,7323.99,0.1,6591.59
11345,4542,28,1,2077.38,0.2,1661.9
11346,4543,24,2,291.78,0.0,583.56
11347,4543,4,2,4078.93,0.0,8157.86
11348,4543,7,1,11903.44,0.0,11903.44
11349,4544,45,1,50632.32,0.0,50632.32
11350,4544,28,1,2077.38,0.2,1661.9
11351,4544,23,3,381.96,0.0,1145.88
11352,4545,18,3,316.88,0.05,903.11
11353,4545,49,3,24383.87,0.0,73151.61
11354,4545,12,1,5553.73,0.0,5553.73
11355,4546,41,1,1458.5,0.0,1458.5
11356,4546,7,1,11903.44,0.2,9522.75
11357,4546,6,3,8439.67,0.0,25319.01
11358,4547,1,2,4311.34,0.1,7760.41
11359,4547,17,1,425.94,0.0,425.94
11360,4547,15,1,1717.5,0.1,1545.75
11361,4547,37,1,20338.2,0.1,18304.38
11362,4548,46,2,44103.32,0.05,83796.31
11363,4548,48,1,48857.09,0.05,46414.24
11364,4549,44,1,1675.89,0.05,1592.1
11365,4550,22,2,256.1,0.1,460.98
11366,4550,26,1,1412.65,0.1,1271.39
11367,4550,33,3,3763.53,0.0,11290.59
11368,4550,15,3,1717.5,0.05,4894.88
11369,4551,49,1,24383.87,0.05,23164.68
11370,4551,19,2,301.26,0.0,602.52
11371,4551,6,3,8439.67,0.0,25319.01
11372,4552,10,3,5058.33,0.05,14416.24
11373,4552,21,3,395.89,0.2,950.14
11374,4553,35,2,3039.94,0.0,6079.88
11375,4554,49,1,24383.87,0.1,21945.48
11376,4555,15,1,1717.5,0.0,1717.5
11377,4555,4,2,4078.93,0.0,8157.86
11378,4555,19,1,301.26,0.0,301.26
11379,4556,27,3,1246.0,0.0,3738.0
11380,4556,26,1,1412.65,0.0,1412.65
11381,4556,51,3,29838.95,0.1,80565.17
11382,4556,29,3,438.5,0.0,1315.5
11383,4557,43,2,1480.37,0.05,2812.7
11384,4558,17,2,425.94,0.2,681.5
11385,4559,37,2,20338.2,0.0,40676.4
11386,4560,43,3,1480.37,0.05,4219.05
11387,4560,41,1,1458.5,0.1,1312.65
11388,4560,5,3,7323.99,0.0,21971.97
11389,4561,3,2,4598.39,0.2,7357.42
11390,4562,50,1,32122.03,0.1,28909.83
11391,4562,10,2,5058.33,0.0,10116.66
11392,4563,42,2,1783.38,0.0,3566.76
11393,4563,48,3,48857.09,0.05,139242.71
11394,4563,7,2,11903.44,0.05,22616.54
11395,4563,8,3,7478.19,0.0,22434.57
11396,4564,42,1,1783.38,0.0,1783.38
11397,4565,14,1,1335.52,0.0,1335.52
11398,4565,10,1,5058.33,0.0,5058.33
11399,4566,31,1,440.79,0.1,396.71
11400,4567,38,2,21688.29,0.05,41207.75
11401,4567,27,3,1246.0,0.0,3738.0
11402,4567,1,3,4311.34,0.0,12934.02
11403,4567,31,2,440.79,0.1,793.42
11404,4568,30,2,448.49,0.1,807.28
11405,4569,38,3,21688.29,0.2,52051.9
11406,4569,32,2,403.22,0.05,766.12
11407,4570,13,1,1356.94,0.0,1356.94
11408,4570,17,3,425.94,0.0,1277.82
11409,4570,35,1,3039.94,0.0,3039.94
11410,4571,47,3,32443.0,0.05,92462.55
11411,4572,18,1,316.88,0.05,301.04
11412,4572,50,1,32122.03,0.05,30515.93
11413,4573,41,3,1458.5,0.1,3937.95
11414,4574,13,1,1356.94,0.0,1356.94
11415,4574,27,2,1246.0,0.05,2367.4
11416,4575,28,3,2077.38,0.0,6232.14
11417,4575,6,2,8439.67,0.05,16035.37
11418,4576,36,1,2924.06,0.1,2631.65
11419,4576,32,3,403.22,0.05,1149.18
11420,4577,17,3,425.94,0.0,1277.82
11421,4577,13,2,1356.94,0.1,2442.49
11422,4577,37,1,20338.2,0.1,18304.38
11423,4577,1,3,4311.34,0.0,12934.02
11424,4578,16,3,1147.33,0.2,2753.59
11425,4578,52,3,35725.17,0.1,96457.96
11426,4578,6,1,8439.67,0.1,7595.7
11427,4578,18,3,316.88,0.05,903.11
11428,4579,23,2,381.96,0.1,687.53
11429,4579,19,2,301.26,0.2,482.02
11430,4579,45,2,50632.32,0.0,101264.64
11431,4579,11,3,4853.64,0.0,14560.92
11432,4580,36,1,2924.06,0.0,2924.06
11433,4580,28,2,2077.38,0.1,3739.28
11434,4580,21,2,395.89,0.0,791.78
11435,4581,36,3,2924.06,0.2,7017.74
11436,4581,49,1,24383.87,0.0,24383.87
11437,4581,39,3,22252.18,0.0,66756.54
11438,4581,25,1,1719.78,0.0,1719.78
11439,4582,51,2,29838.95,0.0,59677.9
11440,4582,9,3,4533.34,0.0,13600.02
11441,4582,52,2,35725.17,0.1,64305.31
11442,4582,18,2,316.88,0.0,633.76
11443,4583,26,2,1412.65,0.05,2684.04
11444,4583,13,3,1356.94,0.0,4070.82
11445,4584,45,2,50632.32,0.1,91138.18
11446,4585,6,2,8439.67,0.05,16035.37
11447,4585,50,1,32122.03,0.05,30515.93
11448,4585,8,2,7478.19,0.1,13460.74
11449,4586,15,1,1717.5,0.0,1717.5
11450,4586,22,1,256.1,0.1,230.49
11451,4586,27,1,1246.0,0.0,1246.0
11452,4586,17,1,425.94,0.1,383.35
11453,4587,12,3,5553.73,0.0,16661.19
11454,4588,9,1,4533.34,0.0,4533.34
11455,4589,5,3,7323.99,0.1,19774.77
11456,4590,9,2,4533.34,0.0,9066.68
11457,4590,14,2,1335.52,0.1,2403.94
11458,4590,29,3,438.5,0.05,1249.72
11459,4590,26,2,1412.65,0.2,2260.24
11460,4591,5,2,7323.99,0.2,11718.38
11461,4592,23,3,381.96,0.0,1145.88
11462,4592,9,1,4533.34,0.1,4080.01
11463,4592,30,3,448.49,0.0,1345.47
11464,4592,52,2,35725.17,0.0,71450.34
11465,4593,2,1,3911.93,0.05,3716.33
11466,4594,15,2,1717.5,0.0,3435.0
11467,4594,49,2,24383.87,0.0,48767.74
11468,4594,39,3,22252.18,0.0,66756.54
11469,4595,35,1,3039.94,0.1,2735.95
11470,4595,40,2,16569.14,0.05,31481.37
11471,4595,28,3,2077.38,0.1,5608.93
11472,4595,18,1,316.88,0.0,316.88
11473,4596,19,1,301.26,0.0,301.26
11474,4596,26,3,1412.65,0.1,3814.16
11475,4596,13,1,1356.94,0.0,1356.94
11476,4597,45,2,50632.32,0.0,101264.64
11477,4598,31,3,440.79,0.0,1322.37
11478,4598,39,3,22252.18,0.0,66756.54
11479,4599,21,3,395.89,0.0,1187.67
11480,4599,29,3,438.5,0.05,1249.72
11481,4600,36,1,2924.06,0.05,2777.86
11482,4600,40,3,16569.14,0.0,49707.42
11483,4600,47,1,32443.0,0.0,32443.0
11484,4601,20,2,337.55,0.05,641.34
11485,4601,49,2,24383.87,0.0,48767.74
11486,4601,38,3,21688.29,0.2,52051.9
11487,4601,40,2,16569.14,0.0,33138.28
11488,4602,21,2,395.89,0.1,712.6
11489,4602,27,2,1246.0,0.1,2242.8
11490,4603,7,3,11903.44,0.05,33924.8
11491,4603,26,2,1412.65,0.0,2825.3
11492,4604,36,1,2924.06,0.0,2924.06
11493,4604,41,1,1458.5,0.2,1166.8
11494,4604,40,2,16569.14,0.05,31481.37
11495,4604,35,1,3039.94,0.0,3039.94
11496,4605,21,3,395.89,0.0,1187.67
11497,4605,17,3,425.94,0.05,1213.93
11498,4606,38,2,21688.29,0.0,43376.58
11499,4606,26,3,1412.65,0.1,3814.16
11500,4606,2,1,3911.93,0.0,3911.93
11501,4606,1,1,4311.34,0.0,4311.34
11502,4607,15,3,1717.5,0.1,4637.25
11503,4607,49,3,24383.87,0.0,73151.61
11504,4607,22,3,256.1,0.0,768.3
11505,4607,35,3,3039.94,0.0,9119.82
11506,4608,23,2,381.96,0.0,763.92
11507,4608,47,3,32443.0,0.0,97329.0
11508,4608,49,1,24383.87,0.05,23164.68
11509,4609,40,1,16569.14,0.1,14912.23
11510,4610,32,2,403.22,0.0,806.44
11511,4610,9,2,4533.34,0.1,8160.01
11512,4611,51,1,29838.95,0.05,28347.0
11513,4611,6,1,8439.67,0.05,8017.69
11514,4612,8,3,7478.19,0.0,22434.57
11515,4612,48,3,48857.09,0.2,117257.02
11516,4612,34,2,3937.59,0.0,7875.18
11517,4612,48,1,48857.09,0.0,48857.09
11518,4613,45,2,50632.32,0.05,96201.41
11519,4613,21,1,395.89,0.0,395.89
11520,4613,31,3,440.79,0.0,1322.37
11521,4613,16,2,1147.33,0.0,2294.66
11522,4614,31,1,440.79,0.0,440.79
11523,4614,2,1,3911.93,0.0,3911.93
11524,4614,24,2,291.78,0.0,583.56
11525,4615,46,3,44103.32,0.05,125694.46
11526,4616,42,1,1783.38,0.05,1694.21
11527,4617,26,3,1412.65,0.05,4026.05
11528,4617,35,1,3039.94,0.0,3039.94
11529,4617,13,1,1356.94,0.05,1289.09
11530,4617,5,1,7323.99,0.1,6591.59
11531,4618,35,2,3039.94,0.0,6079.88
11532,4618,51,2,29838.95,0.1,53710.11
11533,4618,19,2,301.26,0.0,602.52
11534,4618,6,3,8439.67,0.0,25319.01
11535,4619,3,1,4598.39,0.0,4598.39
11536,4619,20,2,337.55,0.0,675.1
11537,4619,21,1,395.89,0.1,356.3
11538,4620,40,1,16569.14,0.05,15740.68
11539,4620,44,3,1675.89,0.05,4776.29
11540,4620,18,3,316.88,0.05,903.11
11541,4620,47,2,32443.0,0.0,64886.0
11542,4621,6,3,8439.67,0.05,24053.06
11543,4622,17,1,425.94,0.0,425.94
11544,4623,32,1,403.22,0.0,403.22
11545,4623,19,2,301.26,0.0,602.52
11546,4623,42,2,1783.38,0.0,3566.76
11547,4623,21,1,395.89,0.0,395.89
11548,4624,40,2,16569.14,0.0,33138.28
11549,4624,41,2,1458.5,0.05,2771.15
11550,4624,38,2,21688.29,0.0,43376.58
11551,4625,26,1,1412.65,0.2,1130.12
11552,4625,29,2,438.5,0.1,789.3
11553,4625,28,3,2077.38,0.0,6232.14
11554,4625,49,3,24383.87,0.0,73151.61
11555,4626,28,3,2077.38,0.1,5608.93
11556,4626,21,3,395.89,0.0,1187.67
11557,4626,3,3,4598.39,0.05,13105.41
11558,4627,26,1,1412.65,0.0,1412.65
11559,4628,46,1,44103.32,0.0,44103.32
11560,4628,10,2,5058.33,0.1,9104.99
11561,4628,31,2,440.79,0.0,881.58
11562,4629,6,1,8439.67,0.05,8017.69
11563,4629,52,2,35725.17,0.1,64305.31
11564,4629,41,1,1458.5,0.1,1312.65
11565,4629,45,3,50632.32,0.0,151896.96
11566,4630,37,2,20338.2,0.0,40676.4
11567,4630,19,1,301.26,0.0,301.26
11568,4630,26,2,1412.65,0.1,2542.77
11569,4631,33,2,3763.53,0.0,7527.06
11570,4631,5,2,7323.99,0.2,11718.38
11571,4632,47,2,32443.0,0.0,64886.0
11572,4632,1,2,4311.34,0.0,8622.68
11573,4632,45,3,50632.32,0.05,144302.11
11574,4632,50,2,32122.03,0.05,61031.86
11575,4633,30,1,448.49,0.05,426.07
11576,4633,1,2,4311.34,0.1,7760.41
11577,4634,38,2,21688.29,0.0,43376.58
11578,4634,11,2,4853.64,0.0,9707.28
11579,4634,27,1,1246.0,0.0,1246.0
11580,4634,9,3,4533.34,0.0,13600.02
11581,4635,39,2,22252.18,0.0,44504.36
11582,4636,43,2,1480.37,0.1,2664.67
11583,4636,14,3,1335.52,0.0,4006.56
11584,4636,42,3,1783.38,0.05,5082.63
11585,4636,25,3,1719.78,0.0,5159.34
11586,4637,20,1,337.55,0.0,337.55
11587,4637,15,1,1717.5,0.05,1631.62
11588,4637,44,1,1675.89,0.2,1340.71
11589,4637,31,3,440.79,0.0,1322.37
11590,4638,27,3,1246.0,0.0,3738.0
11591,4638,17,1,425.94,0.1,383.35
11592,4639,6,3,8439.67,0.0,25319.01
11593,4640,52,3,35725.17,0.0,107175.51
11594,4640,22,2,256.1,0.0,512.2
11595,4640,39,3,22252.18,0.0,66756.54
11596,4640,35,3,3039.94,0.05,8663.83
11597,4641,11,3,4853.64,0.0,14560.92
11598,4641,42,3,1783.38,0.0,5350.14
11599,4641,47,2,32443.0,0.05,61641.7
11600,4641,35,1,3039.94,0.0,3039.94
11601,4642,51,3,29838.95,0.1,80565.17
11602,4643,20,3,337.55,0.0,1012.65
11603,4643,47,2,32443.0,0.0,64886.0
11604,4643,27,1,1246.0,0.0,1246.0
11605,4644,11,3,4853.64,0.0,14560.92
11606,4644,51,2,29838.95,0.05,56694.0
11607,4644,42,1,1783.38,0.0,1783.38
11608,4645,35,1,3039.94,0.2,2431.95
11609,4645,22,3,256.1,0.05,729.88
11610,4645,45,2,50632.32,0.0,101264.64
11611,4645,6,2,8439.67,0.0,16879.34
11612,4646,33,3,3763.53,0.0,11290.59
11613,4646,47,3,32443.0,0.1,87596.1
11614,4646,49,1,24383.87,0.0,24383.87
11615,4647,36,1,2924.06,0.0,2924.06
11616,4647,13,3,1356.94,0.05,3867.28
11617,4647,44,2,1675.89,0.0,3351.78
11618,4648,47,2,32443.0,0.0,64886.0
11619,4648,15,1,1717.5,0.0,1717.5
11620,4649,46,3,44103.32,0.1,119078.96
11621,4650,36,2,2924.06,0.2,4678.5
11622,4651,16,1,1147.33,0.2,917.86
11623,4651,34,3,3937.59,0.1,10631.49
11624,4651,31,3,440.79,0.0,1322.37
11625,4652,28,1,2077.38,0.1,1869.64
11626,4652,3,3,4598.39,0.05,13105.41
11627,4653,31,3,440.79,0.0,1322.37
11628,4653,52,3,35725.17,0.05,101816.73
11629,4653,29,1,438.5,0.05,416.58
11630,4653,43,3,1480.37,0.0,4441.11
11631,4654,44,3,1675.89,0.05,4776.29
11632,4655,32,3,403.22,0.0,1209.66
11633,4655,8,2,7478.19,0.1,13460.74
11634,4656,13,3,1356.94,0.05,3867.28
11635,4657,4,1,4078.93,0.1,3671.04
11636,4657,43,2,1480.37,0.1,2664.67
11637,4657,18,1,316.88,0.0,316.88
11638,4658,36,2,2924.06,0.0,5848.12
11639,4658,13,1,1356.94,0.05,1289.09
11640,4658,29,1,438.5,0.1,394.65
11641,4659,13,1,1356.94,0.05,1289.09
11642,4659,32,2,403.22,0.1,725.8
11643,4659,19,3,301.26,0.0,903.78
11644,4660,32,2,403.22,0.0,806.44
11645,4661,13,1,1356.94,0.0,1356.94
11646,4661,48,3,48857.09,0.1,131914.14
11647,4661,26,1,1412.65,0.1,1271.39
11648,4662,17,3,425.94,0.1,1150.04
11649,4662,9,1,4533.34,0.0,4533.34
11650,4662,11,3,4853.64,0.0,14560.92
11651,4662,4,1,4078.93,0.0,4078.93
11652,4663,22,1,256.1,0.2,204.88
11653,4663,12,3,5553.73,0.05,15828.13
11654,4663,14,1,1335.52,0.0,1335.52
11655,4663,19,3,301.26,0.05,858.59
11656,4664,39,2,22252.18,0.0,44504.36
11657,4664,32,1,403.22,0.05,383.06
11658,4664,51,1,29838.95,0.0,29838.95
11659,4665,44,2,1675.89,0.0,3351.78
11660,4665,17,1,425.94,0.0,425.94
11661,4665,5,2,7323.99,0.0,14647.98
11662,4666,19,2,301.26,0.2,482.02
11663,4666,19,2,301.26,0.0,602.52
11664,4666,1,1,4311.34,0.0,4311.34
11665,4666,36,3,2924.06,0.05,8333.57
11666,4667,3,1,4598.39,0.2,3678.71
11667,4668,52,1,35725.17,0.0,35725.17
11668,4668,27,2,1246.0,0.0,2492.0
11669,4668,42,1,1783.38,0.0,1783.38
11670,4668,26,2,1412.65,0.0,2825.3
11671,4669,31,1,440.79,0.0,440.79
11672,4669,9,3,4533.34,0.05,12920.02
11673,4669,51,2,29838.95,0.0,59677.9
11674,4669,49,1,24383.87,0.05,23164.68
11675,4670,17,3,425.94,0.05,1213.93
11676,4670,42,1,1783.38,0.2,1426.7
11677,4671,43,1,1480.37,0.0,1480.37
11678,4671,18,1,316.88,0.0,316.88
11679,4672,43,1,1480.37,0.0,1480.37
11680,4672,14,3,1335.52,0.1,3605.9
11681,4673,24,3,291.78,0.0,875.34
11682,4673,32,1,403.22,0.05,383.06
11683,4673,48,3,48857.09,0.05,139242.71
11684,4673,19,1,301.26,0.0,301.26
11685,4674,32,1,403.22,0.0,403.22
11686,4675,38,3,21688.29,0.0,65064.87
11687,4675,20,3,337.55,0.0,1012.65
11688,4675,12,1,5553.73,0.0,5553.73
11689,4675,50,1,32122.03,0.0,32122.03
11690,4676,12,2,5553.73,0.05,10552.09
11691,4676,22,1,256.1,0.1,230.49
11692,4676,8,1,7478.19,0.05,7104.28
11693,4677,48,2,48857.09,0.0,97714.18
11694,4677,13,2,1356.94,0.05,2578.19
11695,4678,1,2,4311.34,0.1,7760.41
11696,4679,45,3,50632.32,0.05,144302.11
11697,4679,4,2,4078.93,0.0,8157.86
11698,4679,13,1,1356.94,0.0,1356.94
11699,4680,2,2,3911.93,0.0,7823.86
11700,4680,12,1,5553.73,0.2,4442.98
11701,4681,37,1,20338.2,0.0,20338.2
11702,4681,35,2,3039.94,0.0,6079.88
11703,4681,35,2,3039.94,0.1,5471.89
11704,4681,27,3,1246.0,0.1,3364.2
11705,4682,42,1,1783.38,0.0,1783.38
11706,4683,27,1,1246.0,0.2,996.8
11707,4684,12,2,5553.73,0.1,9996.71
11708,4685,16,1,1147.33,0.05,1089.96
11709,4685,9,1,4533.34,0.0,4533.34
11710,4685,10,1,5058.33,0.05,4805.41
11711,4685,23,3,381.96,0.1,1031.29
11712,4686,41,3,1458.5,0.1,3937.95
11713,4686,14,3,1335.52,0.05,3806.23
11714,4687,15,2,1717.5,0.05,3263.25
11715,4687,3,1,4598.39,0.0,4598.39
11716,4687,35,1,3039.94,0.0,3039.94
11717,4687,11,3,4853.64,0.05,13832.87
11718,4688,34,3,3937.59,0.0,11812.77
11719,4688,49,2,24383.87,0.2,39014.19
11720,4688,1,1,4311.34,0.0,4311.34
11721,4688,24,3,291.78,0.0,875.34
11722,4689,23,3,381.96,0.0,1145.88
11723,4689,20,3,337.55,0.05,962.02
11724,4689,4,2,4078.93,0.0,8157.86
11725,4690,35,1,3039.94,0.0,3039.94
11726,4690,12,2,5553.73,0.05,10552.09
11727,4691,39,3,22252.18,0.0,66756.54
11728,4691,37,3,20338.2,0.0,61014.6
11729,4691,34,3,3937.59,0.05,11222.13
11730,4691,6,1,8439.67,0.05,8017.69
11731,4692,45,1,50632.32,0.0,50632.32
11732,4692,41,2,1458.5,0.1,2625.3
11733,4693,49,1,24383.87,0.0,24383.87
11734,4693,44,2,1675.89,0.0,3351.78
11735,4693,10,1,5058.33,0.05,4805.41
11736,4693,13,1,1356.94,0.1,1221.25
11737,4694,48,2,48857.09,0.0,97714.18
11738,4694,19,3,301.26,0.1,813.4
11739,4694,42,1,1783.38,0.05,1694.21
11740,4695,48,2,48857.09,0.0,97714.18
11741,4695,25,2,1719.78,0.1,3095.6
11742,4696,11,1,4853.64,0.05,4610.96
11743,4696,36,1,2924.06,0.0,2924.06
11744,4696,29,1,438.5,0.0,438.5
11745,4697,33,1,3763.53,0.05,3575.35
11746,4697,3,3,4598.39,0.0,13795.17
11747,4697,3,3,4598.39,0.0,13795.17
11748,4698,39,1,22252.18,0.0,22252.18
11749,4698,22,3,256.1,0.2,614.64
11750,4698,42,1,1783.38,0.05,1694.21
11751,4699,11,1,4853.64,0.0,4853.64
11752,4699,3,3,4598.39,0.0,13795.17
11753,4699,18,2,316.88,0.0,633.76
11754,4699,3,2,4598.39,0.0,9196.78
11755,4700,10,2,5058.33,0.0,10116.66
11756,4700,30,2,448.49,0.0,896.98
11757,4701,39,1,22252.18,0.0,22252.18
11758,4702,40,3,16569.14,0.05,47222.05
11759,4703,7,3,11903.44,0.05,33924.8
11760,4703,32,1,403.22,0.05,383.06
11761,4703,47,2,32443.0,0.0,64886.0
11762,4704,8,1,7478.19,0.0,7478.19
11763,4704,10,2,5058.33,0.0,10116.66
11764,4704,37,1,20338.2,0.1,18304.38
11765,4705,8,3,7478.19,0.0,22434.57
11766,4705,22,3,256.1,0.0,768.3
11767,4706,20,3,337.55,0.0,1012.65
11768,4706,46,1,44103.32,0.0,44103.32
11769,4706,6,2,8439.67,0.0,16879.34
11770,4706,40,1,16569.14,0.1,14912.23
11771,4707,32,2,403.22,0.0,806.44
11772,4707,33,1,3763.53,0.05,3575.35
11773,4707,18,2,316.88,0.1,570.38
11774,4708,3,2,4598.39,0.05,8736.94
11775,4708,40,1,16569.14,0.2,13255.31
11776,4709,3,1,4598.39,0.1,4138.55
11777,4709,17,1,425.94,0.0,425.94
11778,4710,35,3,3039.94,0.2,7295.86
11779,4710,31,1,440.79,0.2,352.63
11780,4711,2,2,3911.93,0.2,6259.09
11781,4711,5,3,7323.99,0.1,19774.77
11782,4712,15,2,1717.5,0.2,2748.0
11783,4712,43,2,1480.37,0.05,2812.7
11784,4712,50,1,32122.03,0.0,32122.03
11785,4713,42,3,1783.38,0.1,4815.13
11786,4713,38,1,21688.29,0.1,19519.46
11787,4713,7,1,11903.44,0.05,11308.27
11788,4713,35,1,3039.94,0.1,2735.95
11789,4714,10,2,5058.33,0.0,10116.66
11790,4714,24,1,291.78,0.05,277.19
11791,4715,31,2,440.79,0.0,881.58
11792,4715,18,3,316.88,0.1,855.58
11793,4715,51,1,29838.95,0.0,29838.95
11794,4715,25,1,1719.78,0.0,1719.78
11795,4716,1,1,4311.34,0.05,4095.77
11796,4716,26,1,1412.65,0.0,1412.65
11797,4717,33,2,3763.53,0.1,6774.35
11798,4717,38,2,21688.29,0.0,43376.58
11799,4718,36,2,2924.06,0.0,5848.12
11800,4718,31,3,440.79,0.0,1322.37
11801,4718,52,1,35725.17,0.05,33938.91
11802,4718,29,3,438.5,0.1,1183.95
11803,4719,35,1,3039.94,0.0,3039.94
11804,4719,48,3,48857.09,0.2,117257.02
11805,4719,48,2,48857.09,0.0,97714.18
11806,4720,44,1,1675.89,0.0,1675.89
11807,4720,31,3,440.79,0.0,1322.37
11808,4720,10,1,5058.33,0.0,5058.33
11809,4721,13,1,1356.94,0.0,1356.94
11810,4721,51,1,29838.95,0.1,26855.06
11811,4721,20,2,337.55,0.0,675.1
11812,4721,7,1,11903.44,0.0,11903.44
11813,4722,35,3,3039.94,0.0,9119.82
11814,4722,43,2,1480.37,0.05,2812.7
11815,4722,22,3,256.1,0.05,729.88
11816,4722,24,3,291.78,0.05,831.57
11817,4723,4,2,4078.93,0.0,8157.86
11818,4723,25,2,1719.78,0.05,3267.58
11819,4723,27,2,1246.0,0.05,2367.4
11820,4723,17,1,425.94,0.0,425.94
11821,4724,28,1,2077.38,0.0,2077.38
11822,4724,1,2,4311.34,0.1,7760.41
11823,4725,19,1,301.26,0.1,271.13
11824,4725,42,2,1783.38,0.0,3566.76
11825,4725,22,1,256.1,0.0,256.1
11826,4726,40,3,16569.14,0.05,47222.05
11827,4726,18,3,316.88,0.0,950.64
11828,4726,45,2,50632.32,0.1,91138.18
11829,4727,1,2,4311.34,0.0,8622.68
11830,4727,5,3,7323.99,0.0,21971.97
11831,4727,48,3,48857.09,0.05,139242.71
11832,4727,2,2,3911.93,0.0,7823.86
11833,4728,14,3,1335.52,0.0,4006.56
11834,4728,32,3,403.22,0.1,1088.69
11835,4728,1,3,4311.34,0.0,12934.02
11836,4729,13,1,1356.94,0.05,1289.09
11837,4729,28,3,2077.38,0.1,5608.93
11838,4729,15,3,1717.5,0.05,4894.88
11839,4729,36,3,2924.06,0.1,7894.96
11840,4730,6,1,8439.67,0.0,8439.67
11841,4730,23,2,381.96,0.2,611.14
11842,4730,43,2,1480.37,0.0,2960.74
11843,4731,46,3,44103.32,0.0,132309.96
11844,4731,29,1,438.5,0.1,394.65
11845,4731,51,3,29838.95,0.1,80565.17
11846,4732,40,1,16569.14,0.0,16569.14
11847,4733,11,1,4853.64,0.0,4853.64
11848,4733,17,1,425.94,0.0,425.94
11849,4733,35,3,3039.94,0.2,7295.86
11850,4733,41,1,1458.5,0.0,1458.5
11851,4734,3,2,4598.39,0.2,7357.42
11852,4734,26,1,1412.65,0.0,1412.65
11853,4735,16,1,1147.33,0.05,1089.96
11854,4735,10,3,5058.33,0.0,15174.99
11855,4735,39,3,22252.18,0.1,60080.89
11856,4735,48,1,48857.09,0.1,43971.38
11857,4736,27,3,1246.0,0.1,3364.2
11858,4736,51,3,29838.95,0.0,89516.85
11859,4736,20,3,337.55,0.0,1012.65
11860,4737,18,3,316.88,0.2,760.51
11861,4738,14,3,1335.52,0.0,4006.56
11862,4739,40,3,16569.14,0.0,49707.42
11863,4739,49,1,24383.87,0.0,24383.87
11864,4739,13,2,1356.94,0.2,2171.1
11865,4739,18,1,316.88,0.1,285.19
11866,4740,18,3,316.88,0.0,950.64
11867,4740,31,2,440.79,0.0,881.58
11868,4740,3,3,4598.39,0.0,13795.17
11869,4741,12,2,5553.73,0.0,11107.46
11870,4742,16,1,1147.33,0.1,1032.6
11871,4742,43,2,1480.37,0.0,2960.74
11872,4742,33,1,3763.53,0.0,3763.53
11873,4742,22,1,256.1,0.2,204.88
11874,4743,35,3,3039.94,0.05,8663.83
11875,4743,27,1,1246.0,0.2,996.8
11876,4743,10,3,5058.33,0.05,14416.24
11877,4743,11,2,4853.64,0.05,9221.92
11878,4744,18,1,316.88,0.2,253.5
11879,4744,15,3,1717.5,0.0,5152.5
11880,4744,29,1,438.5,0.05,416.58
11881,4744,40,1,16569.14,0.0,16569.14
11882,4745,50,2,32122.03,0.0,64244.06
11883,4745,22,3,256.1,0.2,614.64
11884,4745,32,1,403.22,0.0,403.22
11885,4746,34,3,3937.59,0.2,9450.22
11886,4746,2,1,3911.93,0.05,3716.33
11887,4747,28,1,2077.38,0.05,1973.51
11888,4747,44,3,1675.89,0.0,5027.67
11889,4747,18,2,316.88,0.05,602.07
11890,4748,24,3,291.78,0.0,875.34
11891,4748,8,1,7478.19,0.0,7478.19
11892,4749,48,3,48857.09,0.0,146571.27
11893,4750,51,1,29838.95,0.0,29838.95
11894,4750,14,2,1335.52,0.0,2671.04
11895,4751,5,2,7323.99,0.0,14647.98
11896,4751,14,2,1335.52,0.0,2671.04
11897,4751,28,2,2077.38,0.0,4154.76
11898,4752,1,3,4311.34,0.05,12287.32
11899,4752,12,3,5553.73,0.0,16661.19
11900,4752,25,1,1719.78,0.0,1719.78
11901,4753,25,2,1719.78,0.05,3267.58
11902,4754,13,1,1356.94,0.0,1356.94
11903,4754,18,2,316.88,0.2,507.01
11904,4754,38,3,21688.29,0.2,52051.9
11905,4755,4,2,4078.93,0.1,7342.07
11906,4755,43,2,1480.37,0.05,2812.7
11907,4755,19,3,301.26,0.05,858.59
11908,4755,31,3,440.79,0.1,1190.13
11909,4756,3,1,4598.39,0.0,4598.39
11910,4756,17,2,425.94,0.1,766.69
11911,4757,41,2,1458.5,0.05,2771.15
11912,4757,2,1,3911.93,0.0,3911.93
11913,4757,3,2,4598.39,0.0,9196.78
11914,4757,13,1,1356.94,0.1,1221.25
11915,4758,51,3,29838.95,0.05,85041.01
11916,4758,40,1,16569.14,0.0,16569.14
11917,4759,11,1,4853.64,0.1,4368.28
11918,4759,8,3,7478.19,0.0,22434.57
11919,4760,10,3,5058.33,0.0,15174.99
11920,4760,30,1,448.49,0.0,448.49
11921,4760,25,3,1719.78,0.0,5159.34
11922,4760,15,1,1717.5,0.0,1717.5
11923,4761,19,2,301.26,0.0,602.52
11924,4761,26,2,1412.65,0.0,2825.3
11925,4762,20,3,337.55,0.1,911.39
11926,4762,48,1,48857.09,0.05,46414.24
11927,4762,24,3,291.78,0.0,875.34
11928,4762,38,2,21688.29,0.0,43376.58
11929,4763,19,2,301.26,0.05,572.39
11930,4763,37,3,20338.2,0.0,61014.6
11931,4763,30,1,448.49,0.1,403.64
11932,4763,16,3,1147.33,0.0,3441.99
11933,4764,26,3,1412.65,0.0,4237.95
11934,4765,24,3,291.78,0.0,875.34
11935,4765,48,3,48857.09,0.0,146571.27
11936,4766,41,2,1458.5,0.05,2771.15
11937,4766,43,1,1480.37,0.0,1480.37
11938,4766,29,2,438.5,0.1,789.3
11939,4766,9,3,4533.34,0.0,13600.02
11940,4767,27,1,1246.0,0.0,1246.0
11941,4767,18,2,316.88,0.05,602.07
11942,4767,41,1,1458.5,0.1,1312.65
11943,4767,44,1,1675.89,0.0,1675.89
11944,4768,37,2,20338.2,0.1,36608.76
11945,4769,51,2,29838.95,0.0,59677.9
11946,4769,23,3,381.96,0.1,1031.29
11947,4770,44,1,1675.89,0.0,1675.89
11948,4771,12,3,5553.73,0.2,13328.95
11949,4771,35,3,3039.94,0.1,8207.84
11950,4771,10,3,5058.33,0.05,14416.24
11951,4771,40,3,16569.14,0.0,49707.42
11952,4772,49,3,24383.87,0.0,73151.61
11953,4772,47,1,32443.0,0.0,32443.0
11954,4772,36,1,2924.06,0.05,2777.86
11955,4772,27,1,1246.0,0.0,1246.0
11956,4773,26,3,1412.65,0.0,4237.95
11957,4774,21,2,395.89,0.05,752.19
11958,4774,12,3,5553.73,0.0,16661.19
11959,4775,36,3,2924.06,0.05,8333.57
11960,4775,21,2,395.89,0.0,791.78
11961,4775,30,1,448.49,0.1,403.64
11962,4776,44,1,1675.89,0.2,1340.71
11963,4777,1,2,4311.34,0.0,8622.68
11964,4777,47,2,32443.0,0.1,58397.4
11965,4777,17,2,425.94,0.0,851.88
11966,4778,11,3,4853.64,0.05,13832.87
11967,4778,41,3,1458.5,0.0,4375.5
11968,4779,6,3,8439.67,0.0,25319.01
11969,4780,39,2,22252.18,0.1,40053.92
11970,4780,16,2,1147.33,0.05,2179.93
11971,4780,5,3,7323.99,0.05,20873.37
11972,4780,49,2,24383.87,0.0,48767.74
11973,4781,13,2,1356.94,0.1,2442.49
11974,4782,14,3,1335.52,0.0,4006.56
11975,4782,18,1,316.88,0.2,253.5
11976,4782,12,3,5553.73,0.0,16661.19
11977,4782,16,3,1147.33,0.0,3441.99
11978,4783,47,3,32443.0,0.05,92462.55
11979,4783,6,2,8439.67,0.0,16879.34
11980,4784,29,1,438.5,0.1,394.65
11981,4784,47,3,32443.0,0.0,97329.0
11982,4784,26,3,1412.65,0.1,3814.16
11983,4785,7,3,11903.44,0.05,33924.8
11984,4786,49,3,24383.87,0.0,73151.61
11985,4786,40,3,16569.14,0.05,47222.05
11986,4786,16,1,1147.33,0.0,1147.33
11987,4786,7,2,11903.44,0.0,23806.88
11988,4787,27,1,1246.0,0.0,1246.0
11989,4787,29,3,438.5,0.1,1183.95
11990,4787,38,2,21688.29,0.1,39038.92
11991,4787,38,2,21688.29,0.05,41207.75
11992,4788,12,1,5553.73,0.1,4998.36
11993,4788,23,3,381.96,0.0,1145.88
11994,4789,40,3,16569.14,0.1,44736.68
11995,4789,4,2,4078.93,0.0,8157.86
11996,4790,41,1,1458.5,0.1,1312.65
11997,4790,24,2,291.78,0.05,554.38
11998,4791,41,3,1458.5,0.0,4375.5
11999,4791,42,1,1783.38,0.05,1694.21
12000,4792,32,1,403.22,0.0,403.22
12001,4792,47,3,32443.0,0.05,92462.55
12002,4792,35,1,3039.94,0.0,3039.94
12003,4793,16,1,1147.33,0.0,1147.33
12004,4793,51,3,29838.95,0.0,89516.85
12005,4793,18,2,316.88,0.0,633.76
12006,4794,46,1,44103.32,0.0,44103.32
12007,4794,30,3,448.49,0.0,1345.47
12008,4795,6,2,8439.67,0.0,16879.34
12009,4795,38,1,21688.29,0.1,19519.46
12010,4795,39,3,22252.18,0.2,53405.23
12011,4796,23,2,381.96,0.0,763.92
12012,4796,21,2,395.89,0.0,791.78
12013,4796,52,1,35725.17,0.0,35725.17
12014,4797,12,1,5553.73,0.0,5553.73
12015,4797,30,2,448.49,0.1,807.28
12016,4797,49,3,24383.87,0.0,73151.61
12017,4798,37,1,20338.2,0.05,19321.29
12018,4798,33,1,3763.53,0.0,3763.53
12019,4798,8,2,7478.19,0.0,14956.38
12020,4799,4,2,4078.93,0.2,6526.29
12021,4799,30,1,448.49,0.1,403.64
12022,4799,18,2,316.88,0.2,507.01
12023,4799,51,1,29838.95,0.0,29838.95
12024,4800,33,1,3763.53,0.0,3763.53
12025,4800,37,2,20338.2,0.0,40676.4
12026,4800,34,3,3937.59,0.05,11222.13
12027,4800,30,2,448.49,0.0,896.98
12028,4801,21,2,395.89,0.0,791.78
12029,4801,6,3,8439.67,0.2,20255.21
12030,4802,10,3,5058.33,0.0,15174.99
12031,4802,43,3,1480.37,0.05,4219.05
12032,4803,9,3,4533.34,0.1,12240.02
12033,4803,12,2,5553.73,0.1,9996.71
12034,4804,34,1,3937.59,0.0,3937.59
12035,4804,4,2,4078.93,0.2,6526.29
12036,4804,50,2,32122.03,0.1,57819.65
12037,4805,46,1,44103.32,0.05,41898.15
12038,4806,24,3,291.78,0.05,831.57
12039,4806,50,1,32122.03,0.0,32122.03
12040,4807,14,2,1335.52,0.1,2403.94
12041,4807,46,2,44103.32,0.1,79385.98
12042,4807,42,3,1783.38,0.05,5082.63
12043,4808,24,2,291.78,0.0,583.56
12044,4808,29,1,438.5,0.1,394.65
12045,4809,13,2,1356.94,0.0,2713.88
12046,4810,32,2,403.22,0.0,806.44
12047,4811,2,1,3911.93,0.05,3716.33
12048,4811,2,3,3911.93,0.0,11735.79
12049,4811,37,3,20338.2,0.1,54913.14
12050,4811,13,2,1356.94,0.05,2578.19
12051,4812,29,3,438.5,0.1,1183.95
12052,4812,51,3,29838.95,0.05,85041.01
12053,4812,48,1,48857.09,0.0,48857.09
12054,4812,3,3,4598.39,0.05,13105.41
12055,4813,27,1,1246.0,0.2,996.8
12056,4813,38,1,21688.29,0.1,19519.46
12057,4813,27,2,1246.0,0.0,2492.0
12058,4814,22,2,256.1,0.0,512.2
12059,4814,5,2,7323.99,0.0,14647.98
12060,4815,46,1,44103.32,0.0,44103.32
12061,4815,7,1,11903.44,0.0,11903.44
12062,4815,1,3,4311.34,0.0,12934.02
12063,4816,18,3,316.88,0.0,950.64
12064,4816,37,2,20338.2,0.05,38642.58
12065,4816,24,2,291.78,0.05,554.38
12066,4817,52,2,35725.17,0.0,71450.34
12067,4817,49,3,24383.87,0.2,58521.29
12068,4817,30,1,448.49,0.1,403.64
12069,4817,17,1,425.94,0.05,404.64
12070,4818,21,2,395.89,0.2,633.42
12071,4818,7,3,11903.44,0.0,35710.32
12072,4818,8,2,7478.19,0.2,11965.1
12073,4818,34,1,3937.59,0.0,3937.59
12074,4819,10,2,5058.33,0.05,9610.83
12075,4819,11,3,4853.64,0.0,14560.92
12076,4820,49,3,24383.87,0.0,73151.61
12077,4820,1,2,4311.34,0.0,8622.68
12078,4820,4,3,4078.93,0.05,11624.95
12079,4821,33,2,3763.53,0.0,7527.06
12080,4822,15,3,1717.5,0.0,5152.5
12081,4822,12,1,5553.73,0.1,4998.36
12082,4822,1,1,4311.34,0.0,4311.34
12083,4823,14,2,1335.52,0.2,2136.83
12084,4823,29,1,438.5,0.1,394.65
12085,4823,1,3,4311.34,0.0,12934.02
12086,4824,1,2,4311.34,0.1,7760.41
12087,4824,45,3,50632.32,0.0,151896.96
12088,4825,50,1,32122.03,0.1,28909.83
12089,4825,31,2,440.79,0.1,793.42
12090,4826,14,3,1335.52,0.1,3605.9
12091,4827,20,1,337.55,0.0,337.55
12092,4827,49,3,24383.87,0.0,73151.61
12093,4828,6,1,8439.67,0.05,8017.69
12094,4828,15,1,1717.5,0.05,1631.62
12095,4828,7,1,11903.44,0.0,11903.44
12096,4829,43,2,1480.37,0.0,2960.74
12097,4830,38,1,21688.29,0.0,21688.29
12098,4830,4,1,4078.93,0.0,4078.93
12099,4830,45,2,50632.32,0.2,81011.71
12100,4830,3,1,4598.39,0.0,4598.39
12101,4831,50,1,32122.03,0.2,25697.62
12102,4831,12,2,5553.73,0.0,11107.46
12103,4831,27,3,1246.0,0.2,2990.4
12104,4832,37,2,20338.2,0.05,38642.58
12105,4833,46,1,44103.32,0.05,41898.15
12106,4834,36,3,2924.06,0.0,8772.18
12107,4834,22,3,256.1,0.05,729.88
12108,4834,22,2,256.1,0.05,486.59
12109,4835,24,2,291.78,0.1,525.2
12110,4835,37,3,20338.2,0.0,61014.6
12111,4835,6,1,8439.67,0.0,8439.67
12112,4836,34,3,3937.59,0.0,11812.77
12113,4836,26,2,1412.65,0.1,2542.77
12114,4836,43,1,1480.37,0.0,1480.37
12115,4837,28,3,2077.38,0.0,6232.14
12116,4837,33,3,3763.53,0.0,11290.59
12117,4838,6,3,8439.67,0.0,25319.01
12118,4838,30,3,448.49,0.05,1278.2
12119,4838,39,2,22252.18,0.05,42279.14
12120,4839,52,1,35725.17,0.0,35725.17
12121,4839,24,2,291.78,0.0,583.56
12122,4840,38,1,21688.29,0.0,21688.29
12123,4841,29,3,438.5,0.0,1315.5
12124,4842,45,3,50632.32,0.0,151896.96
12125,4842,14,2,1335.52,0.0,2671.04
12126,4842,30,2,448.49,0.0,896.98
12127,4842,18,2,316.88,0.2,507.01
12128,4843,11,2,4853.64,0.05,9221.92
12129,4843,3,3,4598.39,0.2,11036.14
12130,4844,28,2,2077.38,0.1,3739.28
12131,4844,43,2,1480.37,0.0,2960.74
12132,4844,16,1,1147.33,0.0,1147.33
12133,4844,9,2,4533.34,0.0,9066.68
12134,4845,34,1,3937.59,0.0,3937.59
12135,4845,29,1,438.5,0.0,438.5
12136,4845,43,2,1480.37,0.0,2960.74
12137,4845,33,1,3763.53,0.05,3575.35
12138,4846,41,1,1458.5,0.0,1458.5
12139,4846,3,3,4598.39,0.0,13795.17
12140,4846,35,3,3039.94,0.0,9119.82
12141,4846,19,1,301.26,0.2,241.01
12142,4847,40,1,16569.14,0.05,15740.68
12143,4847,40,3,16569.14,0.1,44736.68
12144,4848,31,3,440.79,0.2,1057.9
12145,4848,46,2,44103.32,0.05,83796.31
12146,4849,8,3,7478.19,0.05,21312.84
12147,4849,4,2,4078.93,0.0,8157.86
12148,4849,9,1,4533.34,0.1,4080.01
12149,4850,34,2,3937.59,0.1,7087.66
12150,4850,14,1,1335.52,0.05,1268.74
12151,4850,3,3,4598.39,0.2,11036.14
12152,4851,40,1,16569.14,0.0,16569.14
12153,4851,23,2,381.96,0.0,763.92
12154,4851,22,2,256.1,0.05,486.59
12155,4851,21,1,395.89,0.2,316.71
12156,4852,37,1,20338.2,0.0,20338.2
12157,4853,45,1,50632.32,0.0,50632.32
12158,4854,11,2,4853.64,0.1,8736.55
12159,4854,45,2,50632.32,0.2,81011.71
12160,4854,20,2,337.55,0.0,675.1
12161,4854,45,2,50632.32,0.05,96201.41
12162,4855,40,2,16569.14,0.1,29824.45
12163,4855,14,3,1335.52,0.0,4006.56
12164,4855,21,2,395.89,0.05,752.19
12165,4855,33,1,3763.53,0.0,3763.53
12166,4856,25,2,1719.78,0.0,3439.56
12167,4857,37,3,20338.2,0.0,61014.6
12168,4857,22,2,256.1,0.0,512.2
12169,4857,46,1,44103.32,0.05,41898.15
12170,4857,20,2,337.55,0.0,675.1
12171,4858,33,1,3763.53,0.2,3010.82
12172,4858,37,2,20338.2,0.1,36608.76
12173,4858,36,3,2924.06,0.1,7894.96
12174,4859,6,3,8439.67,0.0,25319.01
12175,4860,2,3,3911.93,0.0,11735.79
12176,4860,26,2,1412.65,0.05,2684.04
12177,4860,4,2,4078.93,0.1,7342.07
12178,4861,49,2,24383.87,0.2,39014.19
12179,4861,11,1,4853.64,0.0,4853.64
12180,4861,48,3,48857.09,0.0,146571.27
12181,4861,35,1,3039.94,0.0,3039.94
12182,4862,13,2,1356.94,0.0,2713.88
12183,4862,25,1,1719.78,0.0,1719.78
12184,4863,18,2,316.88,0.05,602.07
12185,4864,48,1,48857.09,0.2,39085.67
12186,4864,22,3,256.1,0.2,614.64
12187,4865,39,1,22252.18,0.1,20026.96
12188,4865,28,2,2077.38,0.0,4154.76
12189,4865,35,1,3039.94,0.05,2887.94
12190,4865,27,2,1246.0,0.05,2367.4
12191,4866,46,2,44103.32,0.05,83796.31
12192,4866,27,3,1246.0,0.0,3738.0
12193,4866,45,1,50632.32,0.05,48100.7
12194,4867,46,2,44103.32,0.0,88206.64
12195,4867,11,1,4853.64,0.1,4368.28
12196,4867,42,2,1783.38,0.0,3566.76
12197,4867,29,2,438.5,0.0,877.0
12198,4868,1,1,4311.34,0.2,3449.07
12199,4868,17,2,425.94,0.1,766.69
12200,4868,44,2,1675.89,0.05,3184.19
12201,4869,48,1,48857.09,0.05,46414.24
12202,4870,22,1,256.1,0.2,204.88
12203,4870,3,3,4598.39,0.1,12415.65
12204,4871,9,2,4533.34,0.2,7253.34
12205,4872,37,2,20338.2,0.2,32541.12
12206,4873,28,1,2077.38,0.05,1973.51
12207,4873,26,1,1412.65,0.0,1412.65
12208,4873,26,3,1412.65,0.0,4237.95
12209,4873,49,2,24383.87,0.2,39014.19
12210,4874,44,1,1675.89,0.0,1675.89
12211,4875,52,2,35725.17,0.0,71450.34
12212,4875,14,3,1335.52,0.1,3605.9
12213,4875,29,2,438.5,0.05,833.15
12214,4875,43,1,1480.37,0.1,1332.33
12215,4876,28,1,2077.38,0.0,2077.38
12216,4876,39,2,22252.18,0.0,44504.36
12217,4877,23,2,381.96,0.0,763.92
12218,4878,29,1,438.5,0.0,438.5
12219,4878,19,2,301.26,0.0,602.52
12220,4878,12,1,5553.73,0.0,5553.73
12221,4879,10,1,5058.33,0.0,5058.33
12222,4880,4,3,4078.93,0.1,11013.11
12223,4880,5,2,7323.99,0.0,14647.98
12224,4880,47,1,32443.0,0.1,29198.7
12225,4880,9,3,4533.34,0.05,12920.02
12226,4881,18,2,316.88,0.1,570.38
12227,4881,5,2,7323.99,0.1,13183.18
12228,4882,17,3,425.94,0.05,1213.93
12229,4882,18,1,316.88,0.0,316.88
12230,4882,42,2,1783.38,0.0,3566.76
12231,4883,25,3,1719.78,0.1,4643.41
12232,4883,8,3,7478.19,0.0,22434.57
12233,4883,3,2,4598.39,0.0,9196.78
12234,4884,7,2,11903.44,0.0,23806.88
12235,4884,44,1,1675.89,0.1,1508.3
12236,4884,3,1,4598.39,0.1,4138.55
12237,4885,31,1,440.79,0.0,440.79
12238,4885,43,1,1480.37,0.05,1406.35
12239,4885,30,1,448.49,0.05,426.07
12240,4885,15,1,1717.5,0.0,1717.5
12241,4886,10,1,5058.33,0.0,5058.33
12242,4887,23,1,381.96,0.0,381.96
12243,4887,11,2,4853.64,0.05,9221.92
12244,4887,27,2,1246.0,0.0,2492.0
12245,4887,40,3,16569.14,0.05,47222.05
12246,4888,20,1,337.55,0.05,320.67
12247,4888,6,2,8439.67,0.1,15191.41
12248,4888,42,2,1783.38,0.2,2853.41
12249,4889,47,3,32443.0,0.0,97329.0
12250,4890,51,1,29838.95,0.1,26855.06
12251,4891,7,2,11903.44,0.0,23806.88
12252,4892,10,3,5058.33,0.05,14416.24
12253,4892,3,1,4598.39,0.2,3678.71
12254,4893,9,3,4533.34,0.1,12240.02
12255,4894,16,1,1147.33,0.1,1032.6
12256,4894,7,1,11903.44,0.0,11903.44
12257,4894,13,1,1356.94,0.0,1356.94
12258,4895,23,1,381.96,0.0,381.96
12259,4895,6,2,8439.67,0.0,16879.34
12260,4895,5,1,7323.99,0.05,6957.79
12261,4895,22,1,256.1,0.0,256.1
12262,4896,38,1,21688.29,0.05,20603.88
12263,4896,40,2,16569.14,0.05,31481.37
12264,4896,2,2,3911.93,0.1,7041.47
12265,4897,21,1,395.89,0.0,395.89
12266,4898,15,2,1717.5,0.05,3263.25
12267,4898,29,2,438.5,0.05,833.15
12268,4898,23,3,381.96,0.1,1031.29
12269,4899,5,2,7323.99,0.05,13915.58
12270,4900,29,3,438.5,0.05,1249.72
12271,4901,41,3,1458.5,0.1,3937.95
12272,4901,2,1,3911.93,0.1,3520.74
12273,4902,19,1,301.26,0.0,301.26
12274,4902,49,3,24383.87,0.05,69494.03
12275,4902,7,2,11903.44,0.0,23806.88
12276,4903,39,3,22252.18,0.05,63418.71
12277,4903,38,3,21688.29,0.0,65064.87
12278,4904,1,2,4311.34,0.05,8191.55
12279,4904,38,3,21688.29,0.05,61811.63
12280,4904,2,2,3911.93,0.0,7823.86
12281,4905,41,1,1458.5,0.0,1458.5
12282,4905,43,3,1480.37,0.1,3997.0
12283,4905,52,3,35725.17,0.0,107175.51
12284,4905,20,2,337.55,0.0,675.1
12285,4906,12,2,5553.73,0.0,11107.46
12286,4906,46,1,44103.32,0.0,44103.32
12287,4907,9,2,4533.34,0.05,8613.35
12288,4907,16,3,1147.33,0.0,3441.99
12289,4907,10,1,5058.33,0.0,5058.33
12290,4908,6,2,8439.67,0.0,16879.34
12291,4908,43,2,1480.37,0.0,2960.74
12292,4908,20,3,337.55,0.05,962.02
12293,4909,52,2,35725.17,0.05,67877.82
12294,4910,18,2,316.88,0.05,602.07
12295,4911,22,2,256.1,0.05,486.59
12296,4911,5,3,7323.99,0.0,21971.97
12297,4911,36,2,2924.06,0.0,5848.12
12298,4911,51,3,29838.95,0.0,89516.85
12299,4912,31,1,440.79,0.05,418.75
12300,4912,12,1,5553.73,0.0,5553.73
12301,4912,37,1,20338.2,0.1,18304.38
12302,4912,6,3,8439.67,0.0,25319.01
12303,4913,45,3,50632.32,0.0,151896.96
12304,4914,19,1,301.26,0.1,271.13
12305,4914,2,1,3911.93,0.05,3716.33
12306,4914,33,3,3763.53,0.0,11290.59
12307,4915,28,3,2077.38,0.0,6232.14
12308,4915,42,3,1783.38,0.0,5350.14
12309,4915,27,1,1246.0,0.05,1183.7
12310,4915,52,1,35725.17,0.1,32152.65
12311,4916,40,3,16569.14,0.1,44736.68
12312,4916,9,1,4533.34,0.0,4533.34
12313,4916,23,3,381.96,0.05,1088.59
12314,4917,16,2,1147.33,0.05,2179.93
12315,4917,29,1,438.5,0.0,438.5
12316,4917,15,2,1717.5,0.0,3435.0
12317,4917,40,2,16569.14,0.05,31481.37
12318,4918,11,2,4853.64,0.0,9707.28
12319,4918,51,3,29838.95,0.0,89516.85
12320,4919,20,2,337.55,0.1,607.59
12321,4919,1,2,4311.34,0.05,8191.55
12322,4920,20,2,337.55,0.05,641.34
12323,4920,49,3,24383.87,0.05,69494.03
12324,4921,16,1,1147.33,0.0,1147.33
12325,4921,43,2,1480.37,0.0,2960.74
12326,4921,19,3,301.26,0.1,813.4
12327,4922,7,1,11903.44,0.05,11308.27
12328,4923,31,1,440.79,0.05,418.75
12329,4923,17,3,425.94,0.0,1277.82
12330,4923,21,3,395.89,0.05,1128.29
12331,4924,45,1,50632.32,0.2,40505.86
12332,4924,25,3,1719.78,0.0,5159.34
12333,4924,43,2,1480.37,0.0,2960.74
12334,4925,25,2,1719.78,0.0,3439.56
12335,4925,28,3,2077.38,0.0,6232.14
12336,4925,47,1,32443.0,0.05,30820.85
12337,4925,42,1,1783.38,0.05,1694.21
12338,4926,34,1,3937.59,0.0,3937.59
12339,4926,15,3,1717.5,0.0,5152.5
12340,4926,1,1,4311.34,0.1,3880.21
12341,4926,45,2,50632.32,0.0,101264.64
12342,4927,24,2,291.78,0.1,525.2
12343,4928,44,3,1675.89,0.0,5027.67
12344,4928,38,2,21688.29,0.05,41207.75
12345,4928,40,2,16569.14,0.0,33138.28
12346,4929,5,1,7323.99,0.0,7323.99
12347,4930,38,2,21688.29,0.0,43376.58
12348,4930,14,1,1335.52,0.0,1335.52
12349,4931,7,1,11903.44,0.0,11903.44
12350,4931,11,1,4853.64,0.05,4610.96
12351,4931,7,1,11903.44,0.0,11903.44
12352,4932,21,1,395.89,0.0,395.89
12353,4932,8,2,7478.19,0.0,14956.38
12354,4932,19,2,301.26,0.0,602.52
12355,4932,44,3,1675.89,0.05,4776.29
12356,4933,17,2,425.94,0.0,851.88
12357,4933,13,2,1356.94,0.0,2713.88
12358,4933,49,1,24383.87,0.0,24383.87
12359,4934,28,2,2077.38,0.0,4154.76
12360,4934,15,2,1717.5,0.0,3435.0
12361,4934,7,1,11903.44,0.05,11308.27
12362,4935,11,2,4853.64,0.05,9221.92
12363,4935,38,1,21688.29,0.0,21688.29
12364,4935,39,3,22252.18,0.1,60080.89
12365,4935,13,3,1356.94,0.0,4070.82
12366,4936,5,3,7323.99,0.0,21971.97
12367,4937,8,3,7478.19,0.0,22434.57
12368,4938,48,3,48857.09,0.0,146571.27
12369,4938,15,3,1717.5,0.1,4637.25
12370,4939,20,2,337.55,0.0,675.1
12371,4939,30,3,448.49,0.1,1210.92
12372,4940,18,2,316.88,0.1,570.38
12373,4940,49,3,24383.87,0.0,73151.61
12374,4940,7,2,11903.44,0.0,23806.88
12375,4940,31,1,440.79,0.0,440.79
12376,4941,29,3,438.5,0.0,1315.5
12377,4941,13,1,1356.94,0.0,1356.94
12378,4941,28,2,2077.38,0.1,3739.28
12379,4941,41,3,1458.5,0.0,4375.5
12380,4942,18,2,316.88,0.2,507.01
12381,4942,2,1,3911.93,0.05,3716.33
12382,4943,26,1,1412.65,0.2,1130.12
12383,4943,15,3,1717.5,0.05,4894.88
12384,4943,47,3,32443.0,0.1,87596.1
12385,4943,31,3,440.79,0.0,1322.37
12386,4944,14,2,1335.52,0.2,2136.83
12387,4944,1,2,4311.34,0.0,8622.68
12388,4944,35,3,3039.94,0.0,9119.82
12389,4944,33,3,3763.53,0.0,11290.59
12390,4945,46,1,44103.32,0.0,44103.32
12391,4945,17,2,425.94,0.05,809.29
12392,4946,28,1,2077.38,0.05,1973.51
12393,4946,3,1,4598.39,0.0,4598.39
12394,4946,29,1,438.5,0.0,438.5
12395,4946,19,2,301.26,0.0,602.52
12396,4947,8,2,7478.19,0.0,14956.38
12397,4947,12,1,5553.73,0.2,4442.98
12398,4947,51,1,29838.95,0.2,23871.16
12399,4947,43,3,1480.37,0.0,4441.11
12400,4948,17,3,425.94,0.0,1277.82
12401,4948,7,2,11903.44,0.0,23806.88
12402,4948,35,1,3039.94,0.0,3039.94
12403,4949,20,1,337.55,0.05,320.67
12404,4950,46,1,44103.32,0.0,44103.32
12405,4950,45,2,50632.32,0.0,101264.64
12406,4950,26,1,1412.65,0.0,1412.65
12407,4951,27,3,1246.0,0.05,3551.1
12408,4951,7,2,11903.44,0.0,23806.88
12409,4951,29,3,438.5,0.0,1315.5
12410,4952,20,3,337.55,0.05,962.02
12411,4952,51,3,29838.95,0.0,89516.85
12412,4953,24,2,291.78,0.0,583.56
12413,4953,16,1,1147.33,0.0,1147.33
12414,4953,47,3,32443.0,0.1,87596.1
12415,4954,37,3,20338.2,0.05,57963.87
12416,4954,26,1,1412.65,0.05,1342.02
12417,4955,38,2,21688.29,0.05,41207.75
12418,4955,9,1,4533.34,0.0,4533.34
12419,4955,36,1,2924.06,0.05,2777.86
12420,4956,13,3,1356.94,0.0,4070.82
12421,4956,32,2,403.22,0.0,806.44
12422,4956,46,1,44103.32,0.1,39692.99
12423,4956,14,1,1335.52,0.0,1335.52
12424,4957,31,3,440.79,0.1,1190.13
12425,4957,24,3,291.78,0.0,875.34
12426,4958,30,2,448.49,0.0,896.98
12427,4958,36,1,2924.06,0.0,2924.06
12428,4958,21,3,395.89,0.0,1187.67
12429,4958,40,3,16569.14,0.05,47222.05
12430,4959,6,1,8439.67,0.1,7595.7
12431,4960,40,2,16569.14,0.0,33138.28
12432,4960,23,1,381.96,0.05,362.86
12433,4960,48,2,48857.09,0.0,97714.18
12434,4960,17,3,425.94,0.0,1277.82
12435,4961,12,2,5553.73,0.0,11107.46
12436,4961,13,2,1356.94,0.0,2713.88
12437,4961,43,2,1480.37,0.2,2368.59
12438,4961,20,3,337.55,0.2,810.12
12439,4962,6,1,8439.67,0.0,8439.67
12440,4962,2,3,3911.93,0.0,11735.79
12441,4962,52,2,35725.17,0.05,67877.82
12442,4963,20,3,337.55,0.1,911.39
12443,4964,51,3,29838.95,0.0,89516.85
12444,4964,29,2,438.5,0.05,833.15
12445,4965,24,3,291.78,0.0,875.34
12446,4966,5,2,7323.99,0.0,14647.98
12447,4967,48,1,48857.09,0.1,43971.38
12448,4967,16,2,1147.33,0.0,2294.66
12449,4967,35,1,3039.94,0.05,2887.94
12450,4967,13,2,1356.94,0.05,2578.19
12451,4968,46,3,44103.32,0.1,119078.96
12452,4968,29,2,438.5,0.0,877.0
12453,4969,43,3,1480.37,0.05,4219.05
12454,4969,24,2,291.78,0.0,583.56
12455,4969,39,3,22252.18,0.2,53405.23
12456,4970,22,1,256.1,0.1,230.49
12457,4970,11,3,4853.64,0.0,14560.92
12458,4971,34,3,3937.59,0.05,11222.13
12459,4971,36,3,2924.06,0.0,8772.18
12460,4971,33,1,3763.53,0.1,3387.18
12461,4971,48,1,48857.09,0.0,48857.09
12462,4972,28,3,2077.38,0.1,5608.93
12463,4973,3,2,4598.39,0.0,9196.78
12464,4973,37,2,20338.2,0.0,40676.4
12465,4974,23,2,381.96,0.0,763.92
12466,4974,7,3,11903.44,0.0,35710.32
12467,4974,48,3,48857.09,0.0,146571.27
12468,4974,7,2,11903.44,0.2,19045.5
12469,4975,35,2,3039.94,0.0,6079.88
12470,4975,9,2,4533.34,0.0,9066.68
12471,4975,6,1,8439.67,0.05,8017.69
12472,4975,26,3,1412.65,0.1,3814.16
12473,4976,36,3,2924.06,0.1,7894.96
12474,4977,26,2,1412.65,0.0,2825.3
12475,4977,4,2,4078.93,0.0,8157.86
12476,4978,26,1,1412.65,0.1,1271.39
12477,4979,21,3,395.89,0.0,1187.67
12478,4979,41,3,1458.5,0.0,4375.5
12479,4979,51,3,29838.95,0.05,85041.01
12480,4979,14,2,1335.52,0.0,2671.04
12481,4980,32,1,403.22,0.0,403.22
12482,4980,34,1,3937.59,0.2,3150.07
12483,4980,23,3,381.96,0.0,1145.88
12484,4981,26,3,1412.65,0.1,3814.16
12485,4982,30,3,448.49,0.0,1345.47
12486,4982,10,3,5058.33,0.0,15174.99
12487,4982,11,3,4853.64,0.0,14560.92
12488,4983,5,1,7323.99,0.2,5859.19
12489,4984,21,3,395.89,0.1,1068.9
12490,4984,36,1,2924.06,0.1,2631.65
12491,4984,11,3,4853.64,0.0,14560.92
12492,4985,31,1,440.79,0.1,396.71
12493,4985,25,2,1719.78,0.05,3267.58
12494,4986,39,1,22252.18,0.05,21139.57
12495,4986,25,1,1719.78,0.0,1719.78
12496,4987,7,2,11903.44,0.05,22616.54
12497,4987,2,2,3911.93,0.1,7041.47
12498,4987,42,3,1783.38,0.05,5082.63
12499,4988,16,1,1147.33,0.1,1032.6
12500,4988,37,3,20338.2,0.0,61014.6
12501,4989,46,2,44103.32,0.1,79385.98
12502,4989,48,2,48857.09,0.0,97714.18
12503,4989,45,1,50632.32,0.05,48100.7
12504,4989,13,1,1356.94,0.05,1289.09
12505,4990,13,1,1356.94,0.1,1221.25
12506,4991,35,3,3039.94,0.05,8663.83
12507,4991,6,1,8439.67,0.05,8017.69
12508,4991,8,3,7478.19,0.1,20191.11
12509,4991,9,3,4533.34,0.1,12240.02
12510,4992,37,1,20338.2,0.0,20338.2
12511,4992,29,1,438.5,0.0,438.5
12512,4992,10,3,5058.33,0.05,14416.24
12513,4993,39,3,22252.18,0.2,53405.23
12514,4993,49,2,24383.87,0.2,39014.19
12515,4994,32,1,403.22,0.05,383.06
12516,4995,22,2,256.1,0.05,486.59
12517,4995,37,1,20338.2,0.05,19321.29
12518,4996,31,1,440.79,0.1,396.71
12519,4997,44,2,1675.89,0.1,3016.6
12520,4997,40,2,16569.14,0.0,33138.28
12521,4997,36,1,2924.06,0.0,2924.06
12522,4997,22,1,256.1,0.05,243.3
12523,4998,7,1,11903.44,0.0,11903.44
12524,4998,11,1,4853.64,0.1,4368.28
12525,4998,36,2,2924.06,0.0,5848.12
12526,4999,27,3,1246.0,0.2,2990.4
12527,5000,30,3,448.49,0.0,1345.47
12528,5000,36,2,2924.06,0.0,5848.12
12529,5001,38,1,21688.29,0.1,19519.46
12530,5002,44,2,1675.89,0.0,3351.78
12531,5002,52,2,35725.17,0.0,71450.34
12532,5002,4,3,4078.93,0.0,12236.79
12533,5002,24,1,291.78,0.0,291.78
12534,5003,4,3,4078.93,0.0,12236.79
12535,5003,51,1,29838.95,0.0,29838.95
12536,5004,31,1,440.79,0.0,440.79
12537,5005,43,3,1480.37,0.0,4441.11
12538,5006,51,2,29838.95,0.0,59677.9
12539,5007,46,3,44103.32,0.0,132309.96
12540,5007,31,3,440.79,0.0,1322.37
12541,5007,11,2,4853.64,0.1,8736.55
12542,5008,46,3,44103.32,0.0,132309.96
12543,5008,1,3,4311.34,0.1,11640.62
12544,5009,29,3,438.5,0.0,1315.5
12545,5009,9,2,4533.34,0.2,7253.34
12546,5010,50,1,32122.03,0.1,28909.83
12547,5010,45,2,50632.32,0.1,91138.18
12548,5010,51,2,29838.95,0.0,59677.9
12549,5010,21,3,395.89,0.0,1187.67
12550,5011,52,2,35725.17,0.0,71450.34
12551,5012,32,1,403.22,0.05,383.06
12552,5012,45,1,50632.32,0.0,50632.32
12553,5012,48,1,48857.09,0.05,46414.24
12554,5012,12,1,5553.73,0.05,5276.04
12555,5013,5,1,7323.99,0.05,6957.79
12556,5014,18,1,316.88,0.1,285.19
12557,5015,29,2,438.5,0.05,833.15
12558,5015,35,3,3039.94,0.05,8663.83
12559,5016,44,2,1675.89,0.0,3351.78
12560,5016,38,1,21688.29,0.0,21688.29
12561,5016,36,3,2924.06,0.1,7894.96
12562,5017,27,3,1246.0,0.0,3738.0
12563,5018,9,1,4533.34,0.2,3626.67
12564,5019,31,3,440.79,0.0,1322.37
12565,5019,17,2,425.94,0.0,851.88
12566,5019,19,1,301.26,0.2,241.01
12567,5020,34,2,3937.59,0.0,7875.18
12568,5020,6,3,8439.67,0.0,25319.01
12569,5021,48,3,48857.09,0.0,146571.27
12570,5021,4,3,4078.93,0.1,11013.11
12571,5022,31,1,440.79,0.05,418.75
12572,5022,7,1,11903.44,0.0,11903.44
12573,5022,1,2,4311.34,0.0,8622.68
12574,5023,2,1,3911.93,0.1,3520.74
12575,5023,42,2,1783.38,0.05,3388.42
12576,5023,25,1,1719.78,0.05,1633.79
12577,5023,14,1,1335.52,0.0,1335.52
12578,5024,17,3,425.94,0.05,1213.93
12579,5024,46,3,44103.32,0.05,125694.46
12580,5025,5,2,7323.99,0.1,13183.18
12581,5026,3,1,4598.39,0.05,4368.47
12582,5026,43,3,1480.37,0.0,4441.11
12583,5026,6,3,8439.67,0.2,20255.21
12584,5027,24,1,291.78,0.1,262.6
12585,5027,40,1,16569.14,0.0,16569.14
12586,5027,10,3,5058.33,0.0,15174.99
12587,5028,43,2,1480.37,0.05,2812.7
12588,5028,11,2,4853.64,0.05,9221.92
12589,5029,14,3,1335.52,0.0,4006.56
12590,5030,9,3,4533.34,0.1,12240.02
12591,5030,41,2,1458.5,0.1,2625.3
12592,5031,25,3,1719.78,0.0,5159.34
12593,5032,41,2,1458.5,0.0,2917.0
12594,5033,42,1,1783.38,0.0,1783.38
12595,5034,16,3,1147.33,0.05,3269.89
12596,5034,14,1,1335.52,0.0,1335.52
12597,5034,45,3,50632.32,0.1,136707.26
12598,5035,49,2,24383.87,0.0,48767.74
12599,5035,2,1,3911.93,0.2,3129.54
12600,5035,49,3,24383.87,0.0,73151.61
12601,5035,19,3,301.26,0.0,903.78
12602,5036,15,2,1717.5,0.0,3435.0
12603,5036,32,3,403.22,0.0,1209.66
12604,5037,39,2,22252.18,0.1,40053.92
12605,5038,51,1,29838.95,0.1,26855.06
12606,5039,26,1,1412.65,0.0,1412.65
12607,5039,52,2,35725.17,0.0,71450.34
12608,5039,29,3,438.5,0.0,1315.5
12609,5040,4,1,4078.93,0.1,3671.04
12610,5040,30,2,448.49,0.0,896.98
12611,5040,22,3,256.1,0.05,729.88
12612,5041,42,2,1783.38,0.2,2853.41
12613,5041,4,1,4078.93,0.05,3874.98
12614,5042,13,1,1356.94,0.05,1289.09
12615,5042,29,3,438.5,0.05,1249.72
12616,5043,3,3,4598.39,0.0,13795.17
12617,5043,7,2,11903.44,0.0,23806.88
12618,5043,47,3,32443.0,0.0,97329.0
12619,5044,40,3,16569.14,0.0,49707.42
12620,5045,39,2,22252.18,0.05,42279.14
12621,5046,29,1,438.5,0.0,438.5
12622,5046,20,2,337.55,0.0,675.1
12623,5046,17,1,425.94,0.1,383.35
12624,5047,43,2,1480.37,0.0,2960.74
12625,5047,25,3,1719.78,0.0,5159.34
12626,5047,7,1,11903.44,0.1,10713.1
12627,5047,28,2,2077.38,0.0,4154.76
12628,5048,42,2,1783.38,0.0,3566.76
12629,5048,47,1,32443.0,0.0,32443.0
12630,5048,37,2,20338.2,0.0,40676.4
12631,5049,24,1,291.78,0.0,291.78
12632,5050,30,2,448.49,0.0,896.98
12633,5050,6,2,8439.67,0.0,16879.34
12634,5051,12,3,5553.73,0.0,16661.19
12635,5051,50,3,32122.03,0.05,91547.79
12636,5052,45,1,50632.32,0.05,48100.7
12637,5052,28,2,2077.38,0.1,3739.28
12638,5052,52,1,35725.17,0.05,33938.91
12639,5053,9,1,4533.34,0.1,4080.01
12640,5053,9,3,4533.34,0.05,12920.02
12641,5053,15,3,1717.5,0.2,4122.0
12642,5053,46,3,44103.32,0.0,132309.96
12643,5054,36,3,2924.06,0.0,8772.18
12644,5054,26,2,1412.65,0.1,2542.77
12645,5054,45,3,50632.32,0.0,151896.96
12646,5054,25,3,1719.78,0.2,4127.47
12647,5055,7,1,11903.44,0.05,11308.27
12648,5055,21,1,395.89,0.05,376.1
12649,5055,7,2,11903.44,0.05,22616.54
12650,5055,20,2,337.55,0.0,675.1
12651,5056,51,1,29838.95,0.0,29838.95
12652,5056,42,3,1783.38,0.05,5082.63
12653,5056,43,2,1480.37,0.1,2664.67
12654,5057,25,2,1719.78,0.0,3439.56
12655,5057,47,2,32443.0,0.0,64886.0
12656,5057,38,3,21688.29,0.1,58558.38
12657,5058,24,3,291.78,0.0,875.34
12658,5059,4,2,4078.93,0.05,7749.97
12659,5059,14,2,1335.52,0.0,2671.04
12660,5059,28,1,2077.38,0.0,2077.38
12661,5060,5,2,7323.99,0.05,13915.58
12662,5060,11,1,4853.64,0.1,4368.28
12663,5061,26,1,1412.65,0.05,1342.02
12664,5061,20,2,337.55,0.0,675.1
12665,5061,48,3,48857.09,0.0,146571.27
12666,5061,10,3,5058.33,0.0,15174.99
12667,5062,1,2,4311.34,0.0,8622.68
12668,5062,25,3,1719.78,0.05,4901.37
12669,5062,50,1,32122.03,0.05,30515.93
12670,5062,3,2,4598.39,0.1,8277.1
12671,5063,3,2,4598.39,0.2,7357.42
12672,5063,40,1,16569.14,0.05,15740.68
12673,5063,37,2,20338.2,0.05,38642.58
12674,5064,34,3,3937.59,0.05,11222.13
12675,5064,25,2,1719.78,0.1,3095.6
12676,5064,27,1,1246.0,0.0,1246.0
12677,5065,49,2,24383.87,0.1,43890.97
12678,5065,21,2,395.89,0.0,791.78
12679,5065,34,2,3937.59,0.05,7481.42
12680,5065,35,3,3039.94,0.2,7295.86
12681,5066,15,3,1717.5,0.0,5152.5
12682,5066,27,2,1246.0,0.1,2242.8
12683,5067,14,2,1335.52,0.0,2671.04
12684,5067,38,3,21688.29,0.0,65064.87
12685,5067,36,2,2924.06,0.1,5263.31
12686,5068,48,2,48857.09,0.05,92828.47
12687,5068,39,3,22252.18,0.1,60080.89
12688,5068,5,2,7323.99,0.05,13915.58
12689,5069,51,1,29838.95,0.0,29838.95
12690,5069,52,2,35725.17,0.0,71450.34
12691,5069,21,2,395.89,0.05,752.19
12692,5069,28,2,2077.38,0.0,4154.76
12693,5070,42,2,1783.38,0.0,3566.76
12694,5070,41,3,1458.5,0.05,4156.72
12695,5070,44,3,1675.89,0.1,4524.9
12696,5071,47,3,32443.0,0.05,92462.55
12697,5071,23,2,381.96,0.05,725.72
12698,5071,24,1,291.78,0.1,262.6
12699,5072,10,3,5058.33,0.0,15174.99
12700,5072,5,3,7323.99,0.1,19774.77
12701,5073,43,3,1480.37,0.0,4441.11
12702,5074,22,1,256.1,0.1,230.49
12703,5074,35,1,3039.94,0.1,2735.95
12704,5074,35,3,3039.94,0.0,9119.82
12705,5075,29,3,438.5,0.1,1183.95
12706,5075,41,3,1458.5,0.0,4375.5
12707,5075,21,1,395.89,0.2,316.71
12708,5075,17,1,425.94,0.0,425.94
12709,5076,30,2,448.49,0.0,896.98
12710,5076,4,1,4078.93,0.1,3671.04
12711,5076,6,2,8439.67,0.05,16035.37
12712,5076,49,1,24383.87,0.0,24383.87
12713,5077,28,2,2077.38,0.0,4154.76
12714,5077,20,3,337.55,0.0,1012.65
12715,5077,36,1,2924.06,0.1,2631.65
12716,5077,49,3,24383.87,0.0,73151.61
12717,5078,42,1,1783.38,0.0,1783.38
12718,5078,43,2,1480.37,0.0,2960.74
12719,5078,32,2,403.22,0.2,645.15
12720,5078,41,3,1458.5,0.1,3937.95
12721,5079,36,2,2924.06,0.0,5848.12
12722,5079,22,3,256.1,0.05,729.88
12723,5080,8,1,7478.19,0.0,7478.19
12724,5080,2,1,3911.93,0.2,3129.54
12725,5080,52,1,35725.17,0.0,35725.17
12726,5080,12,1,5553.73,0.0,5553.73
12727,5081,50,2,32122.03,0.0,64244.06
12728,5081,13,3,1356.94,0.0,4070.82
12729,5081,50,1,32122.03,0.2,25697.62
12730,5081,10,2,5058.33,0.0,10116.66
12731,5082,6,2,8439.67,0.0,16879.34
12732,5082,46,3,44103.32,0.1,119078.96
12733,5083,29,3,438.5,0.0,1315.5
12734,5084,36,1,2924.06,0.05,2777.86
12735,5084,32,1,403.22,0.0,403.22
12736,5084,17,3,425.94,0.0,1277.82
12737,5085,4,3,4078.93,0.0,12236.79
12738,5085,7,2,11903.44,0.0,23806.88
12739,5085,5,1,7323.99,0.0,7323.99
12740,5086,3,2,4598.39,0.0,9196.78
12741,5087,22,1,256.1,0.2,204.88
12742,5087,26,2,1412.65,0.1,2542.77
12743,5087,3,3,4598.39,0.0,13795.17
12744,5088,28,3,2077.38,0.05,5920.53
12745,5088,8,1,7478.19,0.1,6730.37
12746,5089,1,3,4311.34,0.05,12287.32
12747,5089,47,1,32443.0,0.1,29198.7
12748,5090,26,3,1412.65,0.0,4237.95
12749,5090,50,2,32122.03,0.1,57819.65
12750,5090,31,2,440.79,0.0,881.58
12751,5091,21,3,395.89,0.0,1187.67
12752,5092,51,2,29838.95,0.0,59677.9
12753,5092,44,3,1675.89,0.0,5027.67
12754,5093,41,1,1458.5,0.2,1166.8
12755,5094,36,3,2924.06,0.0,8772.18
12756,5095,43,1,1480.37,0.0,1480.37
12757,5096,50,3,32122.03,0.1,86729.48
12758,5096,41,3,1458.5,0.05,4156.72
12759,5096,41,3,1458.5,0.1,3937.95
12760,5096,29,1,438.5,0.1,394.65
12761,5097,43,2,1480.37,0.0,2960.74
12762,5097,21,2,395.89,0.0,791.78
12763,5097,45,1,50632.32,0.0,50632.32
12764,5098,48,2,48857.09,0.05,92828.47
12765,5098,24,2,291.78,0.0,583.56
12766,5098,48,1,48857.09,0.05,46414.24
12767,5099,40,3,16569.14,0.2,39765.94
12768,5099,13,1,1356.94,0.0,1356.94
12769,5100,41,3,1458.5,0.05,4156.72
12770,5100,29,2,438.5,0.05,833.15
12771,5100,7,1,11903.44,0.05,11308.27
12772,5100,22,1,256.1,0.0,256.1
12773,5101,14,2,1335.52,0.1,2403.94
12774,5101,1,2,4311.34,0.0,8622.68
12775,5101,19,2,301.26,0.0,602.52
12776,5102,25,1,1719.78,0.0,1719.78
12777,5103,21,1,395.89,0.0,395.89
12778,5103,13,2,1356.94,0.05,2578.19
12779,5103,14,3,1335.52,0.0,4006.56
12780,5103,51,2,29838.95,0.0,59677.9
12781,5104,18,2,316.88,0.0,633.76
12782,5104,45,3,50632.32,0.0,151896.96
12783,5104,15,2,1717.5,0.0,3435.0
12784,5104,1,3,4311.34,0.1,11640.62
12785,5105,45,1,50632.32,0.0,50632.32
12786,5105,30,1,448.49,0.0,448.49
12787,5105,9,3,4533.34,0.05,12920.02
12788,5105,17,3,425.94,0.0,1277.82
12789,5106,25,1,1719.78,0.0,1719.78
12790,5106,18,1,316.88,0.0,316.88
12791,5106,33,1,3763.53,0.0,3763.53
12792,5106,14,2,1335.52,0.0,2671.04
12793,5107,50,3,32122.03,0.1,86729.48
12794,5107,10,3,5058.33,0.05,14416.24
12795,5107,42,1,1783.38,0.0,1783.38
12796,5108,14,3,1335.52,0.05,3806.23
12797,5109,16,2,1147.33,0.0,2294.66
12798,5109,6,3,8439.67,0.0,25319.01
12799,5110,40,2,16569.14,0.0,33138.28
12800,5111,40,1,16569.14,0.0,16569.14
12801,5112,17,1,425.94,0.0,425.94
12802,5112,50,2,32122.03,0.0,64244.06
12803,5112,26,3,1412.65,0.0,4237.95
12804,5113,9,3,4533.34,0.0,13600.02
12805,5113,49,3,24383.87,0.0,73151.61
12806,5113,37,2,20338.2,0.05,38642.58
12807,5113,1,2,4311.34,0.0,8622.68
12808,5114,35,1,3039.94,0.2,2431.95
12809,5114,15,3,1717.5,0.0,5152.5
12810,5115,25,3,1719.78,0.05,4901.37
12811,5115,43,3,1480.37,0.0,4441.11
12812,5115,51,1,29838.95,0.05,28347.0
12813,5115,30,1,448.49,0.05,426.07
12814,5116,52,1,35725.17,0.0,35725.17
12815,5116,20,3,337.55,0.0,1012.65
12816,5116,26,3,1412.65,0.0,4237.95
12817,5117,39,2,22252.18,0.05,42279.14
12818,5117,29,1,438.5,0.2,350.8
12819,5117,20,3,337.55,0.1,911.39
12820,5118,10,1,5058.33,0.1,4552.5
12821,5118,17,1,425.94,0.0,425.94
12822,5118,7,3,11903.44,0.0,35710.32
12823,5118,8,3,7478.19,0.0,22434.57
12824,5119,38,3,21688.29,0.0,65064.87
12825,5119,10,1,5058.33,0.05,4805.41
12826,5120,5,1,7323.99,0.2,5859.19
12827,5120,11,2,4853.64,0.1,8736.55
12828,5121,52,1,35725.17,0.05,33938.91
12829,5121,38,1,21688.29,0.0,21688.29
12830,5122,52,2,35725.17,0.0,71450.34
12831,5122,17,2,425.94,0.0,851.88
12832,5123,24,2,291.78,0.1,525.2
12833,5123,10,3,5058.33,0.0,15174.99
12834,5123,24,3,291.78,0.0,875.34
12835,5124,26,2,1412.65,0.0,2825.3
12836,5125,19,2,301.26,0.0,602.52
12837,5125,41,1,1458.5,0.0,1458.5
12838,5125,36,1,2924.06,0.0,2924.06
12839,5125,9,1,4533.34,0.0,4533.34
12840,5126,50,1,32122.03,0.1,28909.83
12841,5126,13,2,1356.94,0.05,2578.19
12842,5126,5,3,7323.99,0.0,21971.97
12843,5127,51,2,29838.95,0.0,59677.9
12844,5128,42,1,1783.38,0.05,1694.21
12845,5129,12,1,5553.73,0.0,5553.73
12846,5129,21,1,395.89,0.05,376.1
12847,5130,34,1,3937.59,0.0,3937.59
12848,5130,11,3,4853.64,0.0,14560.92
12849,5130,31,1,440.79,0.0,440.79
12850,5130,49,2,24383.87,0.0,48767.74
12851,5131,50,1,32122.03,0.1,28909.83
12852,5131,46,2,44103.32,0.1,79385.98
12853,5132,22,3,256.1,0.0,768.3
12854,5132,41,2,1458.5,0.05,2771.15
12855,5133,29,1,438.5,0.0,438.5
12856,5134,4,3,4078.93,0.0,12236.79
12857,5135,39,2,22252.18,0.2,35603.49
12858,5135,5,3,7323.99,0.1,19774.77
12859,5135,25,2,1719.78,0.05,3267.58
12860,5135,34,2,3937.59,0.0,7875.18
12861,5136,39,1,22252.18,0.0,22252.18
12862,5136,38,1,21688.29,0.0,21688.29
12863,5136,13,1,1356.94,0.2,1085.55
12864,5136,17,2,425.94,0.0,851.88
12865,5137,51,1,29838.95,0.0,29838.95
12866,5137,48,2,48857.09,0.0,97714.18
12867,5137,42,3,1783.38,0.05,5082.63
12868,5138,13,2,1356.94,0.0,2713.88
12869,5138,37,1,20338.2,0.05,19321.29
12870,5139,14,3,1335.52,0.0,4006.56
12871,5139,26,3,1412.65,0.05,4026.05
12872,5139,28,2,2077.38,0.0,4154.76
12873,5139,41,3,1458.5,0.0,4375.5
12874,5140,32,3,403.22,0.2,967.73
12875,5141,33,2,3763.53,0.1,6774.35
12876,5141,2,1,3911.93,0.1,3520.74
12877,5141,46,1,44103.32,0.0,44103.32
12878,5142,44,1,1675.89,0.1,1508.3
12879,5143,13,2,1356.94,0.1,2442.49
12880,5144,36,3,2924.06,0.0,8772.18
12881,5144,30,1,448.49,0.1,403.64
12882,5145,39,3,22252.18,0.0,66756.54
12883,5145,46,2,44103.32,0.0,88206.64
12884,5145,47,1,32443.0,0.0,32443.0
12885,5146,23,1,381.96,0.0,381.96
12886,5147,15,1,1717.5,0.2,1374.0
12887,5147,28,3,2077.38,0.0,6232.14
12888,5148,17,3,425.94,0.2,1022.26
12889,5148,21,1,395.89,0.2,316.71
12890,5148,14,1,1335.52,0.1,1201.97
12891,5149,37,1,20338.2,0.1,18304.38
12892,5149,48,3,48857.09,0.0,146571.27
12893,5150,23,2,381.96,0.05,725.72
12894,5150,52,3,35725.17,0.0,107175.51
12895,5150,39,1,22252.18,0.05,21139.57
12896,5150,41,1,1458.5,0.1,1312.65
12897,5151,7,3,11903.44,0.0,35710.32
12898,5151,8,2,7478.19,0.0,14956.38
12899,5152,39,2,22252.18,0.1,40053.92
12900,5152,44,1,1675.89,0.0,1675.89
12901,5152,5,2,7323.99,0.1,13183.18
12902,5153,37,1,20338.2,0.05,19321.29
12903,5153,29,3,438.5,0.0,1315.5
12904,5154,42,3,1783.38,0.1,4815.13
12905,5155,26,2,1412.65,0.2,2260.24
12906,5155,47,3,32443.0,0.05,92462.55
12907,5155,17,2,425.94,0.0,851.88
12908,5155,48,2,48857.09,0.05,92828.47
12909,5156,39,3,22252.18,0.05,63418.71
12910,5156,24,1,291.78,0.05,277.19
12911,5156,4,3,4078.93,0.05,11624.95
12912,5157,22,1,256.1,0.0,256.1
12913,5157,48,3,48857.09,0.0,146571.27
12914,5157,14,2,1335.52,0.0,2671.04
12915,5157,43,2,1480.37,0.2,2368.59
12916,5158,45,3,50632.32,0.2,121517.57
12917,5158,34,1,3937.59,0.0,3937.59
12918,5158,51,3,29838.95,0.1,80565.17
12919,5159,35,1,3039.94,0.0,3039.94
12920,5159,30,1,448.49,0.0,448.49
12921,5159,9,1,4533.34,0.2,3626.67
12922,5160,37,2,20338.2,0.1,36608.76
12923,5161,12,3,5553.73,0.0,16661.19
12924,5161,8,3,7478.19,0.05,21312.84
12925,5161,14,2,1335.52,0.1,2403.94
12926,5162,44,3,1675.89,0.0,5027.67
12927,5162,52,1,35725.17,0.0,35725.17
12928,5163,31,2,440.79,0.05,837.5
12929,5163,36,1,2924.06,0.1,2631.65
12930,5164,24,3,291.78,0.05,831.57
12931,5164,10,1,5058.33,0.0,5058.33
12932,5164,31,2,440.79,0.05,837.5
12933,5165,47,3,32443.0,0.1,87596.1
12934,5166,45,2,50632.32,0.05,96201.41
12935,5166,10,3,5058.33,0.0,15174.99
12936,5167,47,3,32443.0,0.0,97329.0
12937,5167,19,3,301.26,0.1,813.4
12938,5167,37,1,20338.2,0.1,18304.38
12939,5167,36,2,2924.06,0.0,5848.12
12940,5168,17,1,425.94,0.2,340.75
12941,5169,1,1,4311.34,0.05,4095.77
12942,5169,18,1,316.88,0.1,285.19
12943,5169,41,2,1458.5,0.0,2917.0
12944,5170,27,3,1246.0,0.0,3738.0
12945,5171,17,2,425.94,0.05,809.29
12946,5171,39,1,22252.18,0.05,21139.57
12947,5171,26,2,1412.65,0.0,2825.3
12948,5172,46,3,44103.32,0.2,105847.97
12949,5172,50,3,32122.03,0.0,96366.09
12950,5172,39,3,22252.18,0.0,66756.54
12951,5172,32,3,403.22,0.1,1088.69
12952,5173,52,2,35725.17,0.05,67877.82
12953,5174,20,3,337.55,0.1,911.39
12954,5174,9,2,4533.34,0.2,7253.34
12955,5174,18,1,316.88,0.0,316.88
12956,5175,7,3,11903.44,0.0,35710.32
12957,5175,35,2,3039.94,0.0,6079.88
12958,5175,27,3,1246.0,0.1,3364.2
12959,5175,16,2,1147.33,0.2,1835.73
12960,5176,10,2,5058.33,0.05,9610.83
12961,5177,47,3,32443.0,0.0,97329.0
12962,5177,26,2,1412.65,0.0,2825.3
12963,5177,21,3,395.89,0.0,1187.67
12964,5177,4,1,4078.93,0.0,4078.93
12965,5178,11,3,4853.64,0.0,14560.92
12966,5178,11,3,4853.64,0.0,14560.92
12967,5178,16,3,1147.33,0.2,2753.59
12968,5178,7,3,11903.44,0.0,35710.32
12969,5179,44,1,1675.89,0.05,1592.1
12970,5179,51,3,29838.95,0.0,89516.85
12971,5180,6,3,8439.67,0.0,25319.01
12972,5181,5,2,7323.99,0.0,14647.98
12973,5181,7,1,11903.44,0.05,11308.27
12974,5181,2,2,3911.93,0.2,6259.09
12975,5181,41,1,1458.5,0.1,1312.65
12976,5182,22,1,256.1,0.05,243.3
12977,5183,45,2,50632.32,0.1,91138.18
12978,5183,24,2,291.78,0.0,583.56
12979,5183,18,1,316.88,0.0,316.88
12980,5183,24,1,291.78,0.0,291.78
12981,5184,3,1,4598.39,0.05,4368.47
12982,5184,15,2,1717.5,0.0,3435.0
12983,5184,38,1,21688.29,0.0,21688.29
12984,5185,52,3,35725.17,0.2,85740.41
12985,5185,27,1,1246.0,0.1,1121.4
12986,5186,26,3,1412.65,0.0,4237.95
12987,5186,14,2,1335.52,0.1,2403.94
12988,5187,50,3,32122.03,0.0,96366.09
12989,5187,20,1,337.55,0.05,320.67
12990,5187,24,1,291.78,0.0,291.78
12991,5188,23,2,381.96,0.1,687.53
12992,5189,19,3,301.26,0.1,813.4
12993,5189,52,3,35725.17,0.0,107175.51
12994,5190,33,2,3763.53,0.1,6774.35
12995,5190,23,2,381.96,0.0,763.92
12996,5190,19,1,301.26,0.0,301.26
12997,5190,39,3,22252.18,0.2,53405.23
12998,5191,51,2,29838.95,0.0,59677.9
12999,5191,21,3,395.89,0.2,950.14
13000,5191,26,2,1412.65,0.1,2542.77
13001,5192,38,2,21688.29,0.0,43376.58
13002,5193,11,2,4853.64,0.0,9707.28
13003,5194,21,2,395.89,0.1,712.6
13004,5194,45,1,50632.32,0.0,50632.32
13005,5194,1,1,4311.34,0.1,3880.21
13006,5194,20,1,337.55,0.2,270.04
13007,5195,50,2,32122.03,0.0,64244.06
13008,5195,28,2,2077.38,0.1,3739.28
13009,5195,24,1,291.78,0.0,291.78
13010,5196,8,1,7478.19,0.05,7104.28
13011,5196,24,2,291.78,0.0,583.56
13012,5197,32,3,403.22,0.0,1209.66
13013,5198,31,3,440.79,0.0,1322.37
13014,5199,10,3,5058.33,0.1,13657.49
13015,5199,41,1,1458.5,0.1,1312.65
13016,5200,15,2,1717.5,0.0,3435.0
13017,5201,23,2,381.96,0.2,611.14
13018,5201,5,3,7323.99,0.0,21971.97
13019,5201,39,2,22252.18,0.0,44504.36
13020,5201,42,3,1783.38,0.1,4815.13
13021,5202,47,1,32443.0,0.05,30820.85
13022,5203,1,3,4311.34,0.0,12934.02
13023,5203,44,2,1675.89,0.0,3351.78
13024,5204,27,1,1246.0,0.0,1246.0
13025,5204,1,3,4311.34,0.0,12934.02
13026,5205,33,2,3763.53,0.05,7150.71
13027,5205,20,3,337.55,0.0,1012.65
13028,5205,17,3,425.94,0.0,1277.82
13029,5206,46,2,44103.32,0.0,88206.64
13030,5206,19,1,301.26,0.0,301.26
13031,5207,42,2,1783.38,0.0,3566.76
13032,5207,1,1,4311.34,0.1,3880.21
13033,5207,12,3,5553.73,0.1,14995.07
13034,5208,23,2,381.96,0.05,725.72
13035,5208,27,2,1246.0,0.0,2492.0
13036,5208,21,1,395.89,0.1,356.3
13037,5209,32,3,403.22,0.1,1088.69
13038,5209,14,3,1335.52,0.0,4006.56
13039,5209,22,1,256.1,0.0,256.1
13040,5210,11,3,4853.64,0.1,13104.83
13041,5210,29,1,438.5,0.1,394.65
13042,5210,39,3,22252.18,0.1,60080.89
13043,5210,37,2,20338.2,0.0,40676.4
13044,5211,20,3,337.55,0.05,962.02
13045,5211,8,1,7478.19,0.0,7478.19
13046,5211,3,2,4598.39,0.05,8736.94
13047,5211,15,2,1717.5,0.0,3435.0
13048,5212,10,3,5058.33,0.05,14416.24
13049,5212,13,1,1356.94,0.1,1221.25
13050,5212,10,3,5058.33,0.0,15174.99
13051,5213,51,1,29838.95,0.0,29838.95
13052,5214,5,2,7323.99,0.05,13915.58
13053,5214,12,3,5553.73,0.0,16661.19
13054,5214,7,2,11903.44,0.0,23806.88
13055,5215,32,2,403.22,0.0,806.44
13056,5215,46,1,44103.32,0.0,44103.32
13057,5215,44,1,1675.89,0.05,1592.1
13058,5215,31,1,440.79,0.05,418.75
13059,5216,11,1,4853.64,0.1,4368.28
13060,5217,28,2,2077.38,0.1,3739.28
13061,5217,48,3,48857.09,0.05,139242.71
13062,5217,14,1,1335.52,0.0,1335.52
13063,5218,3,3,4598.39,0.05,13105.41
13064,5218,13,1,1356.94,0.0,1356.94
13065,5219,41,3,1458.5,0.2,3500.4
13066,5220,43,3,1480.37,0.0,4441.11
13067,5220,1,2,4311.34,0.0,8622.68
13068,5220,6,2,8439.67,0.0,16879.34
13069,5220,43,1,1480.37,0.0,1480.37
13070,5221,43,3,1480.37,0.05,4219.05
13071,5221,52,1,35725.17,0.0,35725.17
13072,5221,28,2,2077.38,0.1,3739.28
13073,5221,43,3,1480.37,0.1,3997.0
13074,5222,37,1,20338.2,0.0,20338.2
13075,5223,42,2,1783.38,0.0,3566.76
13076,5224,48,1,48857.09,0.0,48857.09
13077,5224,25,3,1719.78,0.05,4901.37
13078,5224,10,3,5058.33,0.0,15174.99
13079,5224,5,2,7323.99,0.05,13915.58
13080,5225,23,3,381.96,0.0,1145.88
13081,5225,25,2,1719.78,0.1,3095.6
13082,5225,29,2,438.5,0.05,833.15
13083,5226,15,2,1717.5,0.0,3435.0
13084,5226,38,3,21688.29,0.2,52051.9
13085,5226,40,1,16569.14,0.1,14912.23
13086,5226,45,2,50632.32,0.05,96201.41
13087,5227,32,1,403.22,0.0,403.22
13088,5228,37,2,20338.2,0.0,40676.4
13089,5228,25,1,1719.78,0.0,1719.78
13090,5229,3,2,4598.39,0.0,9196.78
13091,5229,47,3,32443.0,0.05,92462.55
13092,5229,23,2,381.96,0.0,763.92
13093,5229,40,3,16569.14,0.0,49707.42
13094,5230,15,2,1717.5,0.1,3091.5
13095,5230,45,2,50632.32,0.0,101264.64
13096,5230,7,2,11903.44,0.2,19045.5
13097,5230,40,1,16569.14,0.1,14912.23
13098,5231,33,2,3763.53,0.0,7527.06
13099,5231,42,1,1783.38,0.0,1783.38
13100,5232,37,1,20338.2,0.0,20338.2
13101,5232,39,3,22252.18,0.0,66756.54
13102,5232,37,3,20338.2,0.0,61014.6
13103,5233,11,1,4853.64,0.05,4610.96
13104,5233,49,2,24383.87,0.0,48767.74
13105,5233,21,1,395.89,0.05,376.1
13106,5233,35,3,3039.94,0.0,9119.82
13107,5234,3,2,4598.39,0.0,9196.78
13108,5235,25,1,1719.78,0.05,1633.79
13109,5236,46,2,44103.32,0.0,88206.64
13110,5236,35,2,3039.94,0.1,5471.89
13111,5236,33,1,3763.53,0.05,3575.35
13112,5237,46,3,44103.32,0.0,132309.96
13113,5238,51,3,29838.95,0.0,89516.85
13114,5238,11,1,4853.64,0.05,4610.96
13115,5239,40,3,16569.14,0.1,44736.68
13116,5240,35,2,3039.94,0.0,6079.88
13117,5240,18,1,316.88,0.05,301.04
13118,5241,52,1,35725.17,0.05,33938.91
13119,5241,52,1,35725.17,0.0,35725.17
13120,5241,36,1,2924.06,0.1,2631.65
13121,5242,23,2,381.96,0.0,763.92
13122,5242,12,3,5553.73,0.0,16661.19
13123,5242,14,2,1335.52,0.05,2537.49
13124,5242,33,2,3763.53,0.0,7527.06
13125,5243,26,1,1412.65,0.1,1271.39
13126,5243,8,1,7478.19,0.0,7478.19
13127,5243,51,2,29838.95,0.1,53710.11
13128,5243,32,3,403.22,0.0,1209.66
13129,5244,7,3,11903.44,0.0,35710.32
13130,5244,38,2,21688.29,0.0,43376.58
13131,5245,10,1,5058.33,0.1,4552.5
13132,5246,39,2,22252.18,0.05,42279.14
13133,5247,35,2,3039.94,0.1,5471.89
13134,5247,44,2,1675.89,0.0,3351.78
13135,5247,18,3,316.88,0.0,950.64
13136,5248,15,2,1717.5,0.0,3435.0
13137,5249,27,2,1246.0,0.0,2492.0
13138,5250,42,1,1783.38,0.0,1783.38
13139,5250,34,3,3937.59,0.0,11812.77
13140,5251,7,2,11903.44,0.1,21426.19
13141,5251,25,2,1719.78,0.0,3439.56
13142,5251,6,3,8439.67,0.0,25319.01
13143,5252,41,3,1458.5,0.0,4375.5
13144,5252,49,1,24383.87,0.0,24383.87
13145,5253,8,3,7478.19,0.05,21312.84
13146,5253,45,3,50632.32,0.1,136707.26
13147,5253,21,1,395.89,0.0,395.89
13148,5253,46,2,44103.32,0.1,79385.98
13149,5254,6,1,8439.67,0.0,8439.67
13150,5254,41,1,1458.5,0.2,1166.8
13151,5254,26,1,1412.65,0.0,1412.65
13152,5254,17,3,425.94,0.0,1277.82
13153,5255,14,3,1335.52,0.0,4006.56
13154,5255,9,1,4533.34,0.0,4533.34
13155,5256,14,3,1335.52,0.0,4006.56
13156,5256,18,2,316.88,0.0,633.76
13157,5257,51,3,29838.95,0.05,85041.01
13158,5257,8,2,7478.19,0.05,14208.56
13159,5257,25,2,1719.78,0.0,3439.56
13160,5258,6,2,8439.67,0.05,16035.37
13161,5258,6,1,8439.67,0.1,7595.7
13162,5258,6,1,8439.67,0.0,8439.67
13163,5258,34,1,3937.59,0.05,3740.71
13164,5259,32,1,403.22,0.0,403.22
13165,5259,8,2,7478.19,0.05,14208.56
13166,5260,41,2,1458.5,0.05,2771.15
13167,5260,41,2,1458.5,0.0,2917.0
13168,5260,4,1,4078.93,0.05,3874.98
13169,5260,36,2,2924.06,0.0,5848.12
13170,5261,30,2,448.49,0.05,852.13
13171,5261,12,2,5553.73,0.1,9996.71
13172,5262,46,1,44103.32,0.0,44103.32
13173,5263,17,3,425.94,0.05,1213.93
13174,5263,35,1,3039.94,0.0,3039.94
13175,5263,40,3,16569.14,0.0,49707.42
13176,5264,32,3,403.22,0.0,1209.66
13177,5264,18,2,316.88,0.2,507.01
13178,5264,44,2,1675.89,0.2,2681.42
13179,5265,27,2,1246.0,0.05,2367.4
13180,5266,2,1,3911.93,0.0,3911.93
13181,5267,24,3,291.78,0.0,875.34
13182,5267,35,1,3039.94,0.0,3039.94
13183,5267,50,3,32122.03,0.0,96366.09
13184,5268,36,2,2924.06,0.1,5263.31
13185,5269,42,3,1783.38,0.0,5350.14
13186,5269,2,3,3911.93,0.1,10562.21
13187,5269,24,3,291.78,0.0,875.34
13188,5270,24,1,291.78,0.0,291.78
13189,5271,25,3,1719.78,0.0,5159.34
13190,5271,46,2,44103.32,0.2,70565.31
13191,5272,3,2,4598.39,0.05,8736.94
13192,5272,35,1,3039.94,0.0,3039.94
13193,5272,26,3,1412.65,0.05,4026.05
13194,5272,43,1,1480.37,0.05,1406.35
13195,5273,26,3,1412.65,0.0,4237.95
13196,5273,43,3,1480.37,0.05,4219.05
13197,5273,5,3,7323.99,0.05,20873.37
13198,5274,39,3,22252.18,0.0,66756.54
13199,5275,2,3,3911.93,0.05,11149.0
13200,5275,30,3,448.49,0.0,1345.47
13201,5275,9,1,4533.34,0.0,4533.34
13202,5275,11,1,4853.64,0.05,4610.96
13203,5276,33,1,3763.53,0.0,3763.53
13204,5277,32,2,403.22,0.05,766.12
13205,5277,34,3,3937.59,0.0,11812.77
13206,5277,12,3,5553.73,0.0,16661.19
13207,5277,37,2,20338.2,0.1,36608.76
13208,5278,28,1,2077.38,0.05,1973.51
13209,5278,49,1,24383.87,0.0,24383.87
13210,5278,9,3,4533.34,0.0,13600.02
13211,5279,22,1,256.1,0.05,243.3
13212,5280,47,2,32443.0,0.0,64886.0
13213,5281,28,2,2077.38,0.0,4154.76
13214,5281,12,2,5553.73,0.1,9996.71
13215,5282,19,3,301.26,0.05,858.59
13216,5282,46,2,44103.32,0.0,88206.64
13217,5283,4,1,4078.93,0.0,4078.93
13218,5284,39,2,22252.18,0.1,40053.92
13219,5284,51,3,29838.95,0.05,85041.01
13220,5284,3,3,4598.39,0.05,13105.41
13221,5284,49,1,24383.87,0.1,21945.48
13222,5285,2,2,3911.93,0.0,7823.86
13223,5286,27,3,1246.0,0.05,3551.1
13224,5286,21,1,395.89,0.1,356.3
13225,5286,50,1,32122.03,0.1,28909.83
13226,5287,10,2,5058.33,0.0,10116.66
13227,5287,31,2,440.79,0.1,793.42
13228,5287,23,1,381.96,0.0,381.96
13229,5288,38,1,21688.29,0.2,17350.63
13230,5288,27,3,1246.0,0.05,3551.1
13231,5288,12,1,5553.73,0.1,4998.36
13232,5288,26,2,1412.65,0.0,2825.3
13233,5289,47,1,32443.0,0.1,29198.7
13234,5289,4,1,4078.93,0.05,3874.98
13235,5290,18,3,316.88,0.0,950.64
13236,5290,21,3,395.89,0.1,1068.9
13237,5290,24,2,291.78,0.1,525.2
13238,5290,51,2,29838.95,0.05,56694.0
13239,5291,9,2,4533.34,0.0,9066.68
13240,5291,32,1,403.22,0.1,362.9
13241,5291,29,3,438.5,0.0,1315.5
13242,5292,9,3,4533.34,0.05,12920.02
13243,5293,44,3,1675.89,0.1,4524.9
13244,5294,43,1,1480.37,0.05,1406.35
13245,5294,16,3,1147.33,0.05,3269.89
13246,5295,24,3,291.78,0.05,831.57
13247,5295,42,2,1783.38,0.1,3210.08
13248,5296,42,1,1783.38,0.1,1605.04
13249,5296,5,3,7323.99,0.1,19774.77
13250,5296,42,1,1783.38,0.0,1783.38
13251,5297,4,2,4078.93,0.0,8157.86
13252,5298,39,3,22252.18,0.0,66756.54
13253,5298,8,3,7478.19,0.0,22434.57
13254,5298,44,3,1675.89,0.1,4524.9
13255,5299,26,1,1412.65,0.0,1412.65
13256,5299,34,2,3937.59,0.0,7875.18
13257,5300,9,1,4533.34,0.1,4080.01
13258,5300,47,2,32443.0,0.0,64886.0
13259,5300,37,3,20338.2,0.0,61014.6
13260,5301,42,2,1783.38,0.0,3566.76
13261,5301,27,1,1246.0,0.05,1183.7
13262,5301,15,3,1717.5,0.1,4637.25
13263,5301,47,1,32443.0,0.05,30820.85
13264,5302,23,2,381.96,0.2,611.14
13265,5302,22,3,256.1,0.0,768.3
13266,5303,8,1,7478.19,0.05,7104.28
13267,5303,11,2,4853.64,0.05,9221.92
13268,5303,30,2,448.49,0.1,807.28
13269,5304,20,1,337.55,0.05,320.67
13270,5304,43,3,1480.37,0.05,4219.05
13271,5304,12,1,5553.73,0.05,5276.04
13272,5304,20,3,337.55,0.0,1012.65
13273,5305,29,1,438.5,0.0,438.5
13274,5305,2,1,3911.93,0.0,3911.93
13275,5306,51,1,29838.95,0.0,29838.95
13276,5306,29,3,438.5,0.2,1052.4
13277,5307,52,1,35725.17,0.0,35725.17
13278,5307,19,2,301.26,0.0,602.52
13279,5307,25,3,1719.78,0.05,4901.37
13280,5308,40,1,16569.14,0.0,16569.14
13281,5308,12,3,5553.73,0.0,16661.19
13282,5308,19,1,301.26,0.0,301.26
13283,5309,19,1,301.26,0.05,286.2
13284,5310,45,3,50632.32,0.0,151896.96
13285,5311,49,2,24383.87,0.0,48767.74
13286,5311,28,3,2077.38,0.05,5920.53
13287,5311,28,2,2077.38,0.0,4154.76
13288,5312,20,2,337.55,0.0,675.1
13289,5312,20,2,337.55,0.0,675.1
13290,5312,24,1,291.78,0.0,291.78
13291,5313,32,2,403.22,0.05,766.12
13292,5313,40,3,16569.14,0.1,44736.68
13293,5314,3,2,4598.39,0.0,9196.78
13294,5315,15,2,1717.5,0.0,3435.0
13295,5315,45,3,50632.32,0.1,136707.26
13296,5316,5,3,7323.99,0.0,21971.97
13297,5316,47,2,32443.0,0.05,61641.7
13298,5316,15,2,1717.5,0.0,3435.0
13299,5316,9,2,4533.34,0.0,9066.68
13300,5317,7,2,11903.44,0.05,22616.54
13301,5317,18,2,316.88,0.0,633.76
13302,5317,2,1,3911.93,0.0,3911.93
13303,5317,31,2,440.79,0.05,837.5
13304,5318,49,3,24383.87,0.0,73151.61
13305,5318,3,2,4598.39,0.05,8736.94
13306,5318,8,2,7478.19,0.0,14956.38
13307,5318,49,1,24383.87,0.0,24383.87
13308,5319,42,2,1783.38,0.0,3566.76
13309,5319,10,3,5058.33,0.0,15174.99
13310,5320,9,3,4533.34,0.0,13600.02
13311,5320,30,2,448.49,0.0,896.98
13312,5320,33,3,3763.53,0.0,11290.59
13313,5321,15,3,1717.5,0.05,4894.88
13314,5322,14,2,1335.52,0.0,2671.04
13315,5322,7,3,11903.44,0.0,35710.32
13316,5322,51,2,29838.95,0.2,47742.32
13317,5322,31,1,440.79,0.1,396.71
13318,5323,42,2,1783.38,0.05,3388.42
13319,5323,40,3,16569.14,0.05,47222.05
13320,5324,45,1,50632.32,0.2,40505.86
13321,5324,19,1,301.26,0.0,301.26
13322,5324,4,3,4078.93,0.0,12236.79
13323,5324,13,2,1356.94,0.0,2713.88
13324,5325,32,1,403.22,0.0,403.22
13325,5325,46,3,44103.32,0.0,132309.96
13326,5325,15,1,1717.5,0.0,1717.5
13327,5325,45,2,50632.32,0.0,101264.64
13328,5326,25,1,1719.78,0.0,1719.78
13329,5327,32,3,403.22,0.0,1209.66
13330,5327,30,2,448.49,0.05,852.13
13331,5327,42,1,1783.38,0.0,1783.38
13332,5328,34,2,3937.59,0.1,7087.66
13333,5328,1,1,4311.34,0.05,4095.77
13334,5328,15,3,1717.5,0.1,4637.25
13335,5329,30,1,448.49,0.0,448.49
13336,5330,18,3,316.88,0.05,903.11
13337,5330,33,3,3763.53,0.0,11290.59
13338,5330,47,2,32443.0,0.0,64886.0
13339,5330,6,1,8439.67,0.1,7595.7
13340,5331,8,2,7478.19,0.05,14208.56
13341,5331,30,3,448.49,0.0,1345.47
13342,5332,35,2,3039.94,0.0,6079.88
13343,5332,49,2,24383.87,0.0,48767.74
13344,5332,51,2,29838.95,0.0,59677.9
13345,5333,42,2,1783.38,0.0,3566.76
13346,5334,27,1,1246.0,0.0,1246.0
13347,5334,26,3,1412.65,0.0,4237.95
13348,5335,29,2,438.5,0.05,833.15
13349,5335,15,1,1717.5,0.1,1545.75
13350,5335,39,2,22252.18,0.0,44504.36
13351,5336,12,1,5553.73,0.0,5553.73
13352,5336,38,2,21688.29,0.0,43376.58
13353,5336,52,1,35725.17,0.05,33938.91
13354,5336,16,2,1147.33,0.1,2065.19
13355,5337,7,2,11903.44,0.0,23806.88
13356,5338,45,2,50632.32,0.05,96201.41
13357,5339,4,1,4078.93,0.0,4078.93
13358,5339,36,3,2924.06,0.05,8333.57
13359,5340,28,2,2077.38,0.0,4154.76
13360,5340,44,2,1675.89,0.0,3351.78
13361,5340,38,2,21688.29,0.0,43376.58
13362,5341,23,2,381.96,0.0,763.92
13363,5341,25,1,1719.78,0.05,1633.79
13364,5341,37,1,20338.2,0.0,20338.2
13365,5341,17,2,425.94,0.1,766.69
13366,5342,32,3,403.22,0.0,1209.66
13367,5342,3,1,4598.39,0.05,4368.47
13368,5342,44,2,1675.89,0.0,3351.78
13369,5342,15,1,1717.5,0.0,1717.5
13370,5343,50,2,32122.03,0.0,64244.06
13371,5343,35,2,3039.94,0.1,5471.89
13372,5344,26,2,1412.65,0.05,2684.04
13373,5345,5,3,7323.99,0.0,21971.97
13374,5345,11,3,4853.64,0.05,13832.87
13375,5346,19,3,301.26,0.0,903.78
13376,5347,25,2,1719.78,0.05,3267.58
13377,5347,25,3,1719.78,0.1,4643.41
13378,5347,3,1,4598.39,0.0,4598.39
13379,5347,33,1,3763.53,0.0,3763.53
13380,5348,3,1,4598.39,0.1,4138.55
13381,5348,25,3,1719.78,0.0,5159.34
13382,5349,41,1,1458.5,0.0,1458.5
13383,5349,5,3,7323.99,0.0,21971.97
13384,5349,38,1,21688.29,0.0,21688.29
13385,5349,38,1,21688.29,0.2,17350.63
13386,5350,25,1,1719.78,0.2,1375.82
13387,5351,2,2,3911.93,0.0,7823.86
13388,5352,28,3,2077.38,0.05,5920.53
13389,5352,10,3,5058.33,0.1,13657.49
13390,5352,33,1,3763.53,0.1,3387.18
13391,5353,16,2,1147.33,0.0,2294.66
13392,5354,28,3,2077.38,0.05,5920.53
13393,5354,35,2,3039.94,0.05,5775.89
13394,5354,5,2,7323.99,0.0,14647.98
13395,5355,19,2,301.26,0.0,602.52
13396,5356,26,2,1412.65,0.0,2825.3
13397,5356,11,3,4853.64,0.05,13832.87
13398,5356,3,1,4598.39,0.05,4368.47
13399,5356,35,3,3039.94,0.0,9119.82
13400,5357,24,1,291.78,0.0,291.78
13401,5358,18,3,316.88,0.2,760.51
13402,5359,32,2,403.22,0.05,766.12
13403,5359,41,3,1458.5,0.05,4156.72
13404,5360,27,1,1246.0,0.0,1246.0
13405,5360,40,3,16569.14,0.0,49707.42
13406,5360,31,3,440.79,0.2,1057.9
13407,5360,11,2,4853.64,0.0,9707.28
13408,5361,29,3,438.5,0.2,1052.4
13409,5361,13,3,1356.94,0.05,3867.28
13410,5361,27,2,1246.0,0.0,2492.0
13411,5361,19,1,301.26,0.2,241.01
13412,5362,34,2,3937.59,0.05,7481.42
13413,5362,12,1,5553.73,0.05,5276.04
13414,5363,39,3,22252.18,0.0,66756.54
13415,5363,9,1,4533.34,0.0,4533.34
13416,5363,41,3,1458.5,0.0,4375.5
13417,5363,47,2,32443.0,0.2,51908.8
13418,5364,41,1,1458.5,0.1,1312.65
13419,5364,25,1,1719.78,0.0,1719.78
13420,5364,28,2,2077.38,0.0,4154.76
13421,5365,36,3,2924.06,0.1,7894.96
13422,5365,11,3,4853.64,0.0,14560.92
13423,5365,16,3,1147.33,0.0,3441.99
13424,5366,9,1,4533.34,0.0,4533.34
13425,5367,4,1,4078.93,0.0,4078.93
13426,5367,20,2,337.55,0.0,675.1
13427,5367,51,2,29838.95,0.05,56694.0
13428,5367,17,2,425.94,0.1,766.69
13429,5368,35,1,3039.94,0.0,3039.94
13430,5368,32,3,403.22,0.0,1209.66
13431,5369,16,3,1147.33,0.05,3269.89
13432,5369,15,1,1717.5,0.0,1717.5
13433,5369,17,1,425.94,0.05,404.64
13434,5370,18,2,316.88,0.1,570.38
13435,5370,18,3,316.88,0.0,950.64
13436,5370,13,2,1356.94,0.05,2578.19
13437,5370,13,2,1356.94,0.0,2713.88
13438,5371,29,3,438.5,0.2,1052.4
13439,5372,6,1,8439.67,0.0,8439.67
13440,5372,13,2,1356.94,0.0,2713.88
13441,5373,37,3,20338.2,0.0,61014.6
13442,5374,19,2,301.26,0.05,572.39
13443,5375,10,2,5058.33,0.0,10116.66
13444,5375,23,2,381.96,0.2,611.14
13445,5376,42,1,1783.38,0.05,1694.21
13446,5377,17,2,425.94,0.2,681.5
13447,5378,3,2,4598.39,0.1,8277.1
13448,5379,11,1,4853.64,0.2,3882.91
13449,5379,27,1,1246.0,0.05,1183.7
13450,5380,3,1,4598.39,0.2,3678.71
13451,5381,3,2,4598.39,0.0,9196.78
13452,5382,43,1,1480.37,0.05,1406.35
13453,5382,9,1,4533.34,0.05,4306.67
13454,5383,8,2,7478.19,0.0,14956.38
13455,5383,8,3,7478.19,0.0,22434.57
13456,5384,28,2,2077.38,0.05,3947.02
13457,5384,49,3,24383.87,0.05,69494.03
13458,5384,36,3,2924.06,0.0,8772.18
13459,5385,51,2,29838.95,0.0,59677.9
13460,5386,42,1,1783.38,0.1,1605.04
13461,5387,8,1,7478.19,0.0,7478.19
13462,5387,8,1,7478.19,0.0,7478.19
13463,5387,16,3,1147.33,0.0,3441.99
13464,5387,3,3,4598.39,0.0,13795.17
13465,5388,27,1,1246.0,0.0,1246.0
13466,5389,25,2,1719.78,0.0,3439.56
13467,5390,46,1,44103.32,0.05,41898.15
13468,5390,32,3,403.22,0.05,1149.18
13469,5390,32,3,403.22,0.05,1149.18
13470,5390,51,3,29838.95,0.0,89516.85
13471,5391,46,3,44103.32,0.0,132309.96
13472,5391,7,1,11903.44,0.1,10713.1
13473,5391,27,2,1246.0,0.0,2492.0
13474,5391,39,3,22252.18,0.05,63418.71
13475,5392,20,3,337.55,0.0,1012.65
13476,5392,39,3,22252.18,0.2,53405.23
13477,5392,24,2,291.78,0.05,554.38
13478,5393,37,3,20338.2,0.0,61014.6
13479,5393,12,1,5553.73,0.05,5276.04
13480,5393,8,2,7478.19,0.0,14956.38
13481,5394,42,2,1783.38,0.1,3210.08
13482,5395,22,1,256.1,0.0,256.1
13483,5395,51,2,29838.95,0.0,59677.9
13484,5395,14,1,1335.52,0.0,1335.52
13485,5395,7,2,11903.44,0.0,23806.88
13486,5396,46,1,44103.32,0.0,44103.32
13487,5396,48,3,48857.09,0.0,146571.27
13488,5396,30,1,448.49,0.0,448.49
13489,5396,49,2,24383.87,0.0,48767.74
13490,5397,42,2,1783.38,0.0,3566.76
13491,5397,38,1,21688.29,0.0,21688.29
13492,5398,36,2,2924.06,0.0,5848.12
13493,5399,47,1,32443.0,0.2,25954.4
13494,5399,22,1,256.1,0.0,256.1
13495,5400,8,2,7478.19,0.0,14956.38
13496,5400,5,3,7323.99,0.1,19774.77
13497,5400,3,3,4598.39,0.1,12415.65
13498,5400,11,3,4853.64,0.05,13832.87
13499,5401,39,1,22252.18,0.05,21139.57
13500,5401,45,2,50632.32,0.0,101264.64
13501,5402,23,2,381.96,0.0,763.92
13502,5402,31,3,440.79,0.0,1322.37
13503,5402,18,2,316.88,0.1,570.38
13504,5403,17,1,425.94,0.05,404.64
13505,5404,5,2,7323.99,0.05,13915.58
13506,5405,33,3,3763.53,0.1,10161.53
13507,5406,29,2,438.5,0.0,877.0
13508,5406,5,3,7323.99,0.0,21971.97
13509,5406,32,3,403.22,0.0,1209.66
13510,5407,14,3,1335.52,0.0,4006.56
13511,5407,8,1,7478.19,0.0,7478.19
13512,5407,50,3,32122.03,0.05,91547.79
13513,5407,26,1,1412.65,0.0,1412.65
13514,5408,23,2,381.96,0.0,763.92
13515,5408,26,1,1412.65,0.0,1412.65
13516,5408,2,1,3911.93,0.0,3911.93
13517,5409,14,1,1335.52,0.0,1335.52
13518,5409,48,1,48857.09,0.0,48857.09
13519,5410,17,3,425.94,0.05,1213.93
13520,5410,31,2,440.79,0.05,837.5
13521,5411,6,3,8439.67,0.0,25319.01
13522,5411,48,2,48857.09,0.1,87942.76
13523,5411,52,3,35725.17,0.0,107175.51
13524,5411,6,3,8439.67,0.1,22787.11
13525,5412,1,3,4311.34,0.0,12934.02
13526,5412,27,3,1246.0,0.0,3738.0
13527,5413,7,3,11903.44,0.0,35710.32
13528,5414,29,1,438.5,0.1,394.65
13529,5414,16,1,1147.33,0.0,1147.33
13530,5415,34,2,3937.59,0.0,7875.18
13531,5415,4,2,4078.93,0.0,8157.86
13532,5416,40,2,16569.14,0.05,31481.37
13533,5416,2,2,3911.93,0.0,7823.86
13534,5416,1,2,4311.34,0.0,8622.68
13535,5416,25,1,1719.78,0.0,1719.78
13536,5417,10,3,5058.33,0.2,12139.99
13537,5418,1,3,4311.34,0.05,12287.32
13538,5419,18,2,316.88,0.0,633.76
13539,5419,27,3,1246.0,0.0,3738.0
13540,5419,25,1,1719.78,0.0,1719.78
13541,5419,22,2,256.1,0.0,512.2
13542,5420,25,3,1719.78,0.2,4127.47
13543,5420,19,3,301.26,0.0,903.78
13544,5420,25,1,1719.78,0.2,1375.82
13545,5420,47,2,32443.0,0.0,64886.0
13546,5421,23,1,381.96,0.0,381.96
13547,5421,28,2,2077.38,0.0,4154.76
13548,5421,20,3,337.55,0.0,1012.65
13549,5421,39,2,22252.18,0.1,40053.92
13550,5422,50,2,32122.03,0.0,64244.06
13551,5423,33,3,3763.53,0.0,11290.59
13552,5423,25,3,1719.78,0.2,4127.47
13553,5423,50,1,32122.03,0.05,30515.93
13554,5424,36,1,2924.06,0.05,2777.86
13555,5425,50,1,32122.03,0.05,30515.93
13556,5425,36,3,2924.06,0.1,7894.96
13557,5425,21,3,395.89,0.0,1187.67
13558,5425,17,3,425.94,0.0,1277.82
13559,5426,31,1,440.79,0.0,440.79
13560,5426,49,3,24383.87,0.0,73151.61
13561,5427,1,2,4311.34,0.0,8622.68
13562,5427,26,3,1412.65,0.05,4026.05
13563,5427,49,1,24383.87,0.0,24383.87
13564,5427,37,2,20338.2,0.0,40676.4
13565,5428,45,3,50632.32,0.0,151896.96
13566,5428,52,3,35725.17,0.05,101816.73
13567,5428,3,3,4598.39,0.0,13795.17
13568,5429,37,1,20338.2,0.0,20338.2
13569,5430,25,3,1719.78,0.0,5159.34
13570,5430,1,3,4311.34,0.2,10347.22
13571,5431,30,2,448.49,0.1,807.28
13572,5432,42,2,1783.38,0.05,3388.42
13573,5433,35,1,3039.94,0.0,3039.94
13574,5434,20,2,337.55,0.0,675.1
13575,5434,25,3,1719.78,0.1,4643.41
13576,5434,46,3,44103.32,0.1,119078.96
13577,5435,45,3,50632.32,0.0,151896.96
13578,5435,52,1,35725.17,0.2,28580.14
13579,5435,17,3,425.94,0.0,1277.82
13580,5436,41,1,1458.5,0.2,1166.8
13581,5437,35,3,3039.94,0.2,7295.86
13582,5437,50,2,32122.03,0.2,51395.25
13583,5437,39,2,22252.18,0.0,44504.36
13584,5437,48,3,48857.09,0.0,146571.27
13585,5438,4,3,4078.93,0.1,11013.11
13586,5438,50,2,32122.03,0.1,57819.65
13587,5439,49,1,24383.87,0.0,24383.87
13588,5440,22,2,256.1,0.05,486.59
13589,5440,7,2,11903.44,0.0,23806.88
13590,5440,42,3,1783.38,0.1,4815.13
13591,5440,27,3,1246.0,0.1,3364.2
13592,5441,40,1,16569.14,0.05,15740.68
13593,5441,17,2,425.94,0.0,851.88
13594,5441,40,2,16569.14,0.2,26510.62
13595,5441,13,1,1356.94,0.0,1356.94
13596,5442,8,3,7478.19,0.0,22434.57
13597,5442,51,2,29838.95,0.1,53710.11
13598,5442,9,3,4533.34,0.2,10880.02
13599,5443,27,3,1246.0,0.0,3738.0
13600,5444,44,1,1675.89,0.0,1675.89
13601,5445,18,1,316.88,0.0,316.88
13602,5445,45,2,50632.32,0.0,101264.64
13603,5446,32,3,403.22,0.0,1209.66
13604,5446,36,1,2924.06,0.2,2339.25
13605,5446,49,2,24383.87,0.05,46329.35
13606,5446,33,3,3763.53,0.0,11290.59
13607,5447,4,3,4078.93,0.0,12236.79
13608,5447,1,3,4311.34,0.2,10347.22
13609,5447,35,3,3039.94,0.2,7295.86
13610,5447,37,3,20338.2,0.0,61014.6
13611,5448,43,1,1480.37,0.0,1480.37
13612,5448,25,2,1719.78,0.0,3439.56
13613,5448,16,2,1147.33,0.05,2179.93
13614,5449,14,3,1335.52,0.0,4006.56
13615,5449,49,1,24383.87,0.0,24383.87
13616,5450,13,2,1356.94,0.0,2713.88
13617,5450,10,3,5058.33,0.0,15174.99
13618,5450,8,3,7478.19,0.05,21312.84
13619,5450,7,1,11903.44,0.1,10713.1
13620,5451,36,2,2924.06,0.05,5555.71
13621,5451,33,2,3763.53,0.05,7150.71
13622,5451,22,2,256.1,0.0,512.2
13623,5451,19,1,301.26,0.0,301.26
13624,5452,17,2,425.94,0.0,851.88
13625,5452,13,2,1356.94,0.05,2578.19
13626,5452,5,1,7323.99,0.0,7323.99
13627,5453,39,3,22252.18,0.1,60080.89
13628,5453,1,3,4311.34,0.0,12934.02
13629,5454,14,3,1335.52,0.0,4006.56
13630,5455,48,1,48857.09,0.1,43971.38
13631,5455,32,2,403.22,0.1,725.8
13632,5455,43,2,1480.37,0.0,2960.74
13633,5455,34,2,3937.59,0.05,7481.42
13634,5456,22,3,256.1,0.05,729.88
13635,5456,46,1,44103.32,0.2,35282.66
13636,5456,2,1,3911.93,0.1,3520.74
13637,5457,10,3,5058.33,0.0,15174.99
13638,5457,36,2,2924.06,0.05,5555.71
13639,5457,8,1,7478.19,0.1,6730.37
13640,5457,4,1,4078.93,0.0,4078.93
13641,5458,48,1,48857.09,0.0,48857.09
13642,5458,45,3,50632.32,0.1,136707.26
13643,5458,32,2,403.22,0.2,645.15
13644,5459,32,2,403.22,0.1,725.8
13645,5460,36,1,2924.06,0.05,2777.86
13646,5460,50,1,32122.03,0.0,32122.03
13647,5461,8,1,7478.19,0.05,7104.28
13648,5461,32,1,403.22,0.0,403.22
13649,5462,24,1,291.78,0.0,291.78
13650,5462,2,3,3911.93,0.2,9388.63
13651,5462,45,3,50632.32,0.0,151896.96
13652,5463,4,1,4078.93,0.0,4078.93
13653,5463,23,3,381.96,0.0,1145.88
13654,5463,11,2,4853.64,0.1,8736.55
13655,5463,52,1,35725.17,0.0,35725.17
13656,5464,7,2,11903.44,0.0,23806.88
13657,5464,9,3,4533.34,0.0,13600.02
13658,5464,52,1,35725.17,0.0,35725.17
13659,5464,25,1,1719.78,0.05,1633.79
13660,5465,51,1,29838.95,0.0,29838.95
13661,5465,25,2,1719.78,0.1,3095.6
13662,5465,38,2,21688.29,0.0,43376.58
13663,5466,21,1,395.89,0.0,395.89
13664,5466,4,2,4078.93,0.0,8157.86
13665,5467,30,2,448.49,0.1,807.28
13666,5467,18,3,316.88,0.05,903.11
13667,5467,46,1,44103.32,0.05,41898.15
13668,5467,48,1,48857.09,0.0,48857.09
13669,5468,1,2,4311.34,0.0,8622.68
13670,5468,26,3,1412.65,0.0,4237.95
13671,5468,19,3,301.26,0.0,903.78
13672,5469,12,2,5553.73,0.0,11107.46
13673,5469,46,2,44103.32,0.1,79385.98
13674,5470,18,1,316.88,0.05,301.04
13675,5470,39,1,22252.18,0.0,22252.18
13676,5470,11,2,4853.64,0.05,9221.92
13677,5470,38,1,21688.29,0.0,21688.29
13678,5471,15,3,1717.5,0.0,5152.5
13679,5471,52,3,35725.17,0.0,107175.51
13680,5471,22,1,256.1,0.0,256.1
13681,5472,10,1,5058.33,0.2,4046.66
13682,5473,8,2,7478.19,0.0,14956.38
13683,5473,52,1,35725.17,0.05,33938.91
13684,5473,12,3,5553.73,0.05,15828.13
13685,5473,42,3,1783.38,0.05,5082.63
13686,5474,16,1,1147.33,0.05,1089.96
13687,5475,26,3,1412.65,0.1,3814.16
13688,5475,22,1,256.1,0.0,256.1
13689,5475,11,1,4853.64,0.1,4368.28
13690,5475,22,2,256.1,0.0,512.2
13691,5476,33,2,3763.53,0.0,7527.06
13692,5476,30,2,448.49,0.0,896.98
13693,5476,20,1,337.55,0.0,337.55
13694,5477,13,1,1356.94,0.0,1356.94
13695,5478,20,1,337.55,0.05,320.67
13696,5478,21,3,395.89,0.05,1128.29
13697,5479,9,2,4533.34,0.2,7253.34
13698,5479,52,3,35725.17,0.0,107175.51
13699,5479,24,1,291.78,0.0,291.78
13700,5479,46,3,44103.32,0.1,119078.96
13701,5480,20,2,337.55,0.0,675.1
13702,5481,15,2,1717.5,0.0,3435.0
13703,5481,49,3,24383.87,0.0,73151.61
13704,5481,47,1,32443.0,0.1,29198.7
13705,5482,32,3,403.22,0.1,1088.69
13706,5482,36,3,2924.06,0.1,7894.96
13707,5482,35,3,3039.94,0.1,8207.84
13708,5482,26,3,1412.65,0.1,3814.16
13709,5483,49,2,24383.87,0.05,46329.35
13710,5483,14,2,1335.52,0.05,2537.49
13711,5483,18,3,316.88,0.1,855.58
13712,5483,15,2,1717.5,0.0,3435.0
13713,5484,40,1,16569.14,0.2,13255.31
13714,5484,22,2,256.1,0.0,512.2
13715,5484,52,1,35725.17,0.0,35725.17
13716,5484,34,1,3937.59,0.05,3740.71
13717,5485,41,1,1458.5,0.0,1458.5
13718,5485,44,1,1675.89,0.2,1340.71
13719,5485,15,2,1717.5,0.1,3091.5
13720,5486,39,3,22252.18,0.0,66756.54
13721,5486,24,2,291.78,0.05,554.38
13722,5486,10,3,5058.33,0.0,15174.99
13723,5487,25,2,1719.78,0.0,3439.56
13724,5487,52,3,35725.17,0.05,101816.73
13725,5488,39,2,22252.18,0.0,44504.36
13726,5488,34,1,3937.59,0.0,3937.59
13727,5488,45,3,50632.32,0.0,151896.96
13728,5488,28,2,2077.38,0.1,3739.28
13729,5489,8,2,7478.19,0.2,11965.1
13730,5489,31,1,440.79,0.1,396.71
13731,5489,8,3,7478.19,0.0,22434.57
13732,5489,6,2,8439.67,0.0,16879.34
13733,5490,33,2,3763.53,0.05,7150.71
13734,5490,8,2,7478.19,0.05,14208.56
13735,5490,29,1,438.5,0.0,438.5
13736,5490,26,2,1412.65,0.0,2825.3
13737,5491,1,3,4311.34,0.0,12934.02
13738,5491,51,2,29838.95,0.0,59677.9
13739,5491,46,2,44103.32,0.0,88206.64
13740,5492,39,1,22252.18,0.0,22252.18
13741,5493,38,3,21688.29,0.1,58558.38
13742,5493,26,3,1412.65,0.0,4237.95
13743,5493,22,3,256.1,0.0,768.3
13744,5493,43,3,1480.37,0.0,4441.11
13745,5494,32,3,403.22,0.1,1088.69
13746,5494,29,1,438.5,0.05,416.58
13747,5494,8,2,7478.19,0.0,14956.38
13748,5494,6,1,8439.67,0.1,7595.7
13749,5495,6,2,8439.67,0.2,13503.47
13750,5495,15,3,1717.5,0.0,5152.5
13751,5495,14,3,1335.52,0.0,4006.56
13752,5495,23,2,381.96,0.2,611.14
13753,5496,5,1,7323.99,0.0,7323.99
13754,5496,13,2,1356.94,0.0,2713.88
13755,5497,29,3,438.5,0.05,1249.72
13756,5497,23,1,381.96,0.0,381.96
13757,5497,4,3,4078.93,0.0,12236.79
13758,5498,29,2,438.5,0.0,877.0
13759,5499,39,3,22252.18,0.0,66756.54
13760,5499,29,3,438.5,0.0,1315.5
13761,5500,21,1,395.89,0.0,395.89
13762,5501,2,1,3911.93,0.05,3716.33
13763,5501,31,2,440.79,0.0,881.58
13764,5501,20,2,337.55,0.0,675.1
13765,5501,31,2,440.79,0.0,881.58
13766,5502,4,2,4078.93,0.05,7749.97
13767,5503,50,2,32122.03,0.0,64244.06
13768,5504,3,3,4598.39,0.0,13795.17
13769,5504,12,1,5553.73,0.0,5553.73
13770,5504,20,3,337.55,0.0,1012.65
13771,5505,23,3,381.96,0.0,1145.88
13772,5505,49,2,24383.87,0.1,43890.97
13773,5506,21,2,395.89,0.0,791.78
13774,5506,18,3,316.88,0.0,950.64
13775,5506,48,3,48857.09,0.05,139242.71
13776,5507,31,2,440.79,0.2,705.26
13777,5508,27,1,1246.0,0.0,1246.0
13778,5508,24,3,291.78,0.05,831.57
13779,5508,13,3,1356.94,0.1,3663.74
13780,5509,29,2,438.5,0.05,833.15
13781,5509,25,2,1719.78,0.1,3095.6
13782,5509,25,3,1719.78,0.0,5159.34
13783,5510,51,1,29838.95,0.0,29838.95
13784,5510,28,1,2077.38,0.05,1973.51
13785,5510,49,2,24383.87,0.1,43890.97
13786,5510,4,3,4078.93,0.0,12236.79
13787,5511,23,2,381.96,0.0,763.92
13788,5511,13,1,1356.94,0.05,1289.09
13789,5512,10,1,5058.33,0.05,4805.41
13790,5513,31,3,440.79,0.0,1322.37
13791,5514,36,2,2924.06,0.1,5263.31
13792,5514,37,2,20338.2,0.0,40676.4
13793,5514,1,1,4311.34,0.0,4311.34
13794,5514,4,3,4078.93,0.0,12236.79
13795,5515,52,2,35725.17,0.0,71450.34
13796,5515,11,2,4853.64,0.0,9707.28
13797,5516,3,3,4598.39,0.05,13105.41
13798,5516,17,2,425.94,0.05,809.29
13799,5516,17,3,425.94,0.0,1277.82
13800,5517,51,3,29838.95,0.0,89516.85
13801,5517,4,3,4078.93,0.0,12236.79
13802,5517,35,3,3039.94,0.1,8207.84
13803,5517,20,1,337.55,0.0,337.55
13804,5518,39,3,22252.18,0.05,63418.71
13805,5518,2,1,3911.93,0.0,3911.93
13806,5518,9,1,4533.34,0.1,4080.01
13807,5518,31,3,440.79,0.05,1256.25
13808,5519,2,1,3911.93,0.0,3911.93
13809,5519,4,3,4078.93,0.0,12236.79
13810,5519,50,1,32122.03,0.0,32122.03
13811,5520,44,2,1675.89,0.05,3184.19
13812,5520,46,1,44103.32,0.1,39692.99
13813,5520,40,1,16569.14,0.05,15740.68
13814,5521,32,1,403.22,0.0,403.22
13815,5522,51,2,29838.95,0.2,47742.32
13816,5522,34,2,3937.59,0.0,7875.18
13817,5523,40,2,16569.14,0.2,26510.62
13818,5523,50,3,32122.03,0.0,96366.09
13819,5523,18,1,316.88,0.1,285.19
13820,5524,18,1,316.88,0.0,316.88
13821,5525,17,2,425.94,0.05,809.29
13822,5526,35,3,3039.94,0.0,9119.82
13823,5526,16,1,1147.33,0.0,1147.33
13824,5526,23,1,381.96,0.1,343.76
13825,5526,49,3,24383.87,0.1,65836.45
13826,5527,41,1,1458.5,0.0,1458.5
13827,5527,45,3,50632.32,0.0,151896.96
13828,5528,1,2,4311.34,0.1,7760.41
13829,5529,11,3,4853.64,0.0,14560.92
13830,5529,38,2,21688.29,0.0,43376.58
13831,5529,33,2,3763.53,0.1,6774.35
13832,5529,20,1,337.55,0.0,337.55
13833,5530,19,1,301.26,0.0,301.26
13834,5530,9,3,4533.34,0.0,13600.02
13835,5530,22,3,256.1,0.0,768.3
13836,5531,13,2,1356.94,0.0,2713.88
13837,5531,4,3,4078.93,0.05,11624.95
13838,5531,31,1,440.79,0.1,396.71
13839,5531,39,1,22252.18,0.1,20026.96
13840,5532,40,2,16569.14,0.0,33138.28
13841,5532,8,1,7478.19,0.2,5982.55
13842,5532,23,3,381.96,0.0,1145.88
13843,5533,47,2,32443.0,0.05,61641.7
13844,5533,1,1,4311.34,0.1,3880.21
13845,5533,46,1,44103.32,0.0,44103.32
13846,5534,17,2,425.94,0.1,766.69
13847,5535,5,2,7323.99,0.2,11718.38
13848,5535,19,2,301.26,0.2,482.02
13849,5535,28,2,2077.38,0.0,4154.76
13850,5536,51,2,29838.95,0.1,53710.11
13851,5537,5,2,7323.99,0.0,14647.98
13852,5537,30,3,448.49,0.05,1278.2
13853,5537,36,3,2924.06,0.0,8772.18
13854,5537,33,3,3763.53,0.0,11290.59
13855,5538,22,2,256.1,0.1,460.98
13856,5538,35,1,3039.94,0.0,3039.94
13857,5538,4,3,4078.93,0.0,12236.79
13858,5538,41,1,1458.5,0.0,1458.5
13859,5539,24,2,291.78,0.0,583.56
13860,5539,15,2,1717.5,0.0,3435.0
13861,5539,15,3,1717.5,0.0,5152.5
13862,5539,13,1,1356.94,0.05,1289.09
13863,5540,36,2,2924.06,0.1,5263.31
13864,5540,9,1,4533.34,0.05,4306.67
13865,5540,52,2,35725.17,0.0,71450.34
13866,5541,50,2,32122.03,0.0,64244.06
13867,5541,12,1,5553.73,0.2,4442.98
13868,5541,34,3,3937.59,0.0,11812.77
13869,5541,32,3,403.22,0.05,1149.18
13870,5542,30,2,448.49,0.0,896.98
13871,5542,14,1,1335.52,0.2,1068.42
13872,5542,25,2,1719.78,0.1,3095.6
13873,5542,23,2,381.96,0.05,725.72
13874,5543,48,2,48857.09,0.1,87942.76
13875,5543,41,3,1458.5,0.2,3500.4
13876,5543,16,3,1147.33,0.05,3269.89
13877,5544,15,3,1717.5,0.05,4894.88
13878,5545,9,2,4533.34,0.0,9066.68
13879,5545,44,2,1675.89,0.05,3184.19
13880,5545,47,1,32443.0,0.0,32443.0
13881,5545,18,2,316.88,0.0,633.76
13882,5546,35,3,3039.94,0.1,8207.84
13883,5546,12,1,5553.73,0.0,5553.73
13884,5546,23,3,381.96,0.2,916.7
13885,5546,15,3,1717.5,0.1,4637.25
13886,5547,4,3,4078.93,0.05,11624.95
13887,5547,14,1,1335.52,0.1,1201.97
13888,5547,46,2,44103.32,0.0,88206.64
13889,5547,27,1,1246.0,0.05,1183.7
13890,5548,23,3,381.96,0.0,1145.88
13891,5548,17,2,425.94,0.1,766.69
13892,5548,6,1,8439.67,0.0,8439.67
13893,5548,36,1,2924.06,0.0,2924.06
13894,5549,44,2,1675.89,0.05,3184.19
13895,5550,3,1,4598.39,0.1,4138.55
13896,5550,15,2,1717.5,0.0,3435.0
13897,5551,26,1,1412.65,0.0,1412.65
13898,5551,37,3,20338.2,0.1,54913.14
13899,5551,8,3,7478.19,0.0,22434.57
13900,5551,1,1,4311.34,0.0,4311.34
13901,5552,42,2,1783.38,0.1,3210.08
13902,5553,22,2,256.1,0.1,460.98
13903,5553,7,3,11903.44,0.0,35710.32
13904,5553,20,1,337.55,0.0,337.55
13905,5553,45,2,50632.32,0.05,96201.41
13906,5554,4,1,4078.93,0.05,3874.98
13907,5554,9,1,4533.34,0.2,3626.67
13908,5555,45,3,50632.32,0.0,151896.96
13909,5556,22,1,256.1,0.05,243.3
13910,5556,3,3,4598.39,0.0,13795.17
13911,5556,21,3,395.89,0.2,950.14
13912,5557,18,3,316.88,0.2,760.51
13913,5557,24,2,291.78,0.0,583.56
13914,5557,45,2,50632.32,0.0,101264.64
13915,5558,27,1,1246.0,0.1,1121.4
13916,5558,16,1,1147.33,0.0,1147.33
13917,5558,39,1,22252.18,0.05,21139.57
13918,5559,38,3,21688.29,0.1,58558.38
13919,5559,29,2,438.5,0.05,833.15
13920,5559,38,2,21688.29,0.2,34701.26
13921,5560,47,1,32443.0,0.1,29198.7
13922,5560,11,2,4853.64,0.05,9221.92
13923,5560,11,1,4853.64,0.0,4853.64
13924,5560,51,1,29838.95,0.0,29838.95
13925,5561,48,1,48857.09,0.0,48857.09
13926,5561,12,3,5553.73,0.05,15828.13
13927,5561,23,3,381.96,0.1,1031.29
13928,5562,21,2,395.89,0.05,752.19
13929,5563,2,2,3911.93,0.0,7823.86
13930,5563,25,2,1719.78,0.0,3439.56
13931,5564,9,2,4533.34,0.0,9066.68
13932,5564,50,3,32122.03,0.1,86729.48
13933,5564,15,1,1717.5,0.1,1545.75
13934,5565,15,3,1717.5,0.05,4894.88
13935,5566,15,3,1717.5,0.2,4122.0
13936,5566,10,3,5058.33,0.1,13657.49
13937,5566,34,1,3937.59,0.0,3937.59
13938,5566,15,1,1717.5,0.0,1717.5
13939,5567,8,1,7478.19,0.1,6730.37
13940,5567,19,1,301.26,0.1,271.13
13941,5567,33,3,3763.53,0.0,11290.59
13942,5567,47,3,32443.0,0.0,97329.0
13943,5568,17,2,425.94,0.0,851.88
13944,5568,48,1,48857.09,0.05,46414.24
13945,5569,19,1,301.26,0.0,301.26
13946,5569,21,2,395.89,0.1,712.6
13947,5569,45,2,50632.32,0.05,96201.41
13948,5570,36,1,2924.06,0.0,2924.06
13949,5570,25,2,1719.78,0.1,3095.6
13950,5571,48,3,48857.09,0.1,131914.14
13951,5571,37,3,20338.2,0.0,61014.6
13952,5571,16,3,1147.33,0.0,3441.99
13953,5572,29,2,438.5,0.0,877.0
13954,5572,20,3,337.55,0.05,962.02
13955,5572,5,3,7323.99,0.05,20873.37
13956,5573,6,1,8439.67,0.0,8439.67
13957,5573,1,3,4311.34,0.0,12934.02
13958,5573,51,3,29838.95,0.1,80565.17
13959,5574,51,3,29838.95,0.05,85041.01
13960,5574,33,2,3763.53,0.0,7527.06
13961,5575,45,2,50632.32,0.05,96201.41
13962,5575,43,2,1480.37,0.0,2960.74
13963,5575,8,3,7478.19,0.05,21312.84
13964,5576,48,3,48857.09,0.0,146571.27
13965,5576,15,3,1717.5,0.05,4894.88
13966,5576,24,3,291.78,0.2,700.27
13967,5577,15,1,1717.5,0.0,1717.5
13968,5578,15,3,1717.5,0.0,5152.5
13969,5578,17,3,425.94,0.0,1277.82
13970,5579,4,2,4078.93,0.0,8157.86
13971,5579,8,3,7478.19,0.0,22434.57
13972,5580,41,2,1458.5,0.0,2917.0
13973,5580,31,1,440.79,0.1,396.71
13974,5581,43,1,1480.37,0.1,1332.33
13975,5581,51,1,29838.95,0.05,28347.0
13976,5581,20,3,337.55,0.0,1012.65
13977,5582,42,2,1783.38,0.1,3210.08
13978,5582,40,3,16569.14,0.05,47222.05
13979,5582,51,3,29838.95,0.0,89516.85
13980,5582,47,2,32443.0,0.0,64886.0
13981,5583,51,1,29838.95,0.2,23871.16
13982,5583,30,2,448.49,0.05,852.13
13983,5583,33,2,3763.53,0.05,7150.71
13984,5583,41,2,1458.5,0.1,2625.3
13985,5584,36,2,2924.06,0.0,5848.12
13986,5584,50,1,32122.03,0.05,30515.93
13987,5584,36,1,2924.06,0.0,2924.06
13988,5585,4,2,4078.93,0.0,8157.86
13989,5586,47,3,32443.0,0.1,87596.1
13990,5587,34,2,3937.59,0.0,7875.18
13991,5587,48,3,48857.09,0.0,146571.27
13992,5588,36,2,2924.06,0.0,5848.12
13993,5588,13,1,1356.94,0.0,1356.94
13994,5588,29,1,438.5,0.05,416.58
13995,5589,30,1,448.49,0.05,426.07
13996,5590,40,3,16569.14,0.05,47222.05
13997,5590,19,3,301.26,0.05,858.59
13998,5591,4,1,4078.93,0.0,4078.93
13999,5591,34,3,3937.59,0.1,10631.49
14000,5591,11,1,4853.64,0.0,4853.64
14001,5592,26,3,1412.65,0.05,4026.05
14002,5593,29,2,438.5,0.05,833.15
14003,5593,25,1,1719.78,0.0,1719.78
14004,5593,1,1,4311.34,0.05,4095.77
14005,5593,18,1,316.88,0.1,285.19
14006,5594,51,3,29838.95,0.2,71613.48
14007,5594,29,3,438.5,0.0,1315.5
14008,5594,6,2,8439.67,0.0,16879.34
14009,5594,14,3,1335.52,0.2,3205.25
14010,5595,33,1,3763.53,0.05,3575.35
14011,5596,3,3,4598.39,0.0,13795.17
14012,5597,41,2,1458.5,0.05,2771.15
14013,5597,9,1,4533.34,0.0,4533.34
14014,5598,27,3,1246.0,0.0,3738.0
14015,5598,14,3,1335.52,0.0,4006.56
14016,5599,35,1,3039.94,0.0,3039.94
14017,5599,38,2,21688.29,0.05,41207.75
14018,5599,39,1,22252.18,0.05,21139.57
14019,5600,44,2,1675.89,0.1,3016.6
14020,5600,31,3,440.79,0.05,1256.25
14021,5601,13,2,1356.94,0.05,2578.19
14022,5601,2,1,3911.93,0.0,3911.93
14023,5601,16,2,1147.33,0.0,2294.66
14024,5601,4,2,4078.93,0.0,8157.86
14025,5602,10,1,5058.33,0.0,5058.33
14026,5602,13,2,1356.94,0.0,2713.88
14027,5602,12,1,5553.73,0.0,5553.73
14028,5602,35,3,3039.94,0.0,9119.82
14029,5603,13,3,1356.94,0.05,3867.28
14030,5603,52,3,35725.17,0.0,107175.51
14031,5603,19,3,301.26,0.1,813.4
14032,5603,40,3,16569.14,0.0,49707.42
14033,5604,26,3,1412.65,0.0,4237.95
14034,5604,7,1,11903.44,0.05,11308.27
14035,5604,1,2,4311.34,0.1,7760.41
14036,5604,16,1,1147.33,0.0,1147.33
14037,5605,41,2,1458.5,0.2,2333.6
14038,5605,26,3,1412.65,0.0,4237.95
14039,5605,20,3,337.55,0.0,1012.65
14040,5606,27,3,1246.0,0.0,3738.0
14041,5606,45,1,50632.32,0.0,50632.32
14042,5607,25,2,1719.78,0.0,3439.56
14043,5607,7,2,11903.44,0.0,23806.88
14044,5607,29,2,438.5,0.05,833.15
14045,5607,29,3,438.5,0.0,1315.5
14046,5608,25,3,1719.78,0.1,4643.41
14047,5608,14,2,1335.52,0.2,2136.83
14048,5608,42,3,1783.38,0.0,5350.14
14049,5609,34,2,3937.59,0.1,7087.66
14050,5609,42,3,1783.38,0.05,5082.63
14051,5610,41,3,1458.5,0.1,3937.95
14052,5610,21,2,395.89,0.0,791.78
14053,5610,8,2,7478.19,0.05,14208.56
14054,5610,32,2,403.22,0.2,645.15
14055,5611,50,3,32122.03,0.05,91547.79
14056,5611,26,1,1412.65,0.05,1342.02
14057,5611,42,1,1783.38,0.2,1426.7
14058,5611,42,2,1783.38,0.0,3566.76
14059,5612,34,1,3937.59,0.0,3937.59
14060,5612,47,1,32443.0,0.0,32443.0
14061,5612,28,2,2077.38,0.0,4154.76
14062,5613,29,3,438.5,0.0,1315.5
14063,5613,3,3,4598.39,0.05,13105.41
14064,5613,48,1,48857.09,0.0,48857.09
14065,5613,5,1,7323.99,0.1,6591.59
14066,5614,5,1,7323.99,0.2,5859.19
14067,5614,31,2,440.79,0.0,881.58
14068,5614,6,3,8439.67,0.05,24053.06
14069,5615,16,1,1147.33,0.1,1032.6
14070,5615,21,1,395.89,0.0,395.89
14071,5615,31,2,440.79,0.2,705.26
14072,5616,50,1,32122.03,0.0,32122.03
14073,5616,37,2,20338.2,0.05,38642.58
14074,5616,27,2,1246.0,0.0,2492.0
14075,5617,24,2,291.78,0.0,583.56
14076,5617,21,1,395.89,0.1,356.3
14077,5618,47,2,32443.0,0.0,64886.0
14078,5619,40,3,16569.14,0.1,44736.68
14079,5619,16,3,1147.33,0.0,3441.99
14080,5619,45,2,50632.32,0.0,101264.64
14081,5619,51,3,29838.95,0.05,85041.01
14082,5620,10,2,5058.33,0.1,9104.99
14083,5620,50,3,32122.03,0.0,96366.09
14084,5621,15,3,1717.5,0.1,4637.25
14085,5621,28,3,2077.38,0.2,4985.71
14086,5621,28,2,2077.38,0.0,4154.76
14087,5621,21,2,395.89,0.0,791.78
14088,5622,46,2,44103.32,0.05,83796.31
14089,5622,41,2,1458.5,0.0,2917.0
14090,5623,16,2,1147.33,0.0,2294.66
14091,5624,32,2,403.22,0.1,725.8
14092,5624,2,2,3911.93,0.0,7823.86
14093,5624,30,3,448.49,0.0,1345.47
14094,5625,13,1,1356.94,0.05,1289.09
14095,5625,20,2,337.55,0.0,675.1
14096,5625,15,3,1717.5,0.0,5152.5
14097,5625,18,2,316.88,0.0,633.76
14098,5626,40,3,16569.14,0.1,44736.68
14099,5626,20,2,337.55,0.05,641.34
14100,5627,32,2,403.22,0.0,806.44
14101,5627,33,3,3763.53,0.05,10726.06
14102,5628,9,2,4533.34,0.0,9066.68
14103,5628,38,2,21688.29,0.0,43376.58
14104,5629,47,3,32443.0,0.1,87596.1
14105,5630,50,3,32122.03,0.0,96366.09
14106,5630,34,3,3937.59,0.05,11222.13
14107,5631,7,2,11903.44,0.0,23806.88
14108,5631,23,1,381.96,0.0,381.96
14109,5632,28,3,2077.38,0.0,6232.14
14110,5632,23,3,381.96,0.0,1145.88
14111,5633,41,3,1458.5,0.1,3937.95
14112,5634,3,3,4598.39,0.0,13795.17
14113,5635,9,2,4533.34,0.1,8160.01
14114,5635,27,3,1246.0,0.0,3738.0
14115,5635,36,1,2924.06,0.0,2924.06
14116,5636,51,3,29838.95,0.05,85041.01
14117,5636,12,1,5553.73,0.1,4998.36
14118,5637,34,2,3937.59,0.1,7087.66
14119,5638,33,3,3763.53,0.05,10726.06
14120,5639,33,3,3763.53,0.0,11290.59
14121,5640,29,2,438.5,0.05,833.15
14122,5640,6,2,8439.67,0.05,16035.37
14123,5641,43,1,1480.37,0.0,1480.37
14124,5642,39,2,22252.18,0.0,44504.36
14125,5642,35,1,3039.94,0.0,3039.94
14126,5642,47,1,32443.0,0.0,32443.0
14127,5642,49,3,24383.87,0.0,73151.61
14128,5643,27,3,1246.0,0.0,3738.0
14129,5643,52,1,35725.17,0.0,35725.17
14130,5643,27,1,1246.0,0.1,1121.4
14131,5644,11,2,4853.64,0.0,9707.28
14132,5644,11,1,4853.64,0.2,3882.91
14133,5645,39,3,22252.18,0.0,66756.54
14134,5645,7,2,11903.44,0.2,19045.5
14135,5646,20,3,337.55,0.0,1012.65
14136,5646,16,3,1147.33,0.1,3097.79
14137,5646,2,1,3911.93,0.0,3911.93
14138,5646,38,1,21688.29,0.05,20603.88
14139,5647,45,1,50632.32,0.1,45569.09
14140,5648,50,2,32122.03,0.0,64244.06
14141,5649,41,2,1458.5,0.05,2771.15
14142,5650,8,1,7478.19,0.05,7104.28
14143,5650,1,2,4311.34,0.0,8622.68
14144,5650,10,2,5058.33,0.0,10116.66
14145,5650,13,2,1356.94,0.0,2713.88
14146,5651,12,2,5553.73,0.0,11107.46
14147,5652,2,3,3911.93,0.05,11149.0
14148,5652,39,2,22252.18,0.0,44504.36
14149,5652,45,2,50632.32,0.05,96201.41
14150,5652,35,2,3039.94,0.0,6079.88
14151,5653,8,2,7478.19,0.0,14956.38
14152,5654,35,2,3039.94,0.0,6079.88
14153,5654,36,1,2924.06,0.0,2924.06
14154,5654,1,1,4311.34,0.05,4095.77
14155,5654,24,2,291.78,0.0,583.56
14156,5655,12,2,5553.73,0.0,11107.46
14157,5655,22,1,256.1,0.0,256.1
14158,5655,12,2,5553.73,0.0,11107.46
14159,5656,6,1,8439.67,0.0,8439.67
14160,5656,22,3,256.1,0.1,691.47
14161,5657,27,2,1246.0,0.0,2492.0
14162,5658,20,2,337.55,0.0,675.1
14163,5658,42,2,1783.38,0.0,3566.76
14164,5659,43,3,1480.37,0.05,4219.05
14165,5659,42,3,1783.38,0.0,5350.14
14166,5659,49,3,24383.87,0.0,73151.61
14167,5660,15,1,1717.5,0.0,1717.5
14168,5661,16,3,1147.33,0.05,3269.89
14169,5661,6,3,8439.67,0.05,24053.06
14170,5662,30,3,448.49,0.0,1345.47
14171,5662,13,3,1356.94,0.05,3867.28
14172,5662,19,1,301.26,0.1,271.13
14173,5663,16,1,1147.33,0.0,1147.33
14174,5663,52,1,35725.17,0.0,35725.17
14175,5663,3,2,4598.39,0.0,9196.78
14176,5664,23,1,381.96,0.0,381.96
14177,5664,34,1,3937.59,0.1,3543.83
14178,5664,6,1,8439.67,0.0,8439.67
14179,5665,19,3,301.26,0.1,813.4
14180,5666,50,1,32122.03,0.05,30515.93
14181,5666,10,1,5058.33,0.0,5058.33
14182,5666,15,3,1717.5,0.2,4122.0
14183,5666,7,2,11903.44,0.2,19045.5
14184,5667,14,3,1335.52,0.0,4006.56
14185,5667,51,3,29838.95,0.05,85041.01
14186,5667,6,3,8439.67,0.0,25319.01
14187,5668,40,3,16569.14,0.0,49707.42
14188,5668,48,2,48857.09,0.2,78171.34
14189,5668,4,3,4078.93,0.0,12236.79
14190,5668,5,2,7323.99,0.05,13915.58
14191,5669,44,2,1675.89,0.1,3016.6
14192,5669,47,2,32443.0,0.0,64886.0
14193,5669,27,3,1246.0,0.2,2990.4
14194,5669,10,2,5058.33,0.2,8093.33
14195,5670,16,3,1147.33,0.0,3441.99
14196,5670,19,2,301.26,0.0,602.52
14197,5671,40,1,16569.14,0.0,16569.14
14198,5671,32,2,403.22,0.1,725.8
14199,5671,1,1,4311.34,0.0,4311.34
14200,5671,12,1,5553.73,0.05,5276.04
14201,5672,38,3,21688.29,0.0,65064.87
14202,5672,10,2,5058.33,0.0,10116.66
14203,5672,19,3,301.26,0.0,903.78
14204,5673,6,3,8439.67,0.0,25319.01
14205,5673,26,3,1412.65,0.05,4026.05
14206,5673,44,3,1675.89,0.0,5027.67
14207,5674,37,1,20338.2,0.1,18304.38
14208,5674,11,2,4853.64,0.0,9707.28
14209,5674,47,3,32443.0,0.1,87596.1
14210,5675,41,3,1458.5,0.2,3500.4
14211,5675,14,2,1335.52,0.05,2537.49
14212,5675,50,1,32122.03,0.2,25697.62
14213,5676,11,3,4853.64,0.05,13832.87
14214,5676,15,1,1717.5,0.0,1717.5
14215,5676,11,3,4853.64,0.0,14560.92
14216,5676,2,1,3911.93,0.05,3716.33
14217,5677,38,2,21688.29,0.05,41207.75
14218,5677,7,3,11903.44,0.1,32139.29
14219,5678,34,3,3937.59,0.05,11222.13
14220,5678,14,3,1335.52,0.05,3806.23
14221,5679,43,3,1480.37,0.0,4441.11
14222,5679,52,3,35725.17,0.05,101816.73
14223,5679,40,1,16569.14,0.0,16569.14
14224,5680,34,1,3937.59,0.1,3543.83
14225,5680,48,2,48857.09,0.0,97714.18
14226,5680,18,1,316.88,0.0,316.88
14227,5681,7,3,11903.44,0.1,32139.29
14228,5681,15,3,1717.5,0.0,5152.5
14229,5682,44,1,1675.89,0.0,1675.89
14230,5682,24,1,291.78,0.1,262.6
14231,5682,16,2,1147.33,0.0,2294.66
14232,5682,19,1,301.26,0.05,286.2
14233,5683,11,1,4853.64,0.0,4853.64
14234,5683,18,1,316.88,0.2,253.5
14235,5684,25,2,1719.78,0.05,3267.58
14236,5684,38,1,21688.29,0.0,21688.29
14237,5684,10,1,5058.33,0.0,5058.33
14238,5684,31,3,440.79,0.05,1256.25
14239,5685,10,3,5058.33,0.05,14416.24
14240,5685,33,3,3763.53,0.05,10726.06
14241,5685,48,2,48857.09,0.05,92828.47
14242,5685,39,2,22252.18,0.0,44504.36
14243,5686,26,3,1412.65,0.0,4237.95
14244,5686,28,3,2077.38,0.2,4985.71
14245,5686,24,3,291.78,0.1,787.81
14246,5686,46,1,44103.32,0.0,44103.32
14247,5687,39,1,22252.18,0.0,22252.18
14248,5687,28,2,2077.38,0.05,3947.02
14249,5688,35,2,3039.94,0.05,5775.89
14250,5688,48,2,48857.09,0.1,87942.76
14251,5689,27,1,1246.0,0.0,1246.0
14252,5689,16,2,1147.33,0.05,2179.93
14253,5689,13,1,1356.94,0.0,1356.94
14254,5690,1,3,4311.34,0.05,12287.32
14255,5690,2,2,3911.93,0.0,7823.86
14256,5690,40,2,16569.14,0.0,33138.28
14257,5691,7,1,11903.44,0.05,11308.27
14258,5692,10,1,5058.33,0.0,5058.33
14259,5692,44,2,1675.89,0.05,3184.19
14260,5692,6,3,8439.67,0.1,22787.11
14261,5692,18,2,316.88,0.0,633.76
14262,5693,52,2,35725.17,0.1,64305.31
14263,5693,6,1,8439.67,0.0,8439.67
14264,5693,43,2,1480.37,0.0,2960.74
14265,5693,25,1,1719.78,0.0,1719.78
14266,5694,27,2,1246.0,0.05,2367.4
14267,5694,47,2,32443.0,0.0,64886.0
14268,5694,17,2,425.94,0.0,851.88
14269,5694,39,2,22252.18,0.0,44504.36
14270,5695,1,3,4311.34,0.0,12934.02
14271,5695,9,2,4533.34,0.0,9066.68
14272,5695,41,3,1458.5,0.05,4156.72
14273,5695,51,3,29838.95,0.05,85041.01
14274,5696,34,2,3937.59,0.0,7875.18
14275,5696,8,2,7478.19,0.1,13460.74
14276,5696,2,1,3911.93,0.2,3129.54
14277,5696,48,2,48857.09,0.0,97714.18
14278,5697,13,2,1356.94,0.0,2713.88
14279,5697,43,3,1480.37,0.0,4441.11
14280,5698,46,1,44103.32,0.0,44103.32
14281,5698,9,3,4533.34,0.0,13600.02
14282,5699,28,1,2077.38,0.0,2077.38
14283,5700,26,2,1412.65,0.0,2825.3
14284,5700,6,2,8439.67,0.05,16035.37
14285,5700,26,3,1412.65,0.0,4237.95
14286,5700,27,1,1246.0,0.0,1246.0
14287,5701,10,1,5058.33,0.05,4805.41
14288,5701,20,1,337.55,0.1,303.8
14289,5701,18,1,316.88,0.0,316.88
14290,5702,49,1,24383.87,0.0,24383.87
14291,5702,19,3,301.26,0.2,723.02
14292,5702,22,3,256.1,0.1,691.47
14293,5702,16,1,1147.33,0.0,1147.33
14294,5703,10,3,5058.33,0.05,14416.24
14295,5703,35,3,3039.94,0.1,8207.84
14296,5703,29,2,438.5,0.0,877.0
14297,5703,47,1,32443.0,0.1,29198.7
14298,5704,7,3,11903.44,0.05,33924.8
14299,5705,27,1,1246.0,0.2,996.8
14300,5705,47,2,32443.0,0.0,64886.0
14301,5705,4,1,4078.93,0.05,3874.98
14302,5706,26,2,1412.65,0.1,2542.77
14303,5706,47,1,32443.0,0.0,32443.0
14304,5707,44,2,1675.89,0.1,3016.6
14305,5707,38,3,21688.29,0.0,65064.87
14306,5708,49,2,24383.87,0.2,39014.19
14307,5708,31,3,440.79,0.0,1322.37
14308,5708,16,1,1147.33,0.0,1147.33
14309,5708,23,2,381.96,0.0,763.92
14310,5709,52,2,35725.17,0.0,71450.34
14311,5709,46,3,44103.32,0.1,119078.96
14312,5709,11,1,4853.64,0.1,4368.28
14313,5709,4,3,4078.93,0.0,12236.79
14314,5710,33,1,3763.53,0.0,3763.53
14315,5711,31,3,440.79,0.0,1322.37
14316,5711,6,1,8439.67,0.0,8439.67
14317,5711,39,2,22252.18,0.0,44504.36
14318,5711,44,2,1675.89,0.05,3184.19
14319,5712,27,3,1246.0,0.0,3738.0
14320,5712,34,3,3937.59,0.1,10631.49
14321,5713,32,2,403.22,0.1,725.8
14322,5713,52,3,35725.17,0.0,107175.51
14323,5714,23,2,381.96,0.2,611.14
14324,5714,4,3,4078.93,0.0,12236.79
14325,5714,6,3,8439.67,0.2,20255.21
14326,5714,5,1,7323.99,0.1,6591.59
14327,5715,41,2,1458.5,0.0,2917.0
14328,5716,22,2,256.1,0.2,409.76
14329,5716,11,3,4853.64,0.0,14560.92
14330,5717,11,3,4853.64,0.0,14560.92
14331,5717,28,2,2077.38,0.0,4154.76
14332,5717,12,1,5553.73,0.2,4442.98
14333,5718,20,2,337.55,0.0,675.1
14334,5718,37,3,20338.2,0.0,61014.6
14335,5719,26,1,1412.65,0.2,1130.12
14336,5719,42,1,1783.38,0.1,1605.04
14337,5719,3,3,4598.39,0.05,13105.41
14338,5720,42,2,1783.38,0.05,3388.42
14339,5721,12,1,5553.73,0.0,5553.73
14340,5721,35,2,3039.94,0.0,6079.88
14341,5721,52,3,35725.17,0.0,107175.51
14342,5722,11,1,4853.64,0.1,4368.28
14343,5723,45,3,50632.32,0.1,136707.26
14344,5723,15,1,1717.5,0.0,1717.5
14345,5723,34,3,3937.59,0.1,10631.49
14346,5724,30,1,448.49,0.05,426.07
14347,5725,14,3,1335.52,0.0,4006.56
14348,5725,41,1,1458.5,0.0,1458.5
14349,5726,10,2,5058.33,0.1,9104.99
14350,5727,30,2,448.49,0.0,896.98
14351,5727,25,1,1719.78,0.0,1719.78
14352,5727,46,3,44103.32,0.05,125694.46
14353,5727,40,2,16569.14,0.0,33138.28
14354,5728,9,1,4533.34,0.0,4533.34
14355,5728,9,3,4533.34,0.05,12920.02
14356,5729,39,1,22252.18,0.0,22252.18
14357,5729,10,1,5058.33,0.1,4552.5
14358,5730,50,1,32122.03,0.0,32122.03
14359,5730,6,3,8439.67,0.0,25319.01
14360,5730,49,2,24383.87,0.1,43890.97
14361,5730,44,2,1675.89,0.0,3351.78
14362,5731,17,3,425.94,0.05,1213.93
14363,5731,23,1,381.96,0.0,381.96
14364,5732,39,1,22252.18,0.0,22252.18
14365,5733,10,1,5058.33,0.0,5058.33
14366,5733,13,2,1356.94,0.05,2578.19
14367,5733,48,2,48857.09,0.0,97714.18
14368,5734,28,1,2077.38,0.0,2077.38
14369,5734,10,3,5058.33,0.1,13657.49
14370,5734,6,3,8439.67,0.2,20255.21
14371,5735,34,2,3937.59,0.0,7875.18
14372,5735,35,1,3039.94,0.0,3039.94
14373,5736,52,1,35725.17,0.05,33938.91
14374,5736,37,3,20338.2,0.0,61014.6
14375,5737,13,1,1356.94,0.0,1356.94
14376,5737,43,2,1480.37,0.05,2812.7
14377,5738,3,3,4598.39,0.05,13105.41
14378,5738,49,1,24383.87,0.0,24383.87
14379,5738,10,1,5058.33,0.05,4805.41
14380,5738,2,1,3911.93,0.0,3911.93
14381,5739,5,1,7323.99,0.05,6957.79
14382,5739,29,2,438.5,0.0,877.0
14383,5739,47,1,32443.0,0.0,32443.0
14384,5739,16,2,1147.33,0.0,2294.66
14385,5740,10,2,5058.33,0.1,9104.99
14386,5740,34,3,3937.59,0.05,11222.13
14387,5741,8,1,7478.19,0.0,7478.19
14388,5742,10,3,5058.33,0.05,14416.24
14389,5742,21,1,395.89,0.0,395.89
14390,5743,37,3,20338.2,0.0,61014.6
14391,5744,18,3,316.88,0.05,903.11
14392,5745,45,3,50632.32,0.0,151896.96
14393,5745,35,3,3039.94,0.05,8663.83
14394,5745,46,2,44103.32,0.0,88206.64
14395,5746,49,3,24383.87,0.1,65836.45
14396,5747,25,2,1719.78,0.0,3439.56
14397,5747,36,1,2924.06,0.05,2777.86
14398,5747,30,1,448.49,0.0,448.49
14399,5748,4,2,4078.93,0.05,7749.97
14400,5748,22,3,256.1,0.0,768.3
14401,5749,49,2,24383.87,0.05,46329.35
14402,5750,37,1,20338.2,0.0,20338.2
14403,5750,3,3,4598.39,0.05,13105.41
14404,5751,40,3,16569.14,0.0,49707.42
14405,5751,52,2,35725.17,0.2,57160.27
14406,5751,24,3,291.78,0.05,831.57
14407,5751,51,2,29838.95,0.0,59677.9
14408,5752,43,2,1480.37,0.1,2664.67
14409,5752,13,1,1356.94,0.0,1356.94
14410,5752,35,3,3039.94,0.1,8207.84
14411,5753,17,1,425.94,0.0,425.94
14412,5753,16,2,1147.33,0.1,2065.19
14413,5753,41,3,1458.5,0.0,4375.5
14414,5754,32,3,403.22,0.0,1209.66
14415,5754,19,2,301.26,0.0,602.52
14416,5754,49,2,24383.87,0.0,48767.74
14417,5755,20,1,337.55,0.1,303.8
14418,5755,51,3,29838.95,0.1,80565.17
14419,5755,40,3,16569.14,0.1,44736.68
14420,5755,30,2,448.49,0.0,896.98
14421,5756,34,1,3937.59,0.0,3937.59
14422,5756,35,2,3039.94,0.0,6079.88
14423,5756,36,1,2924.06,0.0,2924.06
14424,5757,29,3,438.5,0.2,1052.4
14425,5757,19,2,301.26,0.05,572.39
14426,5757,42,2,1783.38,0.0,3566.76
14427,5758,48,2,48857.09,0.05,92828.47
14428,5759,42,2,1783.38,0.2,2853.41
14429,5759,44,2,1675.89,0.2,2681.42
14430,5759,4,3,4078.93,0.1,11013.11
14431,5760,44,2,1675.89,0.0,3351.78
14432,5760,27,2,1246.0,0.05,2367.4
14433,5761,35,3,3039.94,0.2,7295.86
14434,5761,46,3,44103.32,0.0,132309.96
14435,5761,8,1,7478.19,0.0,7478.19
14436,5761,42,1,1783.38,0.05,1694.21
14437,5762,46,2,44103.32,0.0,88206.64
14438,5762,18,2,316.88,0.0,633.76
14439,5762,45,2,50632.32,0.0,101264.64
14440,5762,22,3,256.1,0.0,768.3
14441,5763,8,3,7478.19,0.0,22434.57
14442,5763,48,2,48857.09,0.0,97714.18
14443,5763,44,1,1675.89,0.05,1592.1
14444,5763,42,1,1783.38,0.1,1605.04
14445,5764,18,1,316.88,0.0,316.88
14446,5765,38,1,21688.29,0.0,21688.29
14447,5766,39,3,22252.18,0.0,66756.54
14448,5767,28,2,2077.38,0.05,3947.02
14449,5767,44,2,1675.89,0.1,3016.6
14450,5767,32,1,403.22,0.1,362.9
14451,5767,19,2,301.26,0.05,572.39
14452,5768,23,3,381.96,0.0,1145.88
14453,5768,16,3,1147.33,0.2,2753.59
14454,5769,41,2,1458.5,0.0,2917.0
14455,5769,20,2,337.55,0.0,675.1
14456,5770,27,2,1246.0,0.2,1993.6
14457,5771,3,3,4598.39,0.1,12415.65
14458,5772,31,3,440.79,0.1,1190.13
14459,5772,21,1,395.89,0.0,395.89
14460,5772,16,2,1147.33,0.05,2179.93
14461,5773,6,1,8439.67,0.0,8439.67
14462,5774,9,3,4533.34,0.0,13600.02
14463,5774,11,1,4853.64,0.0,4853.64
14464,5775,6,1,8439.67,0.0,8439.67
14465,5776,16,3,1147.33,0.0,3441.99
14466,5776,41,1,1458.5,0.0,1458.5
14467,5777,37,1,20338.2,0.1,18304.38
14468,5777,34,1,3937.59,0.0,3937.59
14469,5777,1,3,4311.34,0.0,12934.02
14470,5777,43,2,1480.37,0.05,2812.7
14471,5778,47,2,32443.0,0.1,58397.4
14472,5778,39,1,22252.18,0.0,22252.18
14473,5779,42,3,1783.38,0.0,5350.14
14474,5779,15,3,1717.5,0.0,5152.5
14475,5780,5,2,7323.99,0.0,14647.98
14476,5780,22,3,256.1,0.2,614.64
14477,5780,45,1,50632.32,0.0,50632.32
14478,5781,47,2,32443.0,0.0,64886.0
14479,5781,36,2,2924.06,0.0,5848.12
14480,5782,23,3,381.96,0.05,1088.59
14481,5782,36,1,2924.06,0.1,2631.65
14482,5782,6,3,8439.67,0.1,22787.11
14483,5782,49,1,24383.87,0.0,24383.87
14484,5783,29,2,438.5,0.0,877.0
14485,5783,9,2,4533.34,0.0,9066.68
14486,5783,27,3,1246.0,0.0,3738.0
14487,5784,31,2,440.79,0.1,793.42
14488,5784,31,3,440.79,0.0,1322.37
14489,5784,16,1,1147.33,0.1,1032.6
14490,5784,43,2,1480.37,0.0,2960.74
14491,5785,15,1,1717.5,0.0,1717.5
14492,5785,17,3,425.94,0.0,1277.82
14493,5785,7,3,11903.44,0.0,35710.32
14494,5785,48,2,48857.09,0.0,97714.18
14495,5786,10,2,5058.33,0.05,9610.83
14496,5787,21,3,395.89,0.1,1068.9
14497,5788,51,2,29838.95,0.05,56694.0
14498,5789,40,2,16569.14,0.0,33138.28
14499,5790,15,1,1717.5,0.1,1545.75
14500,5790,37,3,20338.2,0.0,61014.6
14501,5790,16,2,1147.33,0.0,2294.66
14502,5790,22,1,256.1,0.05,243.3
14503,5791,13,2,1356.94,0.0,2713.88
14504,5792,22,2,256.1,0.05,486.59
14505,5792,26,3,1412.65,0.0,4237.95
14506,5792,15,2,1717.5,0.0,3435.0
14507,5792,22,3,256.1,0.1,691.47
14508,5793,34,3,3937.59,0.0,11812.77
14509,5794,7,1,11903.44,0.05,11308.27
14510,5795,30,3,448.49,0.05,1278.2
14511,5795,45,1,50632.32,0.2,40505.86
14512,5796,52,1,35725.17,0.0,35725.17
14513,5796,11,2,4853.64,0.05,9221.92
14514,5797,6,2,8439.67,0.05,16035.37
14515,5797,51,3,29838.95,0.2,71613.48
14516,5797,48,2,48857.09,0.0,97714.18
14517,5798,11,1,4853.64,0.05,4610.96
14518,5798,35,3,3039.94,0.0,9119.82
14519,5798,6,2,8439.67,0.0,16879.34
14520,5799,40,3,16569.14,0.0,49707.42
14521,5799,47,3,32443.0,0.05,92462.55
14522,5799,7,2,11903.44,0.0,23806.88
14523,5800,41,3,1458.5,0.0,4375.5
14524,5800,40,2,16569.14,0.0,33138.28
14525,5801,43,1,1480.37,0.0,1480.37
14526,5802,1,1,4311.34,0.0,4311.34
14527,5802,10,2,5058.33,0.0,10116.66
14528,5802,12,3,5553.73,0.0,16661.19
14529,5802,42,3,1783.38,0.0,5350.14
14530,5803,29,1,438.5,0.0,438.5
14531,5803,23,1,381.96,0.0,381.96
14532,5803,51,3,29838.95,0.0,89516.85
14533,5803,30,3,448.49,0.0,1345.47
14534,5804,47,3,32443.0,0.0,97329.0
14535,5804,10,1,5058.33,0.0,5058.33
14536,5805,5,2,7323.99,0.0,14647.98
14537,5805,41,1,1458.5,0.0,1458.5
14538,5805,26,3,1412.65,0.2,3390.36
14539,5806,4,2,4078.93,0.0,8157.86
14540,5807,35,2,3039.94,0.0,6079.88
14541,5808,23,3,381.96,0.0,1145.88
14542,5809,9,3,4533.34,0.0,13600.02
14543,5810,47,2,32443.0,0.1,58397.4
14544,5810,32,3,403.22,0.05,1149.18
14545,5810,11,1,4853.64,0.1,4368.28
14546,5810,40,3,16569.14,0.1,44736.68
14547,5811,11,2,4853.64,0.05,9221.92
14548,5811,43,2,1480.37,0.1,2664.67
14549,5811,26,2,1412.65,0.0,2825.3
14550,5811,19,2,301.26,0.05,572.39
14551,5812,26,1,1412.65,0.1,1271.39
14552,5812,13,1,1356.94,0.0,1356.94
14553,5812,11,1,4853.64,0.0,4853.64
14554,5812,12,2,5553.73,0.0,11107.46
14555,5813,2,2,3911.93,0.1,7041.47
14556,5814,18,2,316.88,0.0,633.76
14557,5814,46,3,44103.32,0.1,119078.96
14558,5815,36,1,2924.06,0.05,2777.86
14559,5816,45,2,50632.32,0.1,91138.18
14560,5816,35,2,3039.94,0.0,6079.88
14561,5816,41,1,1458.5,0.0,1458.5
14562,5817,16,3,1147.33,0.0,3441.99
14563,5817,15,2,1717.5,0.05,3263.25
14564,5817,7,2,11903.44,0.05,22616.54
14565,5817,51,3,29838.95,0.05,85041.01
14566,5818,45,1,50632.32,0.0,50632.32
14567,5818,14,3,1335.52,0.0,4006.56
14568,5819,40,1,16569.14,0.1,14912.23
14569,5819,21,1,395.89,0.05,376.1
14570,5819,6,1,8439.67,0.0,8439.67
14571,5819,50,1,32122.03,0.0,32122.03
14572,5820,8,3,7478.19,0.05,21312.84
14573,5820,33,2,3763.53,0.2,6021.65
14574,5820,15,3,1717.5,0.1,4637.25
14575,5821,26,1,1412.65,0.1,1271.39
14576,5822,27,1,1246.0,0.0,1246.0
14577,5822,21,2,395.89,0.05,752.19
14578,5822,34,3,3937.59,0.05,11222.13
14579,5822,9,3,4533.34,0.0,13600.02
14580,5823,40,1,16569.14,0.0,16569.14
14581,5823,47,3,32443.0,0.0,97329.0
14582,5824,22,3,256.1,0.0,768.3
14583,5824,24,1,291.78,0.05,277.19
14584,5824,40,1,16569.14,0.05,15740.68
14585,5825,28,3,2077.38,0.0,6232.14
14586,5826,52,1,35725.17,0.05,33938.91
14587,5826,4,3,4078.93,0.1,11013.11
14588,5826,9,3,4533.34,0.0,13600.02
14589,5826,51,1,29838.95,0.1,26855.06
14590,5827,45,3,50632.32,0.1,136707.26
14591,5827,38,2,21688.29,0.0,43376.58
14592,5827,24,3,291.78,0.05,831.57
14593,5827,6,3,8439.67,0.0,25319.01
14594,5828,41,2,1458.5,0.05,2771.15
14595,5828,35,2,3039.94,0.1,5471.89
14596,5829,11,3,4853.64,0.1,13104.83
14597,5829,20,2,337.55,0.0,675.1
14598,5829,52,3,35725.17,0.0,107175.51
14599,5829,9,2,4533.34,0.05,8613.35
14600,5830,17,1,425.94,0.1,383.35
14601,5830,5,1,7323.99,0.0,7323.99
14602,5830,30,1,448.49,0.2,358.79
14603,5831,4,1,4078.93,0.05,3874.98
14604,5831,1,1,4311.34,0.0,4311.34
14605,5831,12,2,5553.73,0.2,8885.97
14606,5832,38,2,21688.29,0.2,34701.26
14607,5833,13,2,1356.94,0.1,2442.49
14608,5833,50,1,32122.03,0.05,30515.93
14609,5833,49,3,24383.87,0.0,73151.61
14610,5833,45,2,50632.32,0.05,96201.41
14611,5834,6,3,8439.67,0.05,24053.06
14612,5834,4,1,4078.93,0.1,3671.04
14613,5835,31,3,440.79,0.05,1256.25
14614,5836,11,1,4853.64,0.05,4610.96
14615,5836,14,3,1335.52,0.05,3806.23
14616,5836,28,3,2077.38,0.0,6232.14
14617,5837,43,2,1480.37,0.2,2368.59
14618,5838,26,1,1412.65,0.2,1130.12
14619,5838,14,1,1335.52,0.0,1335.52
14620,5839,37,2,20338.2,0.0,40676.4
14621,5839,7,1,11903.44,0.05,11308.27
14622,5840,43,2,1480.37,0.2,2368.59
14623,5840,2,1,3911.93,0.0,3911.93
14624,5840,14,1,1335.52,0.05,1268.74
14625,5841,14,1,1335.52,0.0,1335.52
14626,5841,28,1,2077.38,0.1,1869.64
14627,5841,9,2,4533.34,0.1,8160.01
14628,5842,41,2,1458.5,0.0,2917.0
14629,5842,39,3,22252.18,0.0,66756.54
14630,5842,22,1,256.1,0.0,256.1
14631,5842,34,2,3937.59,0.0,7875.18
14632,5843,18,3,316.88,0.0,950.64
14633,5843,47,1,32443.0,0.0,32443.0
14634,5844,23,3,381.96,0.2,916.7
14635,5844,36,1,2924.06,0.05,2777.86
14636,5844,3,3,4598.39,0.05,13105.41
14637,5844,47,2,32443.0,0.0,64886.0
14638,5845,26,2,1412.65,0.05,2684.04
14639,5845,8,1,7478.19,0.0,7478.19
14640,5846,22,2,256.1,0.2,409.76
14641,5846,50,3,32122.03,0.05,91547.79
14642,5846,18,3,316.88,0.05,903.11
14643,5846,27,3,1246.0,0.0,3738.0
14644,5847,48,3,48857.09,0.1,131914.14
14645,5847,7,2,11903.44,0.1,21426.19
14646,5848,32,2,403.22,0.0,806.44
14647,5848,7,2,11903.44,0.2,19045.5
14648,5849,45,2,50632.32,0.1,91138.18
14649,5849,4,2,4078.93,0.05,7749.97
14650,5849,13,1,1356.94,0.0,1356.94
14651,5849,11,3,4853.64,0.2,11648.74
14652,5850,19,1,301.26,0.0,301.26
14653,5850,23,1,381.96,0.05,362.86
14654,5850,23,2,381.96,0.2,611.14
14655,5851,50,1,32122.03,0.1,28909.83
14656,5851,32,3,403.22,0.0,1209.66
14657,5851,33,2,3763.53,0.0,7527.06
14658,5851,4,2,4078.93,0.0,8157.86
14659,5852,21,1,395.89,0.0,395.89
14660,5853,19,2,301.26,0.05,572.39
14661,5853,50,1,32122.03,0.0,32122.03
14662,5853,17,1,425.94,0.2,340.75
14663,5854,32,2,403.22,0.0,806.44
14664,5854,12,2,5553.73,0.1,9996.71
14665,5854,27,2,1246.0,0.1,2242.8
14666,5854,18,2,316.88,0.05,602.07
14667,5855,27,3,1246.0,0.0,3738.0
14668,5855,18,2,316.88,0.05,602.07
14669,5855,49,3,24383.87,0.05,69494.03
14670,5856,34,3,3937.59,0.0,11812.77
14671,5856,23,3,381.96,0.0,1145.88
14672,5856,42,3,1783.38,0.0,5350.14
14673,5857,7,3,11903.44,0.0,35710.32
14674,5857,2,2,3911.93,0.2,6259.09
14675,5857,36,3,2924.06,0.05,8333.57
14676,5858,26,3,1412.65,0.1,3814.16
14677,5858,33,2,3763.53,0.1,6774.35
14678,5859,23,3,381.96,0.0,1145.88
14679,5859,34,2,3937.59,0.0,7875.18
14680,5859,15,2,1717.5,0.1,3091.5
14681,5860,2,3,3911.93,0.05,11149.0
14682,5860,40,3,16569.14,0.05,47222.05
14683,5860,52,3,35725.17,0.0,107175.51
14684,5861,46,1,44103.32,0.0,44103.32
14685,5861,50,3,32122.03,0.0,96366.09
14686,5862,29,3,438.5,0.2,1052.4
14687,5863,49,1,24383.87,0.1,21945.48
14688,5863,7,2,11903.44,0.1,21426.19
14689,5863,4,1,4078.93,0.0,4078.93
14690,5863,44,2,1675.89,0.05,3184.19
14691,5864,9,1,4533.34,0.0,4533.34
14692,5864,28,2,2077.38,0.0,4154.76
14693,5865,26,3,1412.65,0.0,4237.95
14694,5865,31,1,440.79,0.05,418.75
14695,5865,20,2,337.55,0.05,641.34
14696,5865,4,1,4078.93,0.05,3874.98
14697,5866,30,3,448.49,0.05,1278.2
14698,5866,15,2,1717.5,0.2,2748.0
14699,5866,26,3,1412.65,0.0,4237.95
14700,5867,23,1,381.96,0.0,381.96
14701,5867,6,3,8439.67,0.1,22787.11
14702,5867,26,3,1412.65,0.0,4237.95
14703,5867,8,2,7478.19,0.0,14956.38
14704,5868,29,3,438.5,0.05,1249.72
14705,5868,7,1,11903.44,0.1,10713.1
14706,5868,11,1,4853.64,0.0,4853.64
14707,5868,5,2,7323.99,0.1,13183.18
14708,5869,27,2,1246.0,0.0,2492.0
14709,5870,7,1,11903.44,0.05,11308.27
14710,5871,28,2,2077.38,0.2,3323.81
14711,5872,13,3,1356.94,0.0,4070.82
14712,5872,7,3,11903.44,0.1,32139.29
14713,5872,44,2,1675.89,0.0,3351.78
14714,5872,34,1,3937.59,0.05,3740.71
14715,5873,30,3,448.49,0.0,1345.47
14716,5873,27,2,1246.0,0.0,2492.0
14717,5873,45,2,50632.32,0.05,96201.41
14718,5874,27,3,1246.0,0.2,2990.4
14719,5874,22,3,256.1,0.05,729.88
14720,5875,7,1,11903.44,0.0,11903.44
14721,5875,25,1,1719.78,0.0,1719.78
14722,5875,19,2,301.26,0.05,572.39
14723,5875,6,1,8439.67,0.0,8439.67
14724,5876,18,2,316.88,0.0,633.76
14725,5877,21,2,395.89,0.2,633.42
14726,5877,14,2,1335.52,0.0,2671.04
14727,5877,12,2,5553.73,0.0,11107.46
14728,5877,14,1,1335.52,0.1,1201.97
14729,5878,38,3,21688.29,0.0,65064.87
14730,5879,42,2,1783.38,0.05,3388.42
14731,5880,29,2,438.5,0.0,877.0
14732,5880,13,3,1356.94,0.0,4070.82
14733,5880,9,2,4533.34,0.0,9066.68
14734,5880,8,2,7478.19,0.05,14208.56
14735,5881,42,1,1783.38,0.0,1783.38
14736,5881,4,1,4078.93,0.05,3874.98
14737,5882,12,3,5553.73,0.0,16661.19
14738,5883,5,3,7323.99,0.0,21971.97
14739,5884,48,2,48857.09,0.0,97714.18
14740,5884,24,2,291.78,0.05,554.38
14741,5884,2,2,3911.93,0.0,7823.86
14742,5885,41,1,1458.5,0.0,1458.5
14743,5885,35,1,3039.94,0.0,3039.94
14744,5885,39,3,22252.18,0.1,60080.89
14745,5885,48,2,48857.09,0.0,97714.18
14746,5886,48,2,48857.09,0.05,92828.47
14747,5886,12,1,5553.73,0.0,5553.73
14748,5886,27,2,1246.0,0.0,2492.0
14749,5886,48,2,48857.09,0.1,87942.76
14750,5887,20,1,337.55,0.05,320.67
14751,5887,39,2,22252.18,0.0,44504.36
14752,5887,26,1,1412.65,0.0,1412.65
14753,5887,30,3,448.49,0.0,1345.47
14754,5888,3,3,4598.39,0.0,13795.17
14755,5888,47,1,32443.0,0.0,32443.0
14756,5888,18,2,316.88,0.0,633.76
14757,5888,40,2,16569.14,0.0,33138.28
14758,5889,23,2,381.96,0.05,725.72
14759,5889,14,3,1335.52,0.0,4006.56
14760,5889,43,3,1480.37,0.05,4219.05
14761,5890,43,1,1480.37,0.05,1406.35
14762,5890,13,3,1356.94,0.0,4070.82
14763,5890,28,3,2077.38,0.1,5608.93
14764,5891,41,2,1458.5,0.2,2333.6
14765,5891,19,1,301.26,0.0,301.26
14766,5891,38,2,21688.29,0.05,41207.75
14767,5891,49,2,24383.87,0.1,43890.97
14768,5892,25,3,1719.78,0.0,5159.34
14769,5892,24,3,291.78,0.0,875.34
14770,5892,45,1,50632.32,0.05,48100.7
14771,5893,19,2,301.26,0.0,602.52
14772,5894,1,2,4311.34,0.0,8622.68
14773,5895,38,2,21688.29,0.0,43376.58
14774,5895,1,3,4311.34,0.0,12934.02
14775,5896,47,2,32443.0,0.0,64886.0
14776,5897,51,3,29838.95,0.05,85041.01
14777,5897,21,3,395.89,0.05,1128.29
14778,5898,18,2,316.88,0.0,633.76
14779,5898,36,2,2924.06,0.0,5848.12
14780,5898,42,2,1783.38,0.0,3566.76
14781,5899,10,2,5058.33,0.0,10116.66
14782,5899,8,2,7478.19,0.0,14956.38
14783,5899,28,2,2077.38,0.0,4154.76
14784,5899,5,1,7323.99,0.2,5859.19
14785,5900,28,2,2077.38,0.2,3323.81
14786,5901,32,3,403.22,0.0,1209.66
14787,5901,39,1,22252.18,0.1,20026.96
14788,5901,33,2,3763.53,0.05,7150.71
14789,5901,42,3,1783.38,0.0,5350.14
14790,5902,20,3,337.55,0.0,1012.65
14791,5902,5,2,7323.99,0.0,14647.98
14792,5903,10,3,5058.33,0.0,15174.99
14793,5903,40,2,16569.14,0.0,33138.28
14794,5904,11,1,4853.64,0.0,4853.64
14795,5904,22,2,256.1,0.05,486.59
14796,5905,35,2,3039.94,0.0,6079.88
14797,5905,25,3,1719.78,0.1,4643.41
14798,5905,19,3,301.26,0.0,903.78
14799,5906,33,2,3763.53,0.0,7527.06
14800,5906,41,1,1458.5,0.05,1385.58
14801,5907,1,2,4311.34,0.0,8622.68
14802,5907,33,1,3763.53,0.0,3763.53
14803,5907,36,3,2924.06,0.0,8772.18
14804,5907,29,3,438.5,0.05,1249.72
14805,5908,5,2,7323.99,0.0,14647.98
14806,5908,3,1,4598.39,0.05,4368.47
14807,5908,18,1,316.88,0.0,316.88
14808,5908,36,3,2924.06,0.0,8772.18
14809,5909,10,1,5058.33,0.05,4805.41
14810,5909,36,3,2924.06,0.0,8772.18
14811,5910,38,1,21688.29,0.1,19519.46
14812,5910,15,1,1717.5,0.05,1631.62
14813,5910,34,1,3937.59,0.0,3937.59
14814,5911,30,1,448.49,0.1,403.64
14815,5911,11,1,4853.64,0.0,4853.64
14816,5912,21,2,395.89,0.0,791.78
14817,5913,28,2,2077.38,0.1,3739.28
14818,5913,17,3,425.94,0.05,1213.93
14819,5913,45,2,50632.32,0.0,101264.64
14820,5914,39,2,22252.18,0.05,42279.14
14821,5915,31,1,440.79,0.0,440.79
14822,5916,33,3,3763.53,0.0,11290.59
14823,5917,16,1,1147.33,0.0,1147.33
14824,5917,23,2,381.96,0.1,687.53
14825,5917,12,2,5553.73,0.0,11107.46
14826,5917,22,3,256.1,0.1,691.47
14827,5918,27,3,1246.0,0.0,3738.0
14828,5918,4,2,4078.93,0.1,7342.07
14829,5918,49,3,24383.87,0.0,73151.61
14830,5919,24,3,291.78,0.05,831.57
14831,5919,13,2,1356.94,0.05,2578.19
14832,5919,31,2,440.79,0.0,881.58
14833,5919,30,1,448.49,0.05,426.07
14834,5920,3,2,4598.39,0.0,9196.78
14835,5920,25,2,1719.78,0.0,3439.56
14836,5921,47,2,32443.0,0.0,64886.0
14837,5921,18,2,316.88,0.0,633.76
14838,5921,21,1,395.89,0.1,356.3
14839,5922,9,1,4533.34,0.0,4533.34
14840,5922,6,2,8439.67,0.0,16879.34
14841,5922,12,1,5553.73,0.0,5553.73
14842,5923,36,3,2924.06,0.0,8772.18
14843,5923,39,2,22252.18,0.1,40053.92
14844,5924,39,1,22252.18,0.1,20026.96
14845,5925,4,3,4078.93,0.1,11013.11
14846,5926,23,2,381.96,0.0,763.92
14847,5926,13,1,1356.94,0.05,1289.09
14848,5927,39,2,22252.18,0.1,40053.92
14849,5927,23,2,381.96,0.1,687.53
14850,5927,7,3,11903.44,0.0,35710.32
14851,5928,52,2,35725.17,0.0,71450.34
14852,5928,10,1,5058.33,0.0,5058.33
14853,5928,17,3,425.94,0.0,1277.82
14854,5929,36,3,2924.06,0.1,7894.96
14855,5929,26,3,1412.65,0.1,3814.16
14856,5929,27,2,1246.0,0.0,2492.0
14857,5930,51,3,29838.95,0.1,80565.17
14858,5930,6,3,8439.67,0.1,22787.11
14859,5931,35,1,3039.94,0.1,2735.95
14860,5932,34,1,3937.59,0.0,3937.59
14861,5932,16,1,1147.33,0.0,1147.33
14862,5932,8,3,7478.19,0.2,17947.66
14863,5933,4,3,4078.93,0.0,12236.79
14864,5933,24,1,291.78,0.05,277.19
14865,5934,9,2,4533.34,0.1,8160.01
14866,5934,26,1,1412.65,0.0,1412.65
14867,5934,16,2,1147.33,0.05,2179.93
14868,5935,37,3,20338.2,0.0,61014.6
14869,5935,42,3,1783.38,0.05,5082.63
14870,5936,3,1,4598.39,0.2,3678.71
14871,5936,52,3,35725.17,0.2,85740.41
14872,5936,29,3,438.5,0.05,1249.72
14873,5937,26,2,1412.65,0.1,2542.77
14874,5938,1,2,4311.34,0.0,8622.68
14875,5938,8,3,7478.19,0.0,22434.57
14876,5938,37,1,20338.2,0.0,20338.2
14877,5938,2,3,3911.93,0.05,11149.0
14878,5939,3,3,4598.39,0.0,13795.17
14879,5940,21,3,395.89,0.0,1187.67
14880,5940,8,1,7478.19,0.0,7478.19
14881,5941,44,2,1675.89,0.1,3016.6
14882,5942,27,3,1246.0,0.05,3551.1
14883,5942,48,2,48857.09,0.05,92828.47
14884,5942,23,2,381.96,0.1,687.53
14885,5943,7,1,11903.44,0.2,9522.75
14886,5943,14,3,1335.52,0.1,3605.9
14887,5943,2,1,3911.93,0.0,3911.93
14888,5943,31,1,440.79,0.1,396.71
14889,5944,20,1,337.55,0.0,337.55
14890,5944,4,1,4078.93,0.0,4078.93
14891,5944,46,3,44103.32,0.0,132309.96
14892,5944,31,1,440.79,0.0,440.79
14893,5945,50,3,32122.03,0.0,96366.09
14894,5945,51,3,29838.95,0.1,80565.17
14895,5946,46,1,44103.32,0.0,44103.32
14896,5946,36,2,2924.06,0.0,5848.12
14897,5946,41,1,1458.5,0.05,1385.58
14898,5947,16,2,1147.33,0.0,2294.66
14899,5947,12,2,5553.73,0.0,11107.46
14900,5947,27,3,1246.0,0.0,3738.0
14901,5948,12,3,5553.73,0.0,16661.19
14902,5948,34,2,3937.59,0.1,7087.66
14903,5948,30,3,448.49,0.0,1345.47
14904,5948,41,3,1458.5,0.0,4375.5
14905,5949,25,1,1719.78,0.0,1719.78
14906,5950,24,1,291.78,0.0,291.78
14907,5951,32,2,403.22,0.0,806.44
14908,5951,22,3,256.1,0.0,768.3
14909,5952,49,3,24383.87,0.0,73151.61
14910,5953,20,3,337.55,0.05,962.02
14911,5953,26,1,1412.65,0.1,1271.39
14912,5953,6,2,8439.67,0.1,15191.41
14913,5953,7,1,11903.44,0.0,11903.44
14914,5954,18,1,316.88,0.0,316.88
14915,5954,17,1,425.94,0.0,425.94
14916,5954,51,2,29838.95,0.0,59677.9
14917,5955,5,3,7323.99,0.05,20873.37
14918,5955,30,1,448.49,0.1,403.64
14919,5955,48,2,48857.09,0.0,97714.18
14920,5955,40,1,16569.14,0.05,15740.68
14921,5956,30,3,448.49,0.0,1345.47
14922,5957,23,1,381.96,0.2,305.57
14923,5957,7,2,11903.44,0.1,21426.19
14924,5957,43,2,1480.37,0.0,2960.74
14925,5958,13,1,1356.94,0.1,1221.25
14926,5958,4,3,4078.93,0.2,9789.43
14927,5959,6,2,8439.67,0.0,16879.34
14928,5960,9,2,4533.34,0.1,8160.01
14929,5961,48,3,48857.09,0.1,131914.14
14930,5961,46,3,44103.32,0.0,132309.96
14931,5961,34,3,3937.59,0.2,9450.22
14932,5962,33,3,3763.53,0.1,10161.53
14933,5963,21,3,395.89,0.0,1187.67
14934,5964,38,1,21688.29,0.0,21688.29
14935,5964,23,2,381.96,0.2,611.14
14936,5964,10,3,5058.33,0.0,15174.99
14937,5964,36,2,2924.06,0.0,5848.12
14938,5965,7,1,11903.44,0.05,11308.27
14939,5965,7,2,11903.44,0.0,23806.88
14940,5965,16,1,1147.33,0.05,1089.96
14941,5966,36,2,2924.06,0.0,5848.12
14942,5967,32,2,403.22,0.0,806.44
14943,5967,51,2,29838.95,0.1,53710.11
14944,5968,5,3,7323.99,0.1,19774.77
14945,5969,49,3,24383.87,0.05,69494.03
14946,5970,5,1,7323.99,0.0,7323.99
14947,5970,17,3,425.94,0.0,1277.82
14948,5970,17,2,425.94,0.05,809.29
14949,5971,7,3,11903.44,0.0,35710.32
14950,5971,26,1,1412.65,0.0,1412.65
14951,5972,35,2,3039.94,0.0,6079.88
14952,5972,2,1,3911.93,0.0,3911.93
14953,5972,35,1,3039.94,0.05,2887.94
14954,5972,33,2,3763.53,0.05,7150.71
14955,5973,1,1,4311.34,0.0,4311.34
14956,5973,25,3,1719.78,0.2,4127.47
14957,5973,11,3,4853.64,0.0,14560.92
14958,5974,39,2,22252.18,0.0,44504.36
14959,5974,15,3,1717.5,0.1,4637.25
14960,5975,14,3,1335.52,0.0,4006.56
14961,5975,33,1,3763.53,0.2,3010.82
14962,5976,46,2,44103.32,0.0,88206.64
14963,5976,14,1,1335.52,0.05,1268.74
14964,5977,9,3,4533.34,0.2,10880.02
14965,5977,48,2,48857.09,0.05,92828.47
14966,5977,3,2,4598.39,0.1,8277.1
14967,5978,18,2,316.88,0.1,570.38
14968,5978,16,3,1147.33,0.1,3097.79
14969,5978,50,3,32122.03,0.0,96366.09
14970,5978,42,1,1783.38,0.0,1783.38
14971,5979,1,2,4311.34,0.0,8622.68
14972,5979,44,2,1675.89,0.05,3184.19
14973,5980,32,3,403.22,0.2,967.73
14974,5981,50,2,32122.03,0.05,61031.86
14975,5981,8,3,7478.19,0.1,20191.11
14976,5981,30,3,448.49,0.0,1345.47
14977,5982,15,2,1717.5,0.0,3435.0
14978,5982,1,2,4311.34,0.1,7760.41
14979,5983,52,1,35725.17,0.05,33938.91
14980,5984,47,3,32443.0,0.1,87596.1
14981,5984,23,2,381.96,0.0,763.92
14982,5984,8,1,7478.19,0.0,7478.19
14983,5985,23,1,381.96,0.05,362.86
14984,5985,45,3,50632.32,0.1,136707.26
14985,5986,18,3,316.88,0.0,950.64
14986,5986,18,2,316.88,0.05,602.07
14987,5987,50,2,32122.03,0.05,61031.86
14988,5987,52,1,35725.17,0.0,35725.17
14989,5988,12,3,5553.73,0.0,16661.19
14990,5988,23,3,381.96,0.0,1145.88
14991,5989,33,2,3763.53,0.0,7527.06
14992,5989,18,2,316.88,0.1,570.38
14993,5989,52,1,35725.17,0.05,33938.91
14994,5990,16,3,1147.33,0.0,3441.99
14995,5991,43,3,1480.37,0.0,4441.11
14996,5991,27,1,1246.0,0.0,1246.0
14997,5991,31,3,440.79,0.05,1256.25
14998,5992,46,1,44103.32,0.0,44103.32
14999,5992,32,1,403.22,0.2,322.58
15000,5993,14,1,1335.52,0.0,1335.52
15001,5993,24,1,291.78,0.05,277.19
15002,5994,27,1,1246.0,0.1,1121.4
15003,5994,17,1,425.94,0.0,425.94
15004,5994,13,3,1356.94,0.2,3256.66
15005,5995,16,1,1147.33,0.0,1147.33
15006,5996,15,3,1717.5,0.2,4122.0
15007,5996,10,1,5058.33,0.1,4552.5
15008,5996,49,2,24383.87,0.0,48767.74
15009,5997,12,2,5553.73,0.1,9996.71
15010,5997,49,2,24383.87,0.0,48767.74
15011,5997,46,1,44103.32,0.1,39692.99
15012,5998,15,3,1717.5,0.05,4894.88
15013,5998,2,2,3911.93,0.05,7432.67
15014,5998,19,3,301.26,0.0,903.78
15015,5999,43,2,1480.37,0.0,2960.74
15016,5999,14,3,1335.52,0.1,3605.9
15017,5999,36,1,2924.06,0.0,2924.06
15018,6000,49,2,24383.87,0.2,39014.19
15019,6000,4,1,4078.93,0.0,4078.93
15020,6001,43,2,1480.37,0.05,2812.7
15021,6001,20,3,337.55,0.05,962.02
15022,6002,43,1,1480.37,0.05,1406.35
15023,6002,17,1,425.94,0.0,425.94
15024,6002,51,3,29838.95,0.05,85041.01
15025,6003,38,3,21688.29,0.0,65064.87
15026,6003,29,3,438.5,0.0,1315.5
15027,6003,2,3,3911.93,0.1,10562.21
15028,6004,14,3,1335.52,0.2,3205.25
15029,6004,47,1,32443.0,0.0,32443.0
15030,6004,17,1,425.94,0.0,425.94
15031,6005,48,3,48857.09,0.0,146571.27
15032,6005,40,2,16569.14,0.1,29824.45
15033,6005,49,2,24383.87,0.1,43890.97
15034,6006,14,3,1335.52,0.0,4006.56
15035,6007,44,2,1675.89,0.0,3351.78
15036,6007,51,1,29838.95,0.1,26855.06
15037,6008,38,2,21688.29,0.1,39038.92
15038,6008,37,3,20338.2,0.05,57963.87
15039,6009,49,1,24383.87,0.0,24383.87
15040,6009,25,1,1719.78,0.0,1719.78
15041,6009,27,3,1246.0,0.05,3551.1
15042,6010,32,1,403.22,0.0,403.22
15043,6010,20,1,337.55,0.2,270.04
15044,6010,31,2,440.79,0.0,881.58
15045,6010,17,2,425.94,0.0,851.88
15046,6011,3,2,4598.39,0.05,8736.94
15047,6011,18,2,316.88,0.1,570.38
15048,6011,2,2,3911.93,0.2,6259.09
15049,6011,34,3,3937.59,0.0,11812.77
15050,6012,30,1,448.49,0.0,448.49
15051,6012,1,1,4311.34,0.05,4095.77
15052,6013,38,2,21688.29,0.0,43376.58
15053,6013,10,3,5058.33,0.1,13657.49
15054,6013,25,1,1719.78,0.0,1719.78
15055,6014,27,2,1246.0,0.05,2367.4
15056,6014,33,2,3763.53,0.0,7527.06
15057,6014,17,2,425.94,0.0,851.88
15058,6014,21,1,395.89,0.0,395.89
15059,6015,8,3,7478.19,0.0,22434.57
15060,6015,33,1,3763.53,0.0,3763.53
15061,6016,8,1,7478.19,0.0,7478.19
15062,6016,21,3,395.89,0.1,1068.9
15063,6016,44,3,1675.89,0.05,4776.29
15064,6016,27,2,1246.0,0.0,2492.0
15065,6017,2,3,3911.93,0.1,10562.21
15066,6017,41,2,1458.5,0.05,2771.15
15067,6017,31,2,440.79,0.0,881.58
15068,6017,35,3,3039.94,0.0,9119.82
15069,6018,31,3,440.79,0.0,1322.37
15070,6018,36,2,2924.06,0.1,5263.31
15071,6018,1,2,4311.34,0.0,8622.68
15072,6019,23,3,381.96,0.0,1145.88
15073,6019,7,2,11903.44,0.1,21426.19
15074,6019,4,2,4078.93,0.05,7749.97
15075,6019,20,1,337.55,0.05,320.67
15076,6020,8,2,7478.19,0.0,14956.38
15077,6020,51,1,29838.95,0.0,29838.95
15078,6021,48,3,48857.09,0.05,139242.71
15079,6021,20,1,337.55,0.0,337.55
15080,6021,26,1,1412.65,0.2,1130.12
15081,6022,42,1,1783.38,0.0,1783.38
15082,6023,27,1,1246.0,0.0,1246.0
15083,6023,20,2,337.55,0.1,607.59
15084,6023,49,2,24383.87,0.0,48767.74
15085,6024,31,1,440.79,0.0,440.79
15086,6025,9,1,4533.34,0.0,4533.34
15087,6026,38,2,21688.29,0.1,39038.92
15088,6027,11,1,4853.64,0.05,4610.96
15089,6027,3,2,4598.39,0.0,9196.78
15090,6028,29,3,438.5,0.05,1249.72
15091,6028,29,3,438.5,0.1,1183.95
15092,6028,37,2,20338.2,0.0,40676.4
15093,6029,10,3,5058.33,0.1,13657.49
15094,6030,10,3,5058.33,0.0,15174.99
15095,6030,19,2,301.26,0.1,542.27
15096,6030,14,1,1335.52,0.05,1268.74
15097,6031,38,2,21688.29,0.0,43376.58
15098,6032,35,2,3039.94,0.0,6079.88
15099,6032,32,2,403.22,0.0,806.44
15100,6033,3,2,4598.39,0.0,9196.78
15101,6034,45,1,50632.32,0.0,50632.32
15102,6034,42,3,1783.38,0.0,5350.14
15103,6035,27,1,1246.0,0.0,1246.0
15104,6036,46,3,44103.32,0.1,119078.96
15105,6037,3,2,4598.39,0.0,9196.78
15106,6037,39,2,22252.18,0.05,42279.14
15107,6037,48,1,48857.09,0.05,46414.24
15108,6037,29,3,438.5,0.0,1315.5
15109,6038,40,3,16569.14,0.05,47222.05
15110,6038,17,1,425.94,0.0,425.94
15111,6039,13,1,1356.94,0.0,1356.94
15112,6039,49,1,24383.87,0.0,24383.87
15113,6039,52,1,35725.17,0.2,28580.14
15114,6039,25,1,1719.78,0.05,1633.79
15115,6040,27,3,1246.0,0.0,3738.0
15116,6040,20,2,337.55,0.0,675.1
15117,6040,29,3,438.5,0.05,1249.72
15118,6040,12,1,5553.73,0.0,5553.73
15119,6041,33,2,3763.53,0.05,7150.71
15120,6041,8,3,7478.19,0.0,22434.57
15121,6041,23,2,381.96,0.0,763.92
15122,6042,25,2,1719.78,0.0,3439.56
15123,6042,40,1,16569.14,0.0,16569.14
15124,6043,4,1,4078.93,0.1,3671.04
15125,6043,17,1,425.94,0.05,404.64
15126,6044,7,1,11903.44,0.1,10713.1
15127,6045,7,3,11903.44,0.0,35710.32
15128,6046,5,3,7323.99,0.1,19774.77
15129,6046,8,2,7478.19,0.0,14956.38
15130,6046,45,3,50632.32,0.0,151896.96
15131,6047,46,3,44103.32,0.05,125694.46
15132,6047,1,3,4311.34,0.05,12287.32
15133,6048,35,2,3039.94,0.05,5775.89
15134,6048,31,3,440.79,0.0,1322.37
15135,6048,49,2,24383.87,0.0,48767.74
15136,6048,2,1,3911.93,0.1,3520.74
15137,6049,46,1,44103.32,0.0,44103.32
15138,6049,32,2,403.22,0.0,806.44
15139,6049,49,1,24383.87,0.0,24383.87
15140,6050,17,3,425.94,0.2,1022.26
15141,6050,13,1,1356.94,0.0,1356.94
15142,6051,51,2,29838.95,0.0,59677.9
15143,6051,13,3,1356.94,0.0,4070.82
15144,6051,21,1,395.89,0.0,395.89
15145,6051,49,2,24383.87,0.0,48767.74
15146,6052,30,2,448.49,0.0,896.98
15147,6052,18,2,316.88,0.0,633.76
15148,6053,15,1,1717.5,0.0,1717.5
15149,6054,32,3,403.22,0.0,1209.66
15150,6054,36,1,2924.06,0.1,2631.65
15151,6055,11,3,4853.64,0.2,11648.74
15152,6055,4,3,4078.93,0.1,11013.11
15153,6055,20,2,337.55,0.05,641.34
15154,6056,2,3,3911.93,0.05,11149.0
15155,6056,42,3,1783.38,0.05,5082.63
15156,6056,9,3,4533.34,0.1,12240.02
15157,6057,30,3,448.49,0.2,1076.38
15158,6057,16,1,1147.33,0.05,1089.96
15159,6057,42,1,1783.38,0.0,1783.38
15160,6057,24,3,291.78,0.0,875.34
15161,6058,42,1,1783.38,0.1,1605.04
15162,6058,24,1,291.78,0.0,291.78
15163,6058,6,3,8439.67,0.2,20255.21
15164,6058,39,1,22252.18,0.0,22252.18
15165,6059,1,1,4311.34,0.0,4311.34
15166,6059,5,2,7323.99,0.0,14647.98
15167,6059,6,2,8439.67,0.0,16879.34
15168,6060,4,1,4078.93,0.0,4078.93
15169,6060,15,3,1717.5,0.05,4894.88
15170,6060,8,2,7478.19,0.0,14956.38
15171,6060,51,2,29838.95,0.0,59677.9
15172,6061,20,1,337.55,0.0,337.55
15173,6062,17,3,425.94,0.0,1277.82
15174,6063,43,3,1480.37,0.0,4441.11
15175,6063,46,1,44103.32,0.0,44103.32
15176,6063,34,1,3937.59,0.0,3937.59
15177,6064,33,1,3763.53,0.05,3575.35
15178,6064,32,1,403.22,0.0,403.22
15179,6065,44,3,1675.89,0.1,4524.9
15180,6065,10,2,5058.33,0.0,10116.66
15181,6066,51,1,29838.95,0.1,26855.06
15182,6066,49,3,24383.87,0.1,65836.45
15183,6066,29,2,438.5,0.0,877.0
15184,6067,42,2,1783.38,0.2,2853.41
15185,6067,16,3,1147.33,0.1,3097.79
15186,6068,15,2,1717.5,0.05,3263.25
15187,6068,43,1,1480.37,0.0,1480.37
15188,6068,28,1,2077.38,0.05,1973.51
15189,6069,13,2,1356.94,0.2,2171.1
15190,6069,18,3,316.88,0.05,903.11
15191,6069,17,2,425.94,0.1,766.69
15192,6070,44,3,1675.89,0.05,4776.29
15193,6070,14,1,1335.52,0.1,1201.97
15194,6071,34,1,3937.59,0.05,3740.71
15195,6071,12,3,5553.73,0.2,13328.95
15196,6071,24,2,291.78,0.1,525.2
15197,6072,48,3,48857.09,0.1,131914.14
15198,6072,50,3,32122.03,0.05,91547.79
15199,6072,8,3,7478.19,0.0,22434.57
15200,6072,32,1,403.22,0.05,383.06
15201,6073,37,3,20338.2,0.05,57963.87
15202,6073,30,3,448.49,0.0,1345.47
15203,6073,19,1,301.26,0.0,301.26
15204,6073,7,2,11903.44,0.0,23806.88
15205,6074,10,1,5058.33,0.0,5058.33
15206,6074,8,1,7478.19,0.0,7478.19
15207,6074,39,2,22252.18,0.0,44504.36
15208,6075,14,3,1335.52,0.0,4006.56
15209,6076,26,1,1412.65,0.0,1412.65
15210,6077,36,3,2924.06,0.0,8772.18
15211,6077,27,2,1246.0,0.1,2242.8
15212,6077,18,2,316.88,0.1,570.38
15213,6077,34,3,3937.59,0.0,11812.77
15214,6078,10,3,5058.33,0.2,12139.99
15215,6078,30,2,448.49,0.1,807.28
15216,6078,31,2,440.79,0.1,793.42
15217,6079,25,2,1719.78,0.0,3439.56
15218,6079,1,3,4311.34,0.0,12934.02
15219,6079,25,2,1719.78,0.0,3439.56
15220,6079,18,1,316.88,0.05,301.04
15221,6080,10,2,5058.33,0.05,9610.83
15222,6080,38,2,21688.29,0.0,43376.58
15223,6080,45,2,50632.32,0.0,101264.64
15224,6081,51,1,29838.95,0.0,29838.95
15225,6081,21,2,395.89,0.0,791.78
15226,6082,49,2,24383.87,0.0,48767.74
15227,6082,39,3,22252.18,0.05,63418.71
15228,6083,16,3,1147.33,0.0,3441.99
15229,6083,14,3,1335.52,0.1,3605.9
15230,6083,45,2,50632.32,0.0,101264.64
15231,6083,19,1,301.26,0.0,301.26
15232,6084,2,2,3911.93,0.0,7823.86
15233,6085,24,3,291.78,0.1,787.81
15234,6085,9,2,4533.34,0.05,8613.35
15235,6086,34,3,3937.59,0.0,11812.77
15236,6086,49,3,24383.87,0.0,73151.61
15237,6086,30,2,448.49,0.0,896.98
15238,6086,51,1,29838.95,0.0,29838.95
15239,6087,23,3,381.96,0.0,1145.88
15240,6087,13,2,1356.94,0.05,2578.19
15241,6088,33,3,3763.53,0.05,10726.06
15242,6088,1,2,4311.34,0.1,7760.41
15243,6088,29,1,438.5,0.0,438.5
15244,6089,34,3,3937.59,0.05,11222.13
15245,6089,27,1,1246.0,0.2,996.8
15246,6089,47,3,32443.0,0.0,97329.0
15247,6089,42,3,1783.38,0.0,5350.14
15248,6090,20,2,337.55,0.0,675.1
15249,6090,14,2,1335.52,0.2,2136.83
15250,6090,47,2,32443.0,0.0,64886.0
15251,6091,42,2,1783.38,0.05,3388.42
15252,6091,3,1,4598.39,0.1,4138.55
15253,6092,47,2,32443.0,0.0,64886.0
15254,6092,4,2,4078.93,0.0,8157.86
15255,6092,43,3,1480.37,0.0,4441.11
15256,6093,50,3,32122.03,0.0,96366.09
15257,6093,21,1,395.89,0.0,395.89
15258,6093,46,3,44103.32,0.0,132309.96
15259,6094,36,1,2924.06,0.05,2777.86
15260,6094,1,3,4311.34,0.05,12287.32
15261,6095,8,1,7478.19,0.1,6730.37
15262,6096,6,1,8439.67,0.0,8439.67
15263,6096,14,2,1335.52,0.0,2671.04
15264,6096,43,1,1480.37,0.05,1406.35
15265,6097,10,3,5058.33,0.2,12139.99
15266,6098,22,3,256.1,0.0,768.3
15267,6098,9,2,4533.34,0.05,8613.35
15268,6098,4,1,4078.93,0.05,3874.98
15269,6098,12,3,5553.73,0.1,14995.07
15270,6099,36,3,2924.06,0.0,8772.18
15271,6100,3,3,4598.39,0.0,13795.17
15272,6100,35,1,3039.94,0.1,2735.95
15273,6100,28,1,2077.38,0.0,2077.38
15274,6101,8,1,7478.19,0.05,7104.28
15275,6101,50,3,32122.03,0.1,86729.48
15276,6102,29,3,438.5,0.0,1315.5
15277,6102,48,1,48857.09,0.0,48857.09
15278,6103,12,3,5553.73,0.05,15828.13
15279,6103,14,1,1335.52,0.0,1335.52
15280,6104,13,2,1356.94,0.05,2578.19
15281,6105,6,2,8439.67,0.0,16879.34
15282,6106,36,1,2924.06,0.0,2924.06
15283,6106,46,3,44103.32,0.1,119078.96
15284,6106,27,3,1246.0,0.0,3738.0
15285,6106,36,1,2924.06,0.05,2777.86
15286,6107,52,3,35725.17,0.0,107175.51
15287,6107,13,2,1356.94,0.0,2713.88
15288,6107,36,2,2924.06,0.0,5848.12
15289,6107,2,1,3911.93,0.0,3911.93
15290,6108,7,2,11903.44,0.0,23806.88
15291,6108,19,3,301.26,0.0,903.78
15292,6108,24,2,291.78,0.2,466.85
15293,6109,12,2,5553.73,0.2,8885.97
15294,6110,27,3,1246.0,0.0,3738.0
15295,6110,18,2,316.88,0.0,633.76
15296,6111,34,2,3937.59,0.0,7875.18
15297,6112,50,1,32122.03,0.0,32122.03
15298,6113,24,2,291.78,0.05,554.38
15299,6113,28,2,2077.38,0.05,3947.02
15300,6114,16,1,1147.33,0.0,1147.33
15301,6115,1,1,4311.34,0.05,4095.77
15302,6115,23,1,381.96,0.0,381.96
15303,6115,7,1,11903.44,0.1,10713.1
15304,6116,15,1,1717.5,0.0,1717.5
15305,6116,27,1,1246.0,0.0,1246.0
15306,6116,7,3,11903.44,0.05,33924.8
15307,6116,50,1,32122.03,0.05,30515.93
15308,6117,5,1,7323.99,0.1,6591.59
15309,6117,45,2,50632.32,0.0,101264.64
15310,6117,18,3,316.88,0.05,903.11
15311,6118,32,2,403.22,0.0,806.44
15312,6119,31,1,440.79,0.2,352.63
15313,6119,13,2,1356.94,0.0,2713.88
15314,6119,33,1,3763.53,0.0,3763.53
15315,6120,16,3,1147.33,0.0,3441.99
15316,6120,36,1,2924.06,0.05,2777.86
15317,6120,14,1,1335.52,0.0,1335.52
15318,6121,38,2,21688.29,0.0,43376.58
15319,6121,40,2,16569.14,0.0,33138.28
15320,6121,36,3,2924.06,0.2,7017.74
15321,6122,5,1,7323.99,0.0,7323.99
15322,6122,52,2,35725.17,0.05,67877.82
15323,6123,45,2,50632.32,0.1,91138.18
15324,6124,8,2,7478.19,0.0,14956.38
15325,6124,26,1,1412.65,0.0,1412.65
15326,6125,15,3,1717.5,0.0,5152.5
15327,6126,14,3,1335.52,0.0,4006.56
15328,6126,45,1,50632.32,0.0,50632.32
15329,6127,46,3,44103.32,0.0,132309.96
15330,6127,38,2,21688.29,0.0,43376.58
15331,6127,41,2,1458.5,0.0,2917.0
15332,6127,33,1,3763.53,0.05,3575.35
15333,6128,32,1,403.22,0.0,403.22
15334,6128,40,3,16569.14,0.05,47222.05
15335,6128,51,3,29838.95,0.05,85041.01
15336,6129,52,3,35725.17,0.0,107175.51
15337,6129,14,2,1335.52,0.0,2671.04
15338,6130,21,3,395.89,0.0,1187.67
15339,6131,44,1,1675.89,0.05,1592.1
15340,6131,29,1,438.5,0.1,394.65
15341,6131,4,2,4078.93,0.0,8157.86
15342,6131,16,3,1147.33,0.0,3441.99
15343,6132,30,2,448.49,0.05,852.13
15344,6133,51,1,29838.95,0.05,28347.0
15345,6133,15,3,1717.5,0.0,5152.5
15346,6133,2,2,3911.93,0.0,7823.86
15347,6133,21,1,395.89,0.0,395.89
15348,6134,10,1,5058.33,0.1,4552.5
15349,6135,14,1,1335.52,0.0,1335.52
15350,6136,45,1,50632.32,0.05,48100.7
15351,6137,19,3,301.26,0.05,858.59
15352,6137,25,2,1719.78,0.1,3095.6
15353,6138,4,1,4078.93,0.1,3671.04
15354,6139,7,3,11903.44,0.05,33924.8
15355,6139,9,2,4533.34,0.0,9066.68
15356,6139,15,1,1717.5,0.0,1717.5
15357,6139,3,1,4598.39,0.0,4598.39
15358,6140,44,1,1675.89,0.0,1675.89
15359,6141,17,1,425.94,0.0,425.94
15360,6141,5,1,7323.99,0.0,7323.99
15361,6141,44,2,1675.89,0.2,2681.42
15362,6142,3,1,4598.39,0.0,4598.39
15363,6142,51,3,29838.95,0.05,85041.01
15364,6142,50,2,32122.03,0.0,64244.06
15365,6143,40,3,16569.14,0.0,49707.42
15366,6143,17,3,425.94,0.0,1277.82
15367,6144,16,2,1147.33,0.0,2294.66
15368,6145,31,2,440.79,0.2,705.26
15369,6145,12,3,5553.73,0.0,16661.19
15370,6145,32,1,403.22,0.05,383.06
15371,6146,38,3,21688.29,0.2,52051.9
15372,6146,34,2,3937.59,0.0,7875.18
15373,6146,13,1,1356.94,0.0,1356.94
15374,6146,34,1,3937.59,0.0,3937.59
15375,6147,42,1,1783.38,0.05,1694.21
15376,6147,22,1,256.1,0.1,230.49
15377,6147,15,1,1717.5,0.0,1717.5
15378,6147,45,2,50632.32,0.1,91138.18
15379,6148,52,2,35725.17,0.0,71450.34
15380,6148,16,1,1147.33,0.0,1147.33
15381,6148,4,2,4078.93,0.05,7749.97
15382,6149,13,2,1356.94,0.0,2713.88
15383,6150,38,2,21688.29,0.0,43376.58
15384,6151,35,2,3039.94,0.1,5471.89
15385,6151,29,3,438.5,0.05,1249.72
15386,6151,48,3,48857.09,0.0,146571.27
15387,6152,44,2,1675.89,0.0,3351.78
15388,6152,13,2,1356.94,0.05,2578.19
15389,6153,5,1,7323.99,0.0,7323.99
15390,6154,38,3,21688.29,0.0,65064.87
15391,6154,40,2,16569.14,0.0,33138.28
15392,6154,29,3,438.5,0.0,1315.5
15393,6155,35,1,3039.94,0.0,3039.94
15394,6155,33,2,3763.53,0.1,6774.35
15395,6156,33,1,3763.53,0.0,3763.53
15396,6156,25,2,1719.78,0.0,3439.56
15397,6157,36,3,2924.06,0.0,8772.18
15398,6157,31,1,440.79,0.2,352.63
15399,6158,17,1,425.94,0.2,340.75
15400,6158,19,3,301.26,0.05,858.59
15401,6158,32,2,403.22,0.0,806.44
15402,6159,39,3,22252.18,0.0,66756.54
15403,6159,6,2,8439.67,0.0,16879.34
15404,6159,20,3,337.55,0.0,1012.65
15405,6159,6,3,8439.67,0.0,25319.01
15406,6160,8,3,7478.19,0.0,22434.57
15407,6160,49,1,24383.87,0.05,23164.68
15408,6161,49,3,24383.87,0.2,58521.29
15409,6161,4,3,4078.93,0.0,12236.79
15410,6162,46,1,44103.32,0.0,44103.32
15411,6162,18,2,316.88,0.0,633.76
15412,6163,6,2,8439.67,0.0,16879.34
15413,6163,51,1,29838.95,0.0,29838.95
15414,6163,11,2,4853.64,0.0,9707.28
15415,6163,12,3,5553.73,0.0,16661.19
15416,6164,30,2,448.49,0.0,896.98
15417,6164,11,2,4853.64,0.05,9221.92
15418,6164,29,2,438.5,0.1,789.3
15419,6165,33,1,3763.53,0.1,3387.18
15420,6165,49,3,24383.87,0.1,65836.45
15421,6165,26,1,1412.65,0.05,1342.02
15422,6165,32,1,403.22,0.05,383.06
15423,6166,41,3,1458.5,0.0,4375.5
15424,6167,16,1,1147.33,0.2,917.86
15425,6167,19,1,301.26,0.0,301.26
15426,6167,16,3,1147.33,0.0,3441.99
15427,6167,43,3,1480.37,0.1,3997.0
15428,6168,35,2,3039.94,0.05,5775.89
15429,6168,31,3,440.79,0.0,1322.37
15430,6169,28,3,2077.38,0.0,6232.14
15431,6169,18,2,316.88,0.0,633.76
15432,6170,16,1,1147.33,0.0,1147.33
15433,6170,10,3,5058.33,0.0,15174.99
15434,6171,48,2,48857.09,0.05,92828.47
15435,6171,23,2,381.96,0.1,687.53
15436,6171,45,2,50632.32,0.05,96201.41
15437,6172,33,3,3763.53,0.05,10726.06
15438,6172,31,1,440.79,0.0,440.79
15439,6173,27,1,1246.0,0.0,1246.0
15440,6173,40,2,16569.14,0.0,33138.28
15441,6173,19,2,301.26,0.05,572.39
15442,6174,42,3,1783.38,0.2,4280.11
15443,6175,28,1,2077.38,0.05,1973.51
15444,6175,35,3,3039.94,0.05,8663.83
15445,6176,5,3,7323.99,0.2,17577.58
15446,6177,5,2,7323.99,0.0,14647.98
15447,6177,48,3,48857.09,0.0,146571.27
15448,6177,38,2,21688.29,0.0,43376.58
15449,6177,43,3,1480.37,0.0,4441.11
15450,6178,48,2,48857.09,0.0,97714.18
15451,6179,47,2,32443.0,0.05,61641.7
15452,6179,51,3,29838.95,0.0,89516.85
15453,6179,13,3,1356.94,0.1,3663.74
15454,6180,2,3,3911.93,0.0,11735.79
15455,6180,7,1,11903.44,0.0,11903.44
15456,6181,34,1,3937.59,0.0,3937.59
15457,6181,9,3,4533.34,0.0,13600.02
15458,6181,43,2,1480.37,0.0,2960.74
15459,6182,52,3,35725.17,0.0,107175.51
15460,6182,43,2,1480.37,0.05,2812.7
15461,6183,38,2,21688.29,0.0,43376.58
15462,6184,38,1,21688.29,0.0,21688.29
15463,6185,43,1,1480.37,0.0,1480.37
15464,6185,19,2,301.26,0.0,602.52
15465,6186,29,2,438.5,0.05,833.15
15466,6186,34,1,3937.59,0.0,3937.59
15467,6187,51,1,29838.95,0.0,29838.95
15468,6187,17,3,425.94,0.2,1022.26
15469,6187,12,1,5553.73,0.0,5553.73
15470,6188,40,2,16569.14,0.1,29824.45
15471,6189,39,3,22252.18,0.05,63418.71
15472,6189,13,2,1356.94,0.05,2578.19
15473,6189,13,2,1356.94,0.1,2442.49
15474,6190,5,3,7323.99,0.05,20873.37
15475,6190,11,1,4853.64,0.0,4853.64
15476,6190,9,2,4533.34,0.0,9066.68
15477,6190,31,3,440.79,0.0,1322.37
15478,6191,32,1,403.22,0.05,383.06
15479,6191,44,2,1675.89,0.05,3184.19
15480,6191,31,2,440.79,0.0,881.58
15481,6191,43,1,1480.37,0.05,1406.35
15482,6192,39,3,22252.18,0.0,66756.54
15483,6192,32,1,403.22,0.1,362.9
15484,6192,13,2,1356.94,0.0,2713.88
15485,6192,3,2,4598.39,0.1,8277.1
15486,6193,21,1,395.89,0.1,356.3
15487,6194,49,1,24383.87,0.0,24383.87
15488,6194,39,3,22252.18,0.0,66756.54
15489,6194,40,1,16569.14,0.05,15740.68
15490,6195,22,1,256.1,0.0,256.1
15491,6195,2,3,3911.93,0.0,11735.79
15492,6195,22,3,256.1,0.05,729.88
15493,6195,48,2,48857.09,0.1,87942.76
15494,6196,4,2,4078.93,0.05,7749.97
15495,6197,42,3,1783.38,0.0,5350.14
15496,6197,38,1,21688.29,0.05,20603.88
15497,6197,41,1,1458.5,0.2,1166.8
15498,6197,2,1,3911.93,0.0,3911.93
15499,6198,31,3,440.79,0.0,1322.37
15500,6198,29,1,438.5,0.0,438.5
15501,6198,38,3,21688.29,0.0,65064.87
15502,6198,36,3,2924.06,0.0,8772.18
15503,6199,1,3,4311.34,0.0,12934.02
15504,6199,14,2,1335.52,0.0,2671.04
15505,6199,21,2,395.89,0.0,791.78
15506,6199,49,3,24383.87,0.1,65836.45
15507,6200,5,1,7323.99,0.0,7323.99
15508,6200,27,2,1246.0,0.2,1993.6
15509,6200,8,1,7478.19,0.0,7478.19
15510,6200,31,2,440.79,0.0,881.58
15511,6201,46,1,44103.32,0.0,44103.32
15512,6201,4,3,4078.93,0.0,12236.79
15513,6201,37,3,20338.2,0.0,61014.6
15514,6202,20,3,337.55,0.05,962.02
15515,6202,40,3,16569.14,0.05,47222.05
15516,6202,6,2,8439.67,0.0,16879.34
15517,6202,1,1,4311.34,0.0,4311.34
15518,6203,5,2,7323.99,0.05,13915.58
15519,6204,34,2,3937.59,0.1,7087.66
15520,6204,17,3,425.94,0.0,1277.82
15521,6204,6,2,8439.67,0.05,16035.37
15522,6205,45,1,50632.32,0.0,50632.32
15523,6206,23,2,381.96,0.2,611.14
15524,6207,7,2,11903.44,0.05,22616.54
15525,6207,19,3,301.26,0.0,903.78
15526,6207,52,2,35725.17,0.0,71450.34
15527,6207,23,3,381.96,0.2,916.7
15528,6208,17,2,425.94,0.05,809.29
15529,6208,23,2,381.96,0.1,687.53
15530,6209,13,1,1356.94,0.2,1085.55
15531,6210,16,1,1147.33,0.1,1032.6
15532,6210,22,1,256.1,0.0,256.1
15533,6210,9,2,4533.34,0.2,7253.34
15534,6211,30,3,448.49,0.0,1345.47
15535,6211,2,2,3911.93,0.0,7823.86
15536,6211,5,1,7323.99,0.1,6591.59
15537,6212,39,1,22252.18,0.0,22252.18
15538,6212,4,3,4078.93,0.0,12236.79
15539,6213,1,3,4311.34,0.1,11640.62
15540,6214,26,2,1412.65,0.0,2825.3
15541,6215,31,2,440.79,0.0,881.58
15542,6215,25,1,1719.78,0.0,1719.78
15543,6216,16,1,1147.33,0.0,1147.33
15544,6216,46,1,44103.32,0.05,41898.15
15545,6217,42,3,1783.38,0.05,5082.63
15546,6217,34,3,3937.59,0.0,11812.77
15547,6217,11,1,4853.64,0.0,4853.64
15548,6217,39,2,22252.18,0.0,44504.36
15549,6218,12,3,5553.73,0.0,16661.19
15550,6219,30,1,448.49,0.0,448.49
15551,6219,15,1,1717.5,0.0,1717.5
15552,6219,52,2,35725.17,0.0,71450.34
15553,6219,34,1,3937.59,0.0,3937.59
15554,6220,32,3,403.22,0.05,1149.18
15555,6220,44,1,1675.89,0.0,1675.89
15556,6221,27,3,1246.0,0.1,3364.2
15557,6222,30,2,448.49,0.0,896.98
15558,6223,16,3,1147.33,0.0,3441.99
15559,6223,36,2,2924.06,0.0,5848.12
15560,6223,28,1,2077.38,0.0,2077.38
15561,6224,18,3,316.88,0.0,950.64
15562,6225,26,1,1412.65,0.0,1412.65
15563,6225,38,2,21688.29,0.0,43376.58
15564,6225,48,2,48857.09,0.05,92828.47
15565,6225,51,3,29838.95,0.1,80565.17
15566,6226,14,1,1335.52,0.05,1268.74
15567,6226,27,3,1246.0,0.0,3738.0
15568,6227,19,1,301.26,0.2,241.01
15569,6228,10,2,5058.33,0.0,10116.66
15570,6229,48,3,48857.09,0.0,146571.27
15571,6229,51,3,29838.95,0.0,89516.85
15572,6229,12,1,5553.73,0.1,4998.36
15573,6229,18,1,316.88,0.05,301.04
15574,6230,15,1,1717.5,0.0,1717.5
15575,6230,46,2,44103.32,0.0,88206.64
15576,6231,49,3,24383.87,0.0,73151.61
15577,6232,30,2,448.49,0.0,896.98
15578,6233,50,1,32122.03,0.0,32122.03
15579,6233,40,3,16569.14,0.0,49707.42
15580,6234,7,1,11903.44,0.05,11308.27
15581,6234,50,1,32122.03,0.1,28909.83
15582,6234,21,3,395.89,0.05,1128.29
15583,6235,45,1,50632.32,0.05,48100.7
15584,6235,28,1,2077.38,0.1,1869.64
15585,6235,6,3,8439.67,0.1,22787.11
15586,6236,35,1,3039.94,0.0,3039.94
15587,6237,20,2,337.55,0.05,641.34
15588,6237,41,3,1458.5,0.2,3500.4
15589,6237,35,2,3039.94,0.0,6079.88
15590,6237,17,1,425.94,0.0,425.94
15591,6238,45,2,50632.32,0.1,91138.18
15592,6238,32,3,403.22,0.05,1149.18
15593,6239,3,2,4598.39,0.2,7357.42
15594,6239,28,3,2077.38,0.0,6232.14
15595,6239,21,2,395.89,0.0,791.78
15596,6239,17,3,425.94,0.0,1277.82
15597,6240,39,1,22252.18,0.0,22252.18
15598,6240,21,2,395.89,0.0,791.78
15599,6240,2,1,3911.93,0.05,3716.33
15600,6241,48,3,48857.09,0.05,139242.71
15601,6241,4,3,4078.93,0.05,11624.95
15602,6241,40,2,16569.14,0.0,33138.28
15603,6242,28,1,2077.38,0.0,2077.38
15604,6242,51,2,29838.95,0.2,47742.32
15605,6242,44,2,1675.89,0.2,2681.42
15606,6242,8,1,7478.19,0.05,7104.28
15607,6243,25,2,1719.78,0.0,3439.56
15608,6244,35,2,3039.94,0.0,6079.88
15609,6244,18,1,316.88,0.0,316.88
15610,6244,5,1,7323.99,0.05,6957.79
15611,6244,13,3,1356.94,0.1,3663.74
15612,6245,17,3,425.94,0.0,1277.82
15613,6245,39,1,22252.18,0.1,20026.96
15614,6246,47,1,32443.0,0.0,32443.0
15615,6246,7,1,11903.44,0.1,10713.1
15616,6246,38,3,21688.29,0.0,65064.87
15617,6247,52,3,35725.17,0.0,107175.51
15618,6247,11,1,4853.64,0.0,4853.64
15619,6247,26,1,1412.65,0.0,1412.65
15620,6248,34,2,3937.59,0.0,7875.18
15621,6249,24,2,291.78,0.05,554.38
15622,6249,11,2,4853.64,0.0,9707.28
15623,6249,49,1,24383.87,0.0,24383.87
15624,6250,44,3,1675.89,0.05,4776.29
15625,6250,10,1,5058.33,0.05,4805.41
15626,6250,13,1,1356.94,0.0,1356.94
15627,6251,8,1,7478.19,0.1,6730.37
15628,6251,6,3,8439.67,0.0,25319.01
15629,6251,41,1,1458.5,0.0,1458.5
15630,6252,5,1,7323.99,0.0,7323.99
15631,6253,14,2,1335.52,0.0,2671.04
15632,6253,47,2,32443.0,0.2,51908.8
15633,6253,38,1,21688.29,0.05,20603.88
15634,6254,42,2,1783.38,0.0,3566.76
15635,6254,2,3,3911.93,0.0,11735.79
15636,6255,33,3,3763.53,0.05,10726.06
15637,6255,2,1,3911.93,0.0,3911.93
15638,6256,1,3,4311.34,0.0,12934.02
15639,6256,30,2,448.49,0.0,896.98
15640,6256,36,3,2924.06,0.05,8333.57
15641,6256,18,1,316.88,0.0,316.88
15642,6257,40,1,16569.14,0.1,14912.23
15643,6257,45,3,50632.32,0.0,151896.96
15644,6258,24,2,291.78,0.0,583.56
15645,6258,49,2,24383.87,0.0,48767.74
15646,6259,37,2,20338.2,0.0,40676.4
15647,6259,12,3,5553.73,0.0,16661.19
15648,6259,23,3,381.96,0.05,1088.59
15649,6259,27,2,1246.0,0.1,2242.8
15650,6260,35,2,3039.94,0.05,5775.89
15651,6261,3,1,4598.39,0.05,4368.47
15652,6262,43,3,1480.37,0.05,4219.05
15653,6263,48,1,48857.09,0.1,43971.38
15654,6263,34,3,3937.59,0.0,11812.77
15655,6264,47,1,32443.0,0.05,30820.85
15656,6264,50,1,32122.03,0.05,30515.93
15657,6264,36,1,2924.06,0.0,2924.06
15658,6264,38,2,21688.29,0.05,41207.75
15659,6265,15,3,1717.5,0.0,5152.5
15660,6265,42,2,1783.38,0.2,2853.41
15661,6265,21,2,395.89,0.0,791.78
15662,6265,36,3,2924.06,0.0,8772.18
15663,6266,37,2,20338.2,0.1,36608.76
15664,6266,30,1,448.49,0.1,403.64
15665,6266,51,3,29838.95,0.1,80565.17
15666,6266,33,1,3763.53,0.0,3763.53
15667,6267,48,3,48857.09,0.1,131914.14
15668,6267,30,2,448.49,0.05,852.13
15669,6267,11,1,4853.64,0.05,4610.96
15670,6267,18,2,316.88,0.05,602.07
15671,6268,36,1,2924.06,0.0,2924.06
15672,6269,31,2,440.79,0.0,881.58
15673,6269,10,2,5058.33,0.2,8093.33
15674,6270,23,3,381.96,0.0,1145.88
15675,6270,11,1,4853.64,0.0,4853.64
15676,6271,22,1,256.1,0.1,230.49
15677,6271,16,1,1147.33,0.0,1147.33
15678,6271,1,2,4311.34,0.0,8622.68
15679,6271,38,1,21688.29,0.05,20603.88
15680,6272,2,3,3911.93,0.0,11735.79
15681,6272,7,3,11903.44,0.0,35710.32
15682,6272,50,2,32122.03,0.0,64244.06
15683,6272,24,1,291.78,0.0,291.78
15684,6273,19,1,301.26,0.0,301.26
15685,6273,15,1,1717.5,0.0,1717.5
15686,6273,22,2,256.1,0.05,486.59
15687,6273,4,1,4078.93,0.0,4078.93
15688,6274,50,1,32122.03,0.0,32122.03
15689,6274,32,2,403.22,0.1,725.8
15690,6274,1,2,4311.34,0.0,8622.68
15691,6274,11,2,4853.64,0.0,9707.28
15692,6275,45,3,50632.32,0.0,151896.96
15693,6275,10,1,5058.33,0.1,4552.5
15694,6275,41,1,1458.5,0.0,1458.5
15695,6276,41,2,1458.5,0.2,2333.6
15696,6276,9,1,4533.34,0.0,4533.34
15697,6277,17,1,425.94,0.0,425.94
15698,6277,30,3,448.49,0.0,1345.47
15699,6277,24,1,291.78,0.05,277.19
15700,6278,28,1,2077.38,0.0,2077.38
15701,6278,8,2,7478.19,0.2,11965.1
15702,6278,51,1,29838.95,0.1,26855.06
15703,6278,25,2,1719.78,0.05,3267.58
15704,6279,4,1,4078.93,0.1,3671.04
15705,6280,17,3,425.94,0.1,1150.04
15706,6280,44,2,1675.89,0.0,3351.78
15707,6281,19,3,301.26,0.0,903.78
15708,6281,21,2,395.89,0.2,633.42
15709,6282,22,2,256.1,0.2,409.76
15710,6282,5,2,7323.99,0.0,14647.98
15711,6282,27,2,1246.0,0.0,2492.0
15712,6282,34,2,3937.59,0.05,7481.42
15713,6283,41,3,1458.5,0.2,3500.4
15714,6283,19,2,301.26,0.0,602.52
15715,6283,23,1,381.96,0.0,381.96
15716,6284,47,3,32443.0,0.0,97329.0
15717,6284,45,2,50632.32,0.05,96201.41
15718,6285,39,3,22252.18,0.1,60080.89
15719,6285,30,2,448.49,0.0,896.98
15720,6286,26,2,1412.65,0.1,2542.77
15721,6286,16,3,1147.33,0.05,3269.89
15722,6286,4,1,4078.93,0.2,3263.14
15723,6287,27,1,1246.0,0.0,1246.0
15724,6288,4,3,4078.93,0.0,12236.79
15725,6288,7,1,11903.44,0.0,11903.44
15726,6288,40,3,16569.14,0.2,39765.94
15727,6289,7,2,11903.44,0.05,22616.54
15728,6289,30,3,448.49,0.1,1210.92
15729,6289,6,3,8439.67,0.1,22787.11
15730,6290,15,2,1717.5,0.0,3435.0
15731,6290,7,3,11903.44,0.1,32139.29
15732,6290,3,3,4598.39,0.1,12415.65
15733,6291,30,3,448.49,0.1,1210.92
15734,6291,22,1,256.1,0.05,243.3
15735,6291,52,1,35725.17,0.0,35725.17
15736,6291,6,1,8439.67,0.0,8439.67
15737,6292,6,1,8439.67,0.1,7595.7
15738,6293,2,1,3911.93,0.0,3911.93
15739,6293,41,2,1458.5,0.0,2917.0
15740,6293,43,3,1480.37,0.2,3552.89
15741,6294,6,1,8439.67,0.05,8017.69
15742,6294,23,3,381.96,0.1,1031.29
15743,6295,8,2,7478.19,0.05,14208.56
15744,6295,18,2,316.88,0.05,602.07
15745,6295,22,3,256.1,0.0,768.3
15746,6295,42,2,1783.38,0.05,3388.42
15747,6296,14,2,1335.52,0.05,2537.49
15748,6296,50,2,32122.03,0.0,64244.06
15749,6296,22,2,256.1,0.0,512.2
15750,6297,14,1,1335.52,0.05,1268.74
15751,6297,21,3,395.89,0.05,1128.29
15752,6297,26,1,1412.65,0.1,1271.39
15753,6298,28,2,2077.38,0.1,3739.28
15754,6298,51,3,29838.95,0.0,89516.85
15755,6299,50,3,32122.03,0.0,96366.09
15756,6299,27,2,1246.0,0.0,2492.0
15757,6299,26,2,1412.65,0.0,2825.3
15758,6299,14,2,1335.52,0.1,2403.94
15759,6300,21,1,395.89,0.0,395.89
15760,6301,40,3,16569.14,0.0,49707.42
15761,6301,33,1,3763.53,0.05,3575.35
15762,6301,7,1,11903.44,0.05,11308.27
15763,6301,18,3,316.88,0.2,760.51
15764,6302,27,1,1246.0,0.05,1183.7
15765,6302,20,1,337.55,0.2,270.04
15766,6302,6,3,8439.67,0.1,22787.11
15767,6303,15,3,1717.5,0.05,4894.88
15768,6303,23,1,381.96,0.0,381.96
15769,6304,17,1,425.94,0.0,425.94
15770,6304,49,1,24383.87,0.05,23164.68
15771,6304,26,2,1412.65,0.0,2825.3
15772,6305,3,2,4598.39,0.0,9196.78
15773,6305,31,1,440.79,0.0,440.79
15774,6305,13,2,1356.94,0.05,2578.19
15775,6305,35,2,3039.94,0.0,6079.88
15776,6306,36,2,2924.06,0.0,5848.12
15777,6306,26,2,1412.65,0.05,2684.04
15778,6307,3,1,4598.39,0.1,4138.55
15779,6307,31,1,440.79,0.0,440.79
15780,6308,39,2,22252.18,0.1,40053.92
15781,6309,32,1,403.22,0.0,403.22
15782,6310,21,2,395.89,0.05,752.19
15783,6311,8,1,7478.19,0.1,6730.37
15784,6311,15,1,1717.5,0.0,1717.5
15785,6312,39,3,22252.18,0.1,60080.89
15786,6312,27,2,1246.0,0.0,2492.0
15787,6312,41,2,1458.5,0.0,2917.0
15788,6312,36,2,2924.06,0.0,5848.12
15789,6313,48,1,48857.09,0.1,43971.38
15790,6313,15,2,1717.5,0.0,3435.0
15791,6313,33,3,3763.53,0.1,10161.53
15792,6313,21,1,395.89,0.05,376.1
15793,6314,4,1,4078.93,0.0,4078.93
15794,6314,32,1,403.22,0.2,322.58
15795,6314,8,3,7478.19,0.0,22434.57
15796,6315,12,2,5553.73,0.2,8885.97
15797,6316,21,1,395.89,0.2,316.71
15798,6316,27,3,1246.0,0.1,3364.2
15799,6316,46,3,44103.32,0.0,132309.96
15800,6317,49,2,24383.87,0.0,48767.74
15801,6318,22,3,256.1,0.0,768.3
15802,6318,4,1,4078.93,0.1,3671.04
15803,6319,52,2,35725.17,0.1,64305.31
15804,6319,38,2,21688.29,0.0,43376.58
15805,6319,44,1,1675.89,0.0,1675.89
15806,6320,13,3,1356.94,0.05,3867.28
15807,6320,49,1,24383.87,0.0,24383.87
15808,6321,31,1,440.79,0.0,440.79
15809,6321,1,1,4311.34,0.1,3880.21
15810,6322,22,3,256.1,0.05,729.88
15811,6322,16,2,1147.33,0.05,2179.93
15812,6323,32,1,403.22,0.1,362.9
15813,6324,40,2,16569.14,0.0,33138.28
15814,6324,6,2,8439.67,0.1,15191.41
15815,6325,35,2,3039.94,0.0,6079.88
15816,6325,9,2,4533.34,0.05,8613.35
15817,6325,5,1,7323.99,0.0,7323.99
15818,6325,51,2,29838.95,0.0,59677.9
15819,6326,29,2,438.5,0.1,789.3
15820,6326,44,2,1675.89,0.0,3351.78
15821,6327,3,1,4598.39,0.2,3678.71
15822,6328,20,3,337.55,0.0,1012.65
15823,6329,22,1,256.1,0.1,230.49
15824,6329,46,1,44103.32,0.0,44103.32
15825,6329,30,2,448.49,0.05,852.13
15826,6330,12,2,5553.73,0.1,9996.71
15827,6330,4,3,4078.93,0.0,12236.79
15828,6330,32,2,403.22,0.1,725.8
15829,6330,4,3,4078.93,0.05,11624.95
15830,6331,5,2,7323.99,0.0,14647.98
15831,6331,17,1,425.94,0.0,425.94
15832,6332,4,1,4078.93,0.0,4078.93
15833,6332,37,2,20338.2,0.0,40676.4
15834,6332,5,3,7323.99,0.0,21971.97
15835,6333,24,1,291.78,0.0,291.78
15836,6333,49,1,24383.87,0.0,24383.87
15837,6333,46,1,44103.32,0.1,39692.99
15838,6334,3,2,4598.39,0.05,8736.94
15839,6335,52,3,35725.17,0.0,107175.51
15840,6335,17,3,425.94,0.0,1277.82
15841,6335,34,1,3937.59,0.0,3937.59
15842,6335,11,3,4853.64,0.1,13104.83
15843,6336,18,1,316.88,0.1,285.19
15844,6336,24,1,291.78,0.0,291.78
15845,6336,10,2,5058.33,0.05,9610.83
15846,6336,17,1,425.94,0.05,404.64
15847,6337,13,1,1356.94,0.0,1356.94
15848,6337,6,2,8439.67,0.1,15191.41
15849,6337,12,1,5553.73,0.0,5553.73
15850,6337,51,3,29838.95,0.0,89516.85
15851,6338,4,2,4078.93,0.05,7749.97
15852,6338,31,1,440.79,0.1,396.71
15853,6338,32,2,403.22,0.0,806.44
15854,6339,13,2,1356.94,0.1,2442.49
15855,6340,50,3,32122.03,0.2,77092.87
15856,6340,16,2,1147.33,0.0,2294.66
15857,6340,24,1,291.78,0.0,291.78
15858,6341,34,2,3937.59,0.0,7875.18
15859,6341,37,2,20338.2,0.05,38642.58
15860,6341,13,2,1356.94,0.1,2442.49
15861,6342,43,2,1480.37,0.05,2812.7
15862,6342,3,2,4598.39,0.2,7357.42
15863,6342,29,2,438.5,0.1,789.3
15864,6343,35,3,3039.94,0.0,9119.82
15865,6344,26,3,1412.65,0.0,4237.95
15866,6345,12,1,5553.73,0.1,4998.36
15867,6345,16,1,1147.33,0.05,1089.96
15868,6345,32,3,403.22,0.0,1209.66
15869,6346,7,1,11903.44,0.0,11903.44
15870,6346,44,1,1675.89,0.0,1675.89
15871,6346,38,2,21688.29,0.0,43376.58
15872,6346,19,1,301.26,0.0,301.26
15873,6347,13,2,1356.94,0.0,2713.88
15874,6347,44,1,1675.89,0.0,1675.89
15875,6347,17,1,425.94,0.0,425.94
15876,6347,26,3,1412.65,0.0,4237.95
15877,6348,4,2,4078.93,0.0,8157.86
15878,6349,31,3,440.79,0.0,1322.37
15879,6349,42,1,1783.38,0.0,1783.38
15880,6350,7,3,11903.44,0.05,33924.8
15881,6350,22,2,256.1,0.1,460.98
15882,6350,36,3,2924.06,0.1,7894.96
15883,6351,28,2,2077.38,0.05,3947.02
15884,6351,49,1,24383.87,0.0,24383.87
15885,6351,47,3,32443.0,0.0,97329.0
15886,6351,11,1,4853.64,0.0,4853.64
15887,6352,48,1,48857.09,0.0,48857.09
15888,6352,25,2,1719.78,0.1,3095.6
15889,6353,18,3,316.88,0.1,855.58
15890,6353,15,1,1717.5,0.0,1717.5
15891,6353,47,1,32443.0,0.2,25954.4
15892,6353,40,1,16569.14,0.0,16569.14
15893,6354,37,1,20338.2,0.1,18304.38
15894,6354,32,2,403.22,0.1,725.8
15895,6354,16,1,1147.33,0.05,1089.96
15896,6354,4,3,4078.93,0.0,12236.79
15897,6355,15,2,1717.5,0.0,3435.0
15898,6355,49,2,24383.87,0.0,48767.74
15899,6355,39,2,22252.18,0.0,44504.36
15900,6356,12,3,5553.73,0.0,16661.19
15901,6356,11,1,4853.64,0.0,4853.64
15902,6357,52,2,35725.17,0.0,71450.34
15903,6357,38,1,21688.29,0.0,21688.29
15904,6357,7,2,11903.44,0.1,21426.19
15905,6357,8,3,7478.19,0.0,22434.57
15906,6358,46,2,44103.32,0.1,79385.98
15907,6358,13,1,1356.94,0.0,1356.94
15908,6358,13,3,1356.94,0.05,3867.28
15909,6359,23,3,381.96,0.0,1145.88
15910,6359,3,1,4598.39,0.0,4598.39
15911,6359,7,2,11903.44,0.05,22616.54
15912,6359,8,1,7478.19,0.05,7104.28
15913,6360,10,3,5058.33,0.1,13657.49
15914,6360,26,1,1412.65,0.0,1412.65
15915,6360,22,2,256.1,0.0,512.2
15916,6361,2,1,3911.93,0.0,3911.93
15917,6362,39,1,22252.18,0.0,22252.18
15918,6363,5,2,7323.99,0.05,13915.58
15919,6363,48,3,48857.09,0.05,139242.71
15920,6363,6,3,8439.67,0.1,22787.11
15921,6364,36,2,2924.06,0.0,5848.12
15922,6364,12,3,5553.73,0.0,16661.19
15923,6364,22,2,256.1,0.0,512.2
15924,6364,11,2,4853.64,0.0,9707.28
15925,6365,23,3,381.96,0.0,1145.88
15926,6366,10,2,5058.33,0.0,10116.66
15927,6366,33,1,3763.53,0.0,3763.53
15928,6367,17,2,425.94,0.0,851.88
15929,6367,36,3,2924.06,0.0,8772.18
15930,6368,16,3,1147.33,0.1,3097.79
15931,6369,30,3,448.49,0.0,1345.47
15932,6369,43,3,1480.37,0.0,4441.11
15933,6370,40,2,16569.14,0.0,33138.28
15934,6371,33,1,3763.53,0.1,3387.18
15935,6372,36,1,2924.06,0.0,2924.06
15936,6372,7,3,11903.44,0.0,35710.32
15937,6373,6,1,8439.67,0.05,8017.69
15938,6374,1,3,4311.34,0.0,12934.02
15939,6374,31,1,440.79,0.2,352.63
15940,6375,51,1,29838.95,0.05,28347.0
15941,6375,39,2,22252.18,0.0,44504.36
15942,6375,36,2,2924.06,0.1,5263.31
15943,6376,46,1,44103.32,0.1,39692.99
15944,6376,50,2,32122.03,0.0,64244.06
15945,6376,44,1,1675.89,0.1,1508.3
15946,6376,40,2,16569.14,0.0,33138.28
15947,6377,16,1,1147.33,0.0,1147.33
15948,6377,48,1,48857.09,0.0,48857.09
15949,6377,28,2,2077.38,0.1,3739.28
15950,6377,21,3,395.89,0.05,1128.29
15951,6378,4,1,4078.93,0.0,4078.93
15952,6378,50,3,32122.03,0.1,86729.48
15953,6378,46,1,44103.32,0.0,44103.32
15954,6379,37,2,20338.2,0.1,36608.76
15955,6379,47,3,32443.0,0.05,92462.55
15956,6380,27,3,1246.0,0.1,3364.2
15957,6380,21,1,395.89,0.1,356.3
15958,6380,26,3,1412.65,0.1,3814.16
15959,6380,14,1,1335.52,0.0,1335.52
15960,6381,27,1,1246.0,0.05,1183.7
15961,6381,19,1,301.26,0.0,301.26
15962,6381,35,2,3039.94,0.0,6079.88
15963,6381,38,3,21688.29,0.0,65064.87
15964,6382,43,3,1480.37,0.05,4219.05
15965,6382,34,1,3937.59,0.0,3937.59
15966,6383,51,2,29838.95,0.0,59677.9
15967,6383,8,1,7478.19,0.05,7104.28
15968,6383,10,3,5058.33,0.0,15174.99
15969,6384,6,3,8439.67,0.0,25319.01
15970,6384,36,1,2924.06,0.0,2924.06
15971,6384,49,1,24383.87,0.0,24383.87
15972,6384,36,3,2924.06,0.0,8772.18
15973,6385,42,2,1783.38,0.0,3566.76
15974,6385,3,1,4598.39,0.05,4368.47
15975,6385,21,1,395.89,0.05,376.1
15976,6385,22,1,256.1,0.0,256.1
15977,6386,27,2,1246.0,0.1,2242.8
15978,6386,39,2,22252.18,0.0,44504.36
15979,6387,8,2,7478.19,0.05,14208.56
15980,6387,24,1,291.78,0.1,262.6
15981,6387,51,3,29838.95,0.0,89516.85
15982,6387,32,3,403.22,0.0,1209.66
15983,6388,8,2,7478.19,0.1,13460.74
15984,6389,25,2,1719.78,0.05,3267.58
15985,6389,41,1,1458.5,0.1,1312.65
15986,6390,22,3,256.1,0.1,691.47
15987,6390,34,3,3937.59,0.0,11812.77
15988,6390,37,2,20338.2,0.0,40676.4
15989,6391,52,3,35725.17,0.1,96457.96
15990,6391,19,3,301.26,0.05,858.59
15991,6391,32,1,403.22,0.2,322.58
15992,6392,9,3,4533.34,0.05,12920.02
15993,6392,32,3,403.22,0.05,1149.18
15994,6393,49,2,24383.87,0.0,48767.74
15995,6393,25,2,1719.78,0.1,3095.6
15996,6393,6,1,8439.67,0.1,7595.7
15997,6394,44,2,1675.89,0.1,3016.6
15998,6394,51,3,29838.95,0.1,80565.17
15999,6394,33,1,3763.53,0.1,3387.18
16000,6395,49,3,24383.87,0.0,73151.61
16001,6395,29,1,438.5,0.0,438.5
16002,6395,11,2,4853.64,0.2,7765.82
16003,6396,33,2,3763.53,0.0,7527.06
16004,6396,35,1,3039.94,0.1,2735.95
16005,6397,37,2,20338.2,0.0,40676.4
16006,6397,39,3,22252.18,0.1,60080.89
16007,6398,19,3,301.26,0.0,903.78
16008,6398,16,1,1147.33,0.1,1032.6
16009,6398,30,1,448.49,0.1,403.64
16010,6398,10,3,5058.33,0.1,13657.49
16011,6399,4,3,4078.93,0.05,11624.95
16012,6400,13,2,1356.94,0.05,2578.19
16013,6400,36,3,2924.06,0.2,7017.74
16014,6400,28,3,2077.38,0.1,5608.93
16015,6400,27,1,1246.0,0.0,1246.0
16016,6401,12,3,5553.73,0.05,15828.13
16017,6401,16,3,1147.33,0.0,3441.99
16018,6401,18,3,316.88,0.1,855.58
16019,6401,18,2,316.88,0.0,633.76
16020,6402,25,3,1719.78,0.1,4643.41
16021,6402,35,3,3039.94,0.0,9119.82
16022,6402,48,1,48857.09,0.05,46414.24
16023,6403,39,3,22252.18,0.05,63418.71
16024,6404,14,1,1335.52,0.0,1335.52
16025,6405,3,2,4598.39,0.05,8736.94
16026,6405,24,2,291.78,0.05,554.38
16027,6406,39,1,22252.18,0.0,22252.18
16028,6406,11,3,4853.64,0.0,14560.92
16029,6407,36,2,2924.06,0.0,5848.12
16030,6407,14,3,1335.52,0.1,3605.9
16031,6407,51,2,29838.95,0.0,59677.9
16032,6407,2,3,3911.93,0.0,11735.79
16033,6408,10,2,5058.33,0.0,10116.66
16034,6408,31,2,440.79,0.0,881.58
16035,6408,45,3,50632.32,0.05,144302.11
16036,6409,11,3,4853.64,0.0,14560.92
16037,6409,27,3,1246.0,0.0,3738.0
16038,6410,35,3,3039.94,0.05,8663.83
16039,6410,17,2,425.94,0.1,766.69
16040,6410,13,3,1356.94,0.0,4070.82
16041,6410,42,1,1783.38,0.1,1605.04
16042,6411,24,3,291.78,0.05,831.57
16043,6412,10,1,5058.33,0.1,4552.5
16044,6412,23,2,381.96,0.0,763.92
16045,6412,7,2,11903.44,0.0,23806.88
16046,6412,39,2,22252.18,0.0,44504.36
16047,6413,11,3,4853.64,0.0,14560.92
16048,6413,12,2,5553.73,0.0,11107.46
16049,6414,28,3,2077.38,0.05,5920.53
16050,6414,36,3,2924.06,0.0,8772.18
16051,6415,41,2,1458.5,0.0,2917.0
16052,6415,51,2,29838.95,0.0,59677.9
16053,6416,10,1,5058.33,0.0,5058.33
16054,6416,46,3,44103.32,0.1,119078.96
16055,6416,22,1,256.1,0.0,256.1
16056,6417,19,3,301.26,0.0,903.78
16057,6417,25,1,1719.78,0.0,1719.78
16058,6418,6,3,8439.67,0.0,25319.01
16059,6418,23,2,381.96,0.05,725.72
16060,6419,19,1,301.26,0.1,271.13
16061,6420,13,2,1356.94,0.0,2713.88
16062,6420,29,3,438.5,0.1,1183.95
16063,6420,2,2,3911.93,0.05,7432.67
16064,6421,9,2,4533.34,0.1,8160.01
16065,6421,34,1,3937.59,0.05,3740.71
16066,6421,21,1,395.89,0.1,356.3
16067,6421,33,3,3763.53,0.0,11290.59
16068,6422,21,1,395.89,0.1,356.3
16069,6422,7,1,11903.44,0.1,10713.1
16070,6422,11,1,4853.64,0.0,4853.64
16071,6422,34,3,3937.59,0.05,11222.13
16072,6423,35,3,3039.94,0.2,7295.86
16073,6423,36,1,2924.06,0.0,2924.06
16074,6423,34,1,3937.59,0.0,3937.59
16075,6423,6,3,8439.67,0.0,25319.01
16076,6424,4,2,4078.93,0.05,7749.97
16077,6424,38,3,21688.29,0.05,61811.63
16078,6424,37,1,20338.2,0.1,18304.38
16079,6424,4,1,4078.93,0.0,4078.93
16080,6425,3,2,4598.39,0.0,9196.78
16081,6425,12,1,5553.73,0.1,4998.36
16082,6425,41,2,1458.5,0.0,2917.0
16083,6425,38,3,21688.29,0.2,52051.9
16084,6426,44,2,1675.89,0.1,3016.6
16085,6426,49,2,24383.87,0.0,48767.74
16086,6427,5,1,7323.99,0.0,7323.99
16087,6427,33,1,3763.53,0.0,3763.53
16088,6427,51,2,29838.95,0.0,59677.9
16089,6428,5,2,7323.99,0.1,13183.18
16090,6429,6,1,8439.67,0.0,8439.67
16091,6429,4,3,4078.93,0.0,12236.79
16092,6430,47,3,32443.0,0.05,92462.55
16093,6430,40,1,16569.14,0.0,16569.14
16094,6431,8,3,7478.19,0.0,22434.57
16095,6431,45,3,50632.32,0.0,151896.96
16096,6432,21,1,395.89,0.2,316.71
16097,6432,5,2,7323.99,0.0,14647.98
16098,6432,25,2,1719.78,0.05,3267.58
16099,6432,43,2,1480.37,0.0,2960.74
16100,6433,19,3,301.26,0.0,903.78
16101,6433,1,3,4311.34,0.0,12934.02
16102,6433,4,3,4078.93,0.1,11013.11
16103,6434,15,3,1717.5,0.0,5152.5
16104,6435,12,3,5553.73,0.1,14995.07
16105,6435,27,2,1246.0,0.0,2492.0
16106,6435,35,2,3039.94,0.2,4863.9
16107,6435,39,1,22252.18,0.05,21139.57
16108,6436,10,1,5058.33,0.05,4805.41
16109,6436,34,3,3937.59,0.0,11812.77
16110,6436,19,3,301.26,0.05,858.59
16111,6437,35,3,3039.94,0.0,9119.82
16112,6437,15,3,1717.5,0.2,4122.0
16113,6438,28,1,2077.38,0.05,1973.51
16114,6438,39,1,22252.18,0.0,22252.18
16115,6439,14,2,1335.52,0.05,2537.49
16116,6439,50,3,32122.03,0.2,77092.87
16117,6440,30,3,448.49,0.0,1345.47
16118,6440,1,2,4311.34,0.1,7760.41
16119,6440,44,2,1675.89,0.0,3351.78
16120,6441,29,2,438.5,0.0,877.0
16121,6442,51,1,29838.95,0.05,28347.0
16122,6442,20,2,337.55,0.05,641.34
16123,6443,4,3,4078.93,0.05,11624.95
16124,6443,46,1,44103.32,0.0,44103.32
16125,6443,26,3,1412.65,0.0,4237.95
16126,6444,45,3,50632.32,0.1,136707.26
16127,6444,51,2,29838.95,0.2,47742.32
16128,6445,39,2,22252.18,0.1,40053.92
16129,6445,43,1,1480.37,0.0,1480.37
16130,6445,24,3,291.78,0.0,875.34
16131,6446,50,1,32122.03,0.0,32122.03
16132,6446,5,1,7323.99,0.0,7323.99
16133,6446,29,3,438.5,0.05,1249.72
16134,6446,30,3,448.49,0.0,1345.47
16135,6447,7,1,11903.44,0.0,11903.44
16136,6447,44,1,1675.89,0.0,1675.89
16137,6448,20,1,337.55,0.0,337.55
16138,6448,50,3,32122.03,0.0,96366.09
16139,6448,36,2,2924.06,0.0,5848.12
16140,6448,43,3,1480.37,0.0,4441.11
16141,6449,8,1,7478.19,0.0,7478.19
16142,6449,17,2,425.94,0.0,851.88
16143,6449,5,3,7323.99,0.05,20873.37
16144,6450,17,1,425.94,0.1,383.35
16145,6450,44,1,1675.89,0.0,1675.89
16146,6450,44,2,1675.89,0.1,3016.6
16147,6450,9,1,4533.34,0.1,4080.01
16148,6451,36,3,2924.06,0.0,8772.18
16149,6451,19,3,301.26,0.0,903.78
16150,6452,12,2,5553.73,0.1,9996.71
16151,6452,30,1,448.49,0.0,448.49
16152,6452,40,3,16569.14,0.05,47222.05
16153,6452,22,1,256.1,0.05,243.3
16154,6453,29,3,438.5,0.1,1183.95
16155,6453,1,1,4311.34,0.05,4095.77
16156,6453,14,1,1335.52,0.05,1268.74
16157,6453,48,2,48857.09,0.0,97714.18
16158,6454,14,1,1335.52,0.0,1335.52
16159,6454,45,1,50632.32,0.2,40505.86
16160,6455,31,1,440.79,0.0,440.79
16161,6455,28,1,2077.38,0.05,1973.51
16162,6455,21,2,395.89,0.2,633.42
16163,6456,45,3,50632.32,0.0,151896.96
16164,6456,5,2,7323.99,0.1,13183.18
16165,6456,4,3,4078.93,0.0,12236.79
16166,6457,35,2,3039.94,0.0,6079.88
16167,6457,11,3,4853.64,0.0,14560.92
16168,6457,8,3,7478.19,0.0,22434.57
16169,6458,2,2,3911.93,0.1,7041.47
16170,6459,50,2,32122.03,0.05,61031.86
16171,6459,33,3,3763.53,0.0,11290.59
16172,6459,2,2,3911.93,0.0,7823.86
16173,6459,29,3,438.5,0.0,1315.5
16174,6460,3,3,4598.39,0.0,13795.17
16175,6460,39,1,22252.18,0.0,22252.18
16176,6460,24,1,291.78,0.0,291.78
16177,6461,25,2,1719.78,0.2,2751.65
16178,6462,20,2,337.55,0.0,675.1
16179,6462,19,1,301.26,0.0,301.26
16180,6462,19,1,301.26,0.1,271.13
16181,6462,39,1,22252.18,0.05,21139.57
16182,6463,6,1,8439.67,0.0,8439.67
16183,6463,33,1,3763.53,0.0,3763.53
16184,6463,46,2,44103.32,0.0,88206.64
16185,6464,6,2,8439.67,0.0,16879.34
16186,6464,33,1,3763.53,0.0,3763.53
16187,6464,47,3,32443.0,0.0,97329.0
16188,6464,17,1,425.94,0.05,404.64
16189,6465,27,3,1246.0,0.0,3738.0
16190,6465,37,1,20338.2,0.05,19321.29
16191,6466,36,2,2924.06,0.1,5263.31
16192,6466,18,1,316.88,0.0,316.88
16193,6466,40,1,16569.14,0.0,16569.14
16194,6467,5,3,7323.99,0.0,21971.97
16195,6467,42,2,1783.38,0.0,3566.76
16196,6467,52,1,35725.17,0.0,35725.17
16197,6467,46,1,44103.32,0.0,44103.32
16198,6468,45,3,50632.32,0.0,151896.96
16199,6468,40,2,16569.14,0.2,26510.62
16200,6469,31,1,440.79,0.0,440.79
16201,6470,37,2,20338.2,0.05,38642.58
16202,6470,50,3,32122.03,0.05,91547.79
16203,6470,4,2,4078.93,0.0,8157.86
16204,6470,8,2,7478.19,0.0,14956.38
16205,6471,37,1,20338.2,0.0,20338.2
16206,6471,39,3,22252.18,0.1,60080.89
16207,6472,23,1,381.96,0.0,381.96
16208,6472,34,2,3937.59,0.05,7481.42
16209,6472,18,3,316.88,0.0,950.64
16210,6473,14,1,1335.52,0.1,1201.97
16211,6474,25,3,1719.78,0.1,4643.41
16212,6474,49,3,24383.87,0.0,73151.61
16213,6475,40,3,16569.14,0.1,44736.68
16214,6475,17,1,425.94,0.05,404.64
16215,6475,49,3,24383.87,0.2,58521.29
16216,6476,36,2,2924.06,0.05,5555.71
16217,6476,46,3,44103.32,0.1,119078.96
16218,6476,3,3,4598.39,0.0,13795.17
16219,6476,32,2,403.22,0.0,806.44
16220,6477,2,2,3911.93,0.0,7823.86
16221,6478,14,1,1335.52,0.0,1335.52
16222,6478,35,2,3039.94,0.1,5471.89
16223,6478,13,3,1356.94,0.05,3867.28
16224,6479,37,1,20338.2,0.0,20338.2
16225,6479,28,1,2077.38,0.0,2077.38
16226,6479,1,1,4311.34,0.0,4311.34
16227,6480,2,2,3911.93,0.0,7823.86
16228,6480,36,1,2924.06,0.1,2631.65
16229,6480,11,1,4853.64,0.0,4853.64
16230,6480,31,1,440.79,0.05,418.75
16231,6481,34,1,3937.59,0.05,3740.71
16232,6481,27,3,1246.0,0.0,3738.0
16233,6481,6,1,8439.67,0.05,8017.69
16234,6482,49,1,24383.87,0.0,24383.87
16235,6482,39,1,22252.18,0.1,20026.96
16236,6482,38,2,21688.29,0.0,43376.58
16237,6483,36,2,2924.06,0.2,4678.5
16238,6483,6,1,8439.67,0.0,8439.67
16239,6484,39,1,22252.18,0.05,21139.57
16240,6485,36,2,2924.06,0.0,5848.12
16241,6486,45,2,50632.32,0.0,101264.64
16242,6486,27,3,1246.0,0.0,3738.0
16243,6486,52,3,35725.17,0.0,107175.51
16244,6487,30,1,448.49,0.0,448.49
16245,6487,3,2,4598.39,0.1,8277.1
16246,6487,44,3,1675.89,0.05,4776.29
16247,6488,43,2,1480.37,0.1,2664.67
16248,6489,19,1,301.26,0.1,271.13
16249,6489,30,1,448.49,0.0,448.49
16250,6489,50,3,32122.03,0.0,96366.09
16251,6489,50,3,32122.03,0.05,91547.79
16252,6490,31,3,440.79,0.0,1322.37
16253,6490,8,3,7478.19,0.2,17947.66
16254,6490,48,2,48857.09,0.0,97714.18
16255,6490,1,2,4311.34,0.0,8622.68
16256,6491,51,2,29838.95,0.2,47742.32
16257,6491,21,3,395.89,0.05,1128.29
16258,6491,47,1,32443.0,0.1,29198.7
16259,6491,25,3,1719.78,0.05,4901.37
16260,6492,12,3,5553.73,0.0,16661.19
16261,6492,51,2,29838.95,0.0,59677.9
16262,6492,42,1,1783.38,0.0,1783.38
16263,6492,26,3,1412.65,0.0,4237.95
16264,6493,38,1,21688.29,0.0,21688.29
16265,6494,13,1,1356.94,0.0,1356.94
16266,6494,32,1,403.22,0.0,403.22
16267,6494,52,2,35725.17,0.0,71450.34
16268,6494,10,1,5058.33,0.05,4805.41
16269,6495,43,3,1480.37,0.0,4441.11
16270,6496,47,3,32443.0,0.0,97329.0
16271,6496,37,1,20338.2,0.0,20338.2
16272,6496,9,1,4533.34,0.0,4533.34
16273,6497,21,1,395.89,0.05,376.1
16274,6497,24,1,291.78,0.05,277.19
16275,6497,10,1,5058.33,0.05,4805.41
16276,6498,26,1,1412.65,0.0,1412.65
16277,6498,30,2,448.49,0.1,807.28
16278,6498,31,1,440.79,0.2,352.63
16279,6498,31,3,440.79,0.0,1322.37
16280,6499,3,3,4598.39,0.2,11036.14
16281,6499,33,2,3763.53,0.0,7527.06
16282,6499,2,3,3911.93,0.05,11149.0
16283,6499,33,2,3763.53,0.1,6774.35
16284,6500,21,1,395.89,0.0,395.89
16285,6500,30,3,448.49,0.0,1345.47
16286,6500,47,1,32443.0,0.0,32443.0
16287,6500,49,1,24383.87,0.05,23164.68
16288,6501,33,2,3763.53,0.05,7150.71
16289,6501,45,1,50632.32,0.0,50632.32
16290,6501,22,2,256.1,0.0,512.2
16291,6502,25,3,1719.78,0.0,5159.34
16292,6502,29,2,438.5,0.1,789.3
16293,6503,45,1,50632.32,0.05,48100.7
16294,6503,15,3,1717.5,0.0,5152.5
16295,6503,49,2,24383.87,0.0,48767.74
16296,6504,35,1,3039.94,0.05,2887.94
16297,6504,50,1,32122.03,0.05,30515.93
16298,6504,44,3,1675.89,0.0,5027.67
16299,6505,47,1,32443.0,0.0,32443.0
16300,6505,5,2,7323.99,0.1,13183.18
16301,6505,6,2,8439.67,0.0,16879.34
16302,6506,6,2,8439.67,0.0,16879.34
16303,6506,8,2,7478.19,0.2,11965.1
16304,6506,9,2,4533.34,0.05,8613.35
16305,6506,28,2,2077.38,0.05,3947.02
16306,6507,17,2,425.94,0.0,851.88
16307,6508,50,1,32122.03,0.0,32122.03
16308,6508,46,1,44103.32,0.0,44103.32
16309,6509,2,2,3911.93,0.0,7823.86
16310,6509,40,3,16569.14,0.05,47222.05
16311,6510,7,2,11903.44,0.0,23806.88
16312,6510,49,1,24383.87,0.05,23164.68
16313,6511,17,1,425.94,0.05,404.64
16314,6511,22,3,256.1,0.05,729.88
16315,6512,51,1,29838.95,0.05,28347.0
16316,6512,45,1,50632.32,0.05,48100.7
16317,6512,5,3,7323.99,0.1,19774.77
16318,6512,20,1,337.55,0.1,303.8
16319,6513,20,3,337.55,0.1,911.39
16320,6513,51,3,29838.95,0.0,89516.85
16321,6513,33,3,3763.53,0.05,10726.06
16322,6513,10,1,5058.33,0.0,5058.33
16323,6514,20,1,337.55,0.0,337.55
16324,6514,40,2,16569.14,0.0,33138.28
16325,6514,30,2,448.49,0.05,852.13
16326,6515,46,1,44103.32,0.0,44103.32
16327,6515,39,1,22252.18,0.2,17801.74
16328,6515,20,3,337.55,0.2,810.12
16329,6516,12,1,5553.73,0.0,5553.73
16330,6516,14,2,1335.52,0.0,2671.04
16331,6516,14,3,1335.52,0.0,4006.56
16332,6516,50,3,32122.03,0.0,96366.09
16333,6517,30,3,448.49,0.0,1345.47
16334,6517,3,1,4598.39,0.05,4368.47
16335,6518,31,1,440.79,0.05,418.75
16336,6519,4,3,4078.93,0.0,12236.79
16337,6519,35,1,3039.94,0.0,3039.94
16338,6520,12,2,5553.73,0.05,10552.09
16339,6520,42,3,1783.38,0.05,5082.63
16340,6520,21,2,395.89,0.1,712.6
16341,6521,28,1,2077.38,0.0,2077.38
16342,6521,42,3,1783.38,0.2,4280.11
16343,6521,10,1,5058.33,0.1,4552.5
16344,6522,6,1,8439.67,0.1,7595.7
16345,6522,45,2,50632.32,0.0,101264.64
16346,6522,50,1,32122.03,0.0,32122.03
16347,6523,33,1,3763.53,0.1,3387.18
16348,6523,15,1,1717.5,0.0,1717.5
16349,6523,9,2,4533.34,0.0,9066.68
16350,6524,13,2,1356.94,0.1,2442.49
16351,6525,15,3,1717.5,0.0,5152.5
16352,6525,12,2,5553.73,0.05,10552.09
16353,6525,18,2,316.88,0.1,570.38
16354,6525,37,3,20338.2,0.0,61014.6
16355,6526,35,3,3039.94,0.1,8207.84
16356,6526,4,2,4078.93,0.0,8157.86
16357,6526,10,2,5058.33,0.0,10116.66
16358,6527,8,2,7478.19,0.1,13460.74
16359,6527,6,2,8439.67,0.1,15191.41
16360,6527,50,1,32122.03,0.0,32122.03
16361,6528,41,3,1458.5,0.1,3937.95
16362,6528,13,2,1356.94,0.0,2713.88
16363,6528,48,3,48857.09,0.0,146571.27
16364,6529,30,3,448.49,0.05,1278.2
16365,6530,44,2,1675.89,0.05,3184.19
16366,6530,44,2,1675.89,0.0,3351.78
16367,6530,44,3,1675.89,0.0,5027.67
16368,6531,2,3,3911.93,0.05,11149.0
16369,6531,5,1,7323.99,0.2,5859.19
16370,6532,13,3,1356.94,0.0,4070.82
16371,6533,30,1,448.49,0.0,448.49
16372,6534,28,1,2077.38,0.1,1869.64
16373,6534,16,2,1147.33,0.0,2294.66
16374,6534,7,1,11903.44,0.0,11903.44
16375,6535,16,2,1147.33,0.0,2294.66
16376,6535,33,2,3763.53,0.05,7150.71
16377,6535,45,1,50632.32,0.0,50632.32
16378,6535,39,3,22252.18,0.1,60080.89
16379,6536,13,1,1356.94,0.05,1289.09
16380,6536,35,3,3039.94,0.05,8663.83
16381,6536,36,1,2924.06,0.05,2777.86
16382,6537,45,3,50632.32,0.0,151896.96
16383,6537,4,1,4078.93,0.05,3874.98
16384,6537,49,1,24383.87,0.05,23164.68
16385,6538,37,3,20338.2,0.05,57963.87
16386,6538,2,3,3911.93,0.05,11149.0
16387,6539,40,1,16569.14,0.0,16569.14
16388,6539,17,2,425.94,0.05,809.29
16389,6539,20,1,337.55,0.0,337.55
16390,6540,43,2,1480.37,0.05,2812.7
16391,6540,44,2,1675.89,0.2,2681.42
16392,6540,41,3,1458.5,0.0,4375.5
16393,6540,34,2,3937.59,0.0,7875.18
16394,6541,20,3,337.55,0.0,1012.65
16395,6541,24,1,291.78,0.2,233.42
16396,6541,12,3,5553.73,0.2,13328.95
16397,6541,13,3,1356.94,0.0,4070.82
16398,6542,33,3,3763.53,0.1,10161.53
16399,6542,29,2,438.5,0.0,877.0
16400,6542,19,2,301.26,0.0,602.52
16401,6542,50,2,32122.03,0.05,61031.86
16402,6543,24,3,291.78,0.05,831.57
16403,6544,26,3,1412.65,0.0,4237.95
16404,6544,50,2,32122.03,0.05,61031.86
16405,6544,7,3,11903.44,0.1,32139.29
16406,6545,19,3,301.26,0.1,813.4
16407,6546,34,2,3937.59,0.0,7875.18
16408,6547,37,1,20338.2,0.05,19321.29
16409,6547,22,3,256.1,0.05,729.88
16410,6547,13,3,1356.94,0.05,3867.28
16411,6547,45,3,50632.32,0.1,136707.26
16412,6548,50,3,32122.03,0.0,96366.09
16413,6548,10,3,5058.33,0.05,14416.24
16414,6549,24,1,291.78,0.0,291.78
16415,6550,28,1,2077.38,0.0,2077.38
16416,6550,19,1,301.26,0.05,286.2
16417,6550,10,2,5058.33,0.0,10116.66
16418,6550,19,2,301.26,0.0,602.52
16419,6551,47,1,32443.0,0.0,32443.0
16420,6551,11,3,4853.64,0.0,14560.92
16421,6551,48,2,48857.09,0.2,78171.34
16422,6551,23,1,381.96,0.0,381.96
16423,6552,16,1,1147.33,0.0,1147.33
16424,6553,38,3,21688.29,0.0,65064.87
16425,6553,21,2,395.89,0.2,633.42
16426,6553,47,2,32443.0,0.0,64886.0
16427,6554,35,2,3039.94,0.0,6079.88
16428,6554,25,3,1719.78,0.1,4643.41
16429,6554,13,1,1356.94,0.2,1085.55
16430,6554,50,3,32122.03,0.2,77092.87
16431,6555,29,1,438.5,0.1,394.65
16432,6556,38,2,21688.29,0.05,41207.75
16433,6556,9,1,4533.34,0.2,3626.67
16434,6557,28,1,2077.38,0.0,2077.38
16435,6557,43,1,1480.37,0.05,1406.35
16436,6558,24,2,291.78,0.0,583.56
16437,6558,35,2,3039.94,0.1,5471.89
16438,6558,14,2,1335.52,0.1,2403.94
16439,6558,43,2,1480.37,0.05,2812.7
16440,6559,19,2,301.26,0.2,482.02
16441,6559,31,3,440.79,0.0,1322.37
16442,6560,14,1,1335.52,0.0,1335.52
16443,6560,37,1,20338.2,0.1,18304.38
16444,6560,7,2,11903.44,0.05,22616.54
16445,6560,37,2,20338.2,0.05,38642.58
16446,6561,50,1,32122.03,0.0,32122.03
16447,6562,46,3,44103.32,0.2,105847.97
16448,6562,19,2,301.26,0.05,572.39
16449,6563,23,2,381.96,0.0,763.92
16450,6563,1,3,4311.34,0.05,12287.32
16451,6563,8,3,7478.19,0.0,22434.57
16452,6564,22,2,256.1,0.0,512.2
16453,6564,19,3,301.26,0.2,723.02
16454,6564,16,1,1147.33,0.0,1147.33
16455,6564,27,3,1246.0,0.05,3551.1
16456,6565,15,2,1717.5,0.0,3435.0
16457,6565,44,2,1675.89,0.0,3351.78
16458,6565,6,2,8439.67,0.0,16879.34
16459,6566,8,3,7478.19,0.1,20191.11
16460,6566,32,2,403.22,0.0,806.44
16461,6566,7,1,11903.44,0.1,10713.1
16462,6566,32,3,403.22,0.2,967.73
16463,6567,34,3,3937.59,0.0,11812.77
16464,6567,21,3,395.89,0.1,1068.9
16465,6568,13,1,1356.94,0.0,1356.94
16466,6568,1,1,4311.34,0.05,4095.77
16467,6569,39,2,22252.18,0.0,44504.36
16468,6570,6,3,8439.67,0.1,22787.11
16469,6570,45,2,50632.32,0.0,101264.64
16470,6570,25,1,1719.78,0.0,1719.78
16471,6571,35,1,3039.94,0.0,3039.94
16472,6571,49,1,24383.87,0.0,24383.87
16473,6572,12,3,5553.73,0.0,16661.19
16474,6572,38,3,21688.29,0.05,61811.63
16475,6572,8,2,7478.19,0.0,14956.38
16476,6572,24,2,291.78,0.05,554.38
16477,6573,6,3,8439.67,0.05,24053.06
16478,6573,27,2,1246.0,0.0,2492.0
16479,6574,11,3,4853.64,0.05,13832.87
16480,6574,10,3,5058.33,0.2,12139.99
16481,6575,36,1,2924.06,0.0,2924.06
16482,6575,12,1,5553.73,0.0,5553.73
16483,6576,12,3,5553.73,0.1,14995.07
16484,6577,37,1,20338.2,0.05,19321.29
16485,6577,50,2,32122.03,0.0,64244.06
16486,6577,29,2,438.5,0.0,877.0
16487,6577,24,2,291.78,0.0,583.56
16488,6578,22,2,256.1,0.0,512.2
16489,6578,50,1,32122.03,0.0,32122.03
16490,6578,31,3,440.79,0.0,1322.37
16491,6578,13,2,1356.94,0.0,2713.88
16492,6579,19,2,301.26,0.0,602.52
16493,6579,52,2,35725.17,0.2,57160.27
16494,6580,29,1,438.5,0.1,394.65
16495,6581,2,1,3911.93,0.05,3716.33
16496,6581,23,2,381.96,0.0,763.92
16497,6581,25,3,1719.78,0.1,4643.41
16498,6581,32,2,403.22,0.2,645.15
16499,6582,2,2,3911.93,0.0,7823.86
16500,6582,44,2,1675.89,0.1,3016.6
16501,6582,26,1,1412.65,0.0,1412.65
16502,6582,35,2,3039.94,0.0,6079.88
16503,6583,17,3,425.94,0.0,1277.82
16504,6584,28,2,2077.38,0.0,4154.76
16505,6584,45,2,50632.32,0.0,101264.64
16506,6584,46,3,44103.32,0.0,132309.96
16507,6585,3,1,4598.39,0.0,4598.39
16508,6585,44,3,1675.89,0.0,5027.67
16509,6585,4,3,4078.93,0.1,11013.11
16510,6585,31,1,440.79,0.0,440.79
16511,6586,52,2,35725.17,0.0,71450.34
16512,6586,24,3,291.78,0.0,875.34
16513,6587,42,3,1783.38,0.05,5082.63
16514,6587,29,2,438.5,0.1,789.3
16515,6587,2,2,3911.93,0.0,7823.86
16516,6587,25,1,1719.78,0.2,1375.82
16517,6588,40,3,16569.14,0.0,49707.42
16518,6589,3,2,4598.39,0.05,8736.94
16519,6589,12,2,5553.73,0.0,11107.46
16520,6590,16,3,1147.33,0.0,3441.99
16521,6591,49,2,24383.87,0.0,48767.74
16522,6591,43,1,1480.37,0.0,1480.37
16523,6592,6,2,8439.67,0.0,16879.34
16524,6592,1,1,4311.34,0.05,4095.77
16525,6592,7,2,11903.44,0.2,19045.5
16526,6593,30,2,448.49,0.0,896.98
16527,6594,38,3,21688.29,0.0,65064.87
16528,6594,36,2,2924.06,0.0,5848.12
16529,6594,17,2,425.94,0.0,851.88
16530,6594,47,3,32443.0,0.05,92462.55
16531,6595,5,2,7323.99,0.0,14647.98
16532,6595,1,2,4311.34,0.0,8622.68
16533,6596,47,2,32443.0,0.0,64886.0
16534,6596,5,1,7323.99,0.05,6957.79
16535,6596,50,1,32122.03,0.0,32122.03
16536,6596,23,1,381.96,0.1,343.76
16537,6597,31,1,440.79,0.0,440.79
16538,6597,32,1,403.22,0.0,403.22
16539,6597,23,1,381.96,0.0,381.96
16540,6598,23,2,381.96,0.0,763.92
16541,6598,2,1,3911.93,0.0,3911.93
16542,6598,28,3,2077.38,0.0,6232.14
16543,6598,45,3,50632.32,0.0,151896.96
16544,6599,35,3,3039.94,0.0,9119.82
16545,6599,22,1,256.1,0.0,256.1
16546,6600,43,2,1480.37,0.2,2368.59
16547,6601,12,3,5553.73,0.2,13328.95
16548,6601,21,3,395.89,0.0,1187.67
16549,6601,32,1,403.22,0.0,403.22
16550,6602,31,2,440.79,0.0,881.58
16551,6602,4,1,4078.93,0.0,4078.93
16552,6602,24,1,291.78,0.0,291.78
16553,6603,28,1,2077.38,0.05,1973.51
16554,6603,30,2,448.49,0.0,896.98
16555,6603,19,2,301.26,0.0,602.52
16556,6603,47,2,32443.0,0.05,61641.7
16557,6604,28,1,2077.38,0.0,2077.38
16558,6604,42,3,1783.38,0.0,5350.14
16559,6605,5,1,7323.99,0.1,6591.59
16560,6605,51,1,29838.95,0.1,26855.06
16561,6605,29,3,438.5,0.0,1315.5
16562,6606,47,2,32443.0,0.1,58397.4
16563,6607,37,3,20338.2,0.05,57963.87
16564,6607,5,2,7323.99,0.05,13915.58
16565,6607,6,2,8439.67,0.2,13503.47
16566,6608,32,2,403.22,0.05,766.12
16567,6608,41,2,1458.5,0.05,2771.15
16568,6608,25,3,1719.78,0.0,5159.34
16569,6609,42,2,1783.38,0.1,3210.08
16570,6609,8,2,7478.19,0.05,14208.56
16571,6609,46,3,44103.32,0.0,132309.96
16572,6610,13,2,1356.94,0.0,2713.88
16573,6610,23,1,381.96,0.1,343.76
16574,6610,48,3,48857.09,0.0,146571.27
16575,6610,33,3,3763.53,0.1,10161.53
16576,6611,32,1,403.22,0.05,383.06
16577,6611,27,3,1246.0,0.0,3738.0
16578,6612,32,1,403.22,0.1,362.9
16579,6613,52,3,35725.17,0.0,107175.51
16580,6613,24,1,291.78,0.0,291.78
16581,6614,12,3,5553.73,0.05,15828.13
16582,6615,34,1,3937.59,0.2,3150.07
16583,6615,12,2,5553.73,0.0,11107.46
16584,6615,49,2,24383.87,0.0,48767.74
16585,6616,14,1,1335.52,0.0,1335.52
16586,6616,42,1,1783.38,0.0,1783.38
16587,6616,27,2,1246.0,0.0,2492.0
16588,6617,30,3,448.49,0.0,1345.47
16589,6618,28,3,2077.38,0.1,5608.93
16590,6618,17,3,425.94,0.0,1277.82
16591,6619,26,3,1412.65,0.0,4237.95
16592,6619,20,1,337.55,0.0,337.55
16593,6620,34,2,3937.59,0.2,6300.14
16594,6620,23,3,381.96,0.05,1088.59
16595,6620,25,2,1719.78,0.0,3439.56
16596,6621,46,3,44103.32,0.0,132309.96
16597,6621,13,3,1356.94,0.0,4070.82
16598,6622,29,1,438.5,0.0,438.5
16599,6622,37,3,20338.2,0.0,61014.6
16600,6623,10,2,5058.33,0.05,9610.83
16601,6623,3,3,4598.39,0.0,13795.17
16602,6624,11,2,4853.64,0.1,8736.55
16603,6624,23,1,381.96,0.0,381.96
16604,6624,45,1,50632.32,0.0,50632.32
16605,6624,15,1,1717.5,0.0,1717.5
16606,6625,23,1,381.96,0.0,381.96
16607,6625,31,2,440.79,0.0,881.58
16608,6625,51,1,29838.95,0.1,26855.06
16609,6626,27,2,1246.0,0.0,2492.0
16610,6627,6,3,8439.67,0.0,25319.01
16611,6627,2,1,3911.93,0.0,3911.93
16612,6628,25,1,1719.78,0.05,1633.79
16613,6628,25,2,1719.78,0.0,3439.56
16614,6629,31,2,440.79,0.05,837.5
16615,6629,6,1,8439.67,0.1,7595.7
16616,6630,29,2,438.5,0.2,701.6
16617,6630,21,3,395.89,0.0,1187.67
16618,6630,15,1,1717.5,0.1,1545.75
16619,6631,8,2,7478.19,0.0,14956.38
16620,6631,8,2,7478.19,0.0,14956.38
16621,6632,13,3,1356.94,0.0,4070.82
16622,6632,11,2,4853.64,0.2,7765.82
16623,6632,15,1,1717.5,0.1,1545.75
16624,6632,19,1,301.26,0.0,301.26
16625,6633,38,3,21688.29,0.05,61811.63
16626,6634,10,3,5058.33,0.1,13657.49
16627,6634,1,3,4311.34,0.0,12934.02
16628,6635,13,3,1356.94,0.0,4070.82
16629,6636,3,2,4598.39,0.0,9196.78
16630,6637,51,2,29838.95,0.05,56694.0
16631,6637,16,2,1147.33,0.05,2179.93
16632,6637,42,3,1783.38,0.0,5350.14
16633,6637,38,3,21688.29,0.2,52051.9
16634,6638,48,3,48857.09,0.05,139242.71
16635,6639,14,1,1335.52,0.0,1335.52
16636,6639,27,2,1246.0,0.0,2492.0
16637,6639,24,2,291.78,0.1,525.2
16638,6639,43,3,1480.37,0.05,4219.05
16639,6640,15,3,1717.5,0.0,5152.5
16640,6640,52,2,35725.17,0.0,71450.34
16641,6640,41,3,1458.5,0.0,4375.5
16642,6640,2,3,3911.93,0.0,11735.79
16643,6641,38,2,21688.29,0.0,43376.58
16644,6641,6,1,8439.67,0.1,7595.7
16645,6642,28,3,2077.38,0.0,6232.14
16646,6642,27,3,1246.0,0.1,3364.2
16647,6642,43,3,1480.37,0.0,4441.11
16648,6643,2,1,3911.93,0.1,3520.74
16649,6643,5,2,7323.99,0.05,13915.58
16650,6643,46,3,44103.32,0.2,105847.97
16651,6644,42,2,1783.38,0.0,3566.76
16652,6644,19,1,301.26,0.05,286.2
16653,6644,20,2,337.55,0.0,675.1
16654,6645,52,2,35725.17,0.2,57160.27
16655,6646,13,3,1356.94,0.1,3663.74
16656,6646,48,1,48857.09,0.0,48857.09
16657,6646,12,1,5553.73,0.05,5276.04
16658,6647,41,1,1458.5,0.0,1458.5
16659,6647,52,2,35725.17,0.0,71450.34
16660,6648,14,1,1335.52,0.2,1068.42
16661,6648,6,3,8439.67,0.05,24053.06
16662,6648,8,2,7478.19,0.0,14956.38
16663,6649,14,2,1335.52,0.05,2537.49
16664,6650,51,2,29838.95,0.0,59677.9
16665,6650,33,3,3763.53,0.0,11290.59
16666,6651,35,1,3039.94,0.1,2735.95
16667,6651,1,2,4311.34,0.0,8622.68
16668,6651,47,3,32443.0,0.0,97329.0
16669,6651,17,3,425.94,0.05,1213.93
16670,6652,14,1,1335.52,0.05,1268.74
16671,6652,21,2,395.89,0.1,712.6
16672,6652,37,3,20338.2,0.0,61014.6
16673,6653,37,3,20338.2,0.0,61014.6
16674,6653,35,1,3039.94,0.1,2735.95
16675,6653,3,1,4598.39,0.0,4598.39
16676,6654,15,3,1717.5,0.0,5152.5
16677,6655,16,3,1147.33,0.1,3097.79
16678,6655,23,1,381.96,0.0,381.96
16679,6655,42,1,1783.38,0.1,1605.04
16680,6656,50,2,32122.03,0.0,64244.06
16681,6657,28,2,2077.38,0.1,3739.28
16682,6658,25,3,1719.78,0.0,5159.34
16683,6658,30,2,448.49,0.2,717.58
16684,6658,9,2,4533.34,0.05,8613.35
16685,6659,46,1,44103.32,0.05,41898.15
16686,6660,2,3,3911.93,0.0,11735.79
16687,6661,39,1,22252.18,0.05,21139.57
16688,6661,29,2,438.5,0.0,877.0
16689,6661,31,2,440.79,0.0,881.58
16690,6661,34,3,3937.59,0.0,11812.77
16691,6662,34,3,3937.59,0.05,11222.13
16692,6662,42,1,1783.38,0.05,1694.21
16693,6662,12,3,5553.73,0.0,16661.19
16694,6662,27,3,1246.0,0.0,3738.0
16695,6663,16,1,1147.33,0.0,1147.33
16696,6664,11,1,4853.64,0.2,3882.91
16697,6665,45,1,50632.32,0.0,50632.32
16698,6666,6,3,8439.67,0.0,25319.01
16699,6666,45,1,50632.32,0.0,50632.32
16700,6666,14,2,1335.52,0.1,2403.94
16701,6666,27,3,1246.0,0.2,2990.4
16702,6667,21,2,395.89,0.2,633.42
16703,6668,20,3,337.55,0.2,810.12
16704,6669,5,3,7323.99,0.1,19774.77
16705,6669,47,2,32443.0,0.0,64886.0
16706,6669,32,1,403.22,0.0,403.22
16707,6669,24,2,291.78,0.0,583.56
16708,6670,7,1,11903.44,0.0,11903.44
16709,6670,19,1,301.26,0.0,301.26
16710,6670,21,1,395.89,0.0,395.89
16711,6671,6,3,8439.67,0.0,25319.01
16712,6671,50,2,32122.03,0.0,64244.06
16713,6672,9,1,4533.34,0.0,4533.34
16714,6672,24,1,291.78,0.2,233.42
16715,6672,23,2,381.96,0.1,687.53
16716,6672,39,1,22252.18,0.0,22252.18
16717,6673,26,2,1412.65,0.0,2825.3
16718,6673,48,1,48857.09,0.2,39085.67
16719,6674,42,1,1783.38,0.0,1783.38
16720,6674,26,3,1412.65,0.1,3814.16
16721,6675,47,2,32443.0,0.05,61641.7
16722,6675,41,2,1458.5,0.05,2771.15
16723,6676,45,1,50632.32,0.0,50632.32
16724,6677,8,1,7478.19,0.0,7478.19
16725,6678,14,3,1335.52,0.0,4006.56
16726,6678,7,3,11903.44,0.05,33924.8
16727,6678,46,2,44103.32,0.0,88206.64
16728,6678,1,1,4311.34,0.0,4311.34
16729,6679,28,3,2077.38,0.05,5920.53
16730,6679,1,3,4311.34,0.1,11640.62
16731,6679,11,2,4853.64,0.05,9221.92
16732,6680,13,3,1356.94,0.05,3867.28
16733,6680,21,3,395.89,0.0,1187.67
16734,6680,34,1,3937.59,0.2,3150.07
16735,6681,4,3,4078.93,0.0,12236.79
16736,6681,35,1,3039.94,0.0,3039.94
16737,6681,8,1,7478.19,0.05,7104.28
16738,6681,40,1,16569.14,0.0,16569.14
16739,6682,34,2,3937.59,0.0,7875.18
16740,6682,43,1,1480.37,0.0,1480.37
16741,6682,52,2,35725.17,0.05,67877.82
16742,6683,2,2,3911.93,0.1,7041.47
16743,6683,4,1,4078.93,0.0,4078.93
16744,6684,36,3,2924.06,0.05,8333.57
16745,6685,38,1,21688.29,0.0,21688.29
16746,6685,17,3,425.94,0.1,1150.04
16747,6685,11,3,4853.64,0.05,13832.87
16748,6685,48,1,48857.09,0.05,46414.24
16749,6686,21,3,395.89,0.2,950.14
16750,6686,39,3,22252.18,0.0,66756.54
16751,6686,31,3,440.79,0.0,1322.37
16752,6687,35,3,3039.94,0.0,9119.82
16753,6688,20,1,337.55,0.1,303.8
16754,6688,34,1,3937.59,0.0,3937.59
16755,6689,21,1,395.89,0.2,316.71
16756,6690,37,2,20338.2,0.0,40676.4
16757,6690,14,3,1335.52,0.0,4006.56
16758,6690,26,3,1412.65,0.05,4026.05
16759,6691,6,1,8439.67,0.0,8439.67
16760,6691,47,2,32443.0,0.0,64886.0
16761,6691,17,2,425.94,0.0,851.88
16762,6692,23,1,381.96,0.0,381.96
16763,6692,1,2,4311.34,0.05,8191.55
16764,6693,34,1,3937.59,0.0,3937.59
16765,6694,42,2,1783.38,0.0,3566.76
16766,6694,47,3,32443.0,0.0,97329.0
16767,6694,15,3,1717.5,0.2,4122.0
16768,6695,29,1,438.5,0.1,394.65
16769,6695,9,2,4533.34,0.0,9066.68
16770,6695,6,2,8439.67,0.05,16035.37
16771,6696,11,2,4853.64,0.1,8736.55
16772,6696,17,1,425.94,0.0,425.94
16773,6696,48,2,48857.09,0.1,87942.76
16774,6696,31,1,440.79,0.1,396.71
16775,6697,7,1,11903.44,0.0,11903.44
16776,6697,31,1,440.79,0.0,440.79
16777,6697,35,2,3039.94,0.05,5775.89
16778,6697,5,3,7323.99,0.0,21971.97
16779,6698,14,1,1335.52,0.05,1268.74
16780,6698,14,3,1335.52,0.05,3806.23
16781,6699,34,2,3937.59,0.05,7481.42
16782,6699,12,3,5553.73,0.1,14995.07
16783,6699,38,3,21688.29,0.0,65064.87
16784,6700,25,2,1719.78,0.0,3439.56
16785,6700,43,3,1480.37,0.05,4219.05
16786,6700,8,1,7478.19,0.0,7478.19
16787,6701,14,3,1335.52,0.0,4006.56
16788,6701,25,1,1719.78,0.05,1633.79
16789,6701,23,1,381.96,0.0,381.96
16790,6702,37,2,20338.2,0.05,38642.58
16791,6702,15,3,1717.5,0.0,5152.5
16792,6702,20,1,337.55,0.0,337.55
16793,6703,5,3,7323.99,0.0,21971.97
16794,6704,35,1,3039.94,0.0,3039.94
16795,6704,41,3,1458.5,0.05,4156.72
16796,6704,8,2,7478.19,0.0,14956.38
16797,6705,33,1,3763.53,0.0,3763.53
16798,6705,44,1,1675.89,0.0,1675.89
16799,6705,3,3,4598.39,0.05,13105.41
16800,6705,28,1,2077.38,0.05,1973.51
16801,6706,13,1,1356.94,0.05,1289.09
16802,6706,46,3,44103.32,0.0,132309.96
16803,6706,23,2,381.96,0.0,763.92
16804,6707,29,3,438.5,0.1,1183.95
16805,6707,43,1,1480.37,0.0,1480.37
16806,6708,24,2,291.78,0.1,525.2
16807,6708,14,1,1335.52,0.0,1335.52
16808,6708,24,1,291.78,0.1,262.6
16809,6708,40,3,16569.14,0.0,49707.42
16810,6709,35,1,3039.94,0.05,2887.94
16811,6710,18,2,316.88,0.05,602.07
16812,6711,15,2,1717.5,0.1,3091.5
16813,6711,22,1,256.1,0.0,256.1
16814,6712,44,2,1675.89,0.0,3351.78
16815,6712,22,1,256.1,0.0,256.1
16816,6712,30,1,448.49,0.1,403.64
16817,6712,18,1,316.88,0.0,316.88
16818,6713,22,1,256.1,0.05,243.3
16819,6714,50,1,32122.03,0.0,32122.03
16820,6715,26,3,1412.65,0.2,3390.36
16821,6716,1,1,4311.34,0.0,4311.34
16822,6716,13,3,1356.94,0.0,4070.82
16823,6716,23,3,381.96,0.05,1088.59
16824,6716,31,2,440.79,0.05,837.5
16825,6717,2,1,3911.93,0.05,3716.33
16826,6717,7,1,11903.44,0.0,11903.44
16827,6718,1,1,4311.34,0.0,4311.34
16828,6718,33,3,3763.53,0.0,11290.59
16829,6718,2,1,3911.93,0.0,3911.93
16830,6719,20,3,337.55,0.1,911.39
16831,6719,24,2,291.78,0.0,583.56
16832,6719,22,2,256.1,0.1,460.98
16833,6719,3,1,4598.39,0.0,4598.39
16834,6720,41,2,1458.5,0.05,2771.15
16835,6720,48,3,48857.09,0.05,139242.71
16836,6720,41,2,1458.5,0.2,2333.6
16837,6721,25,1,1719.78,0.0,1719.78
16838,6721,37,2,20338.2,0.0,40676.4
16839,6722,25,3,1719.78,0.0,5159.34
16840,6722,48,2,48857.09,0.0,97714.18
16841,6722,20,2,337.55,0.1,607.59
16842,6722,1,3,4311.34,0.0,12934.02
16843,6723,43,2,1480.37,0.0,2960.74
16844,6724,45,2,50632.32,0.0,101264.64
16845,6724,7,2,11903.44,0.05,22616.54
16846,6724,11,3,4853.64,0.05,13832.87
16847,6725,49,1,24383.87,0.0,24383.87
16848,6725,39,3,22252.18,0.0,66756.54
16849,6725,9,2,4533.34,0.0,9066.68
16850,6726,4,2,4078.93,0.05,7749.97
16851,6726,19,1,301.26,0.0,301.26
16852,6726,20,2,337.55,0.0,675.1
16853,6726,18,1,316.88,0.0,316.88
16854,6727,35,2,3039.94,0.1,5471.89
16855,6728,40,2,16569.14,0.0,33138.28
16856,6728,22,1,256.1,0.0,256.1
16857,6728,21,2,395.89,0.0,791.78
16858,6729,22,2,256.1,0.0,512.2
16859,6729,2,3,3911.93,0.0,11735.79
16860,6730,5,2,7323.99,0.05,13915.58
16861,6730,26,2,1412.65,0.05,2684.04
16862,6730,23,2,381.96,0.05,725.72
16863,6731,40,2,16569.14,0.0,33138.28
16864,6731,1,2,4311.34,0.1,7760.41
16865,6732,51,1,29838.95,0.05,28347.0
16866,6732,14,2,1335.52,0.0,2671.04
16867,6733,18,3,316.88,0.0,950.64
16868,6733,17,3,425.94,0.1,1150.04
16869,6734,13,2,1356.94,0.0,2713.88
16870,6734,7,2,11903.44,0.2,19045.5
16871,6734,37,1,20338.2,0.0,20338.2
16872,6734,26,2,1412.65,0.0,2825.3
16873,6735,38,2,21688.29,0.2,34701.26
16874,6735,19,2,301.26,0.0,602.52
16875,6735,34,2,3937.59,0.0,7875.18
16876,6735,36,1,2924.06,0.05,2777.86
